{
"type": "FeatureCollection",
"name": "PMD-WFS",
"crs": { "type": "name", "properties": { "name": "urn:ogc:def:crs:OGC:1.3:CRS84" } },
"features": [
{ "type": "Feature", "properties": { "cd_identificador_concessao": 1, "cd_identificador_equipamento": 28, "nm_equipamento": "Cemitério São Paulo", "nm_parceria": "Cemitérios - Bloco 2", "tx_modalidade_concessao": "Concessão", "qt_prazo_concessao": 25, "nm_concessionaria": "SPE CONSÓRCIO CORTEL SP S/A", "tx_cnpj_concessionaria": "47.701.152/0001-85", "tx_poder_concedente": "São Paulo Regula", "an_assinatura": 2022, "qt_area_metro": 104764.86, "tx_numero_contrato": "CONTRATO DE CONCESSÃO Nº 54/SFMSP/2022", "qt_investimento_real": 6253000.0, "tx_link_contrato": "https://www.prefeitura.sp.gov.br/cidade/secretarias/governo/desestatizacao_projetos/cemiterios_publicos/index.php?p=336623", "dt_atualizacao": "2024-05-28", "cd_usuario_atualizacao": null }, "geometry": { "type": "MultiPolygon", "coordinates": [ [ [ [ -46.687292423031508, -23.558483503713411 ], [ -46.687277466105719, -23.558447545514646 ], [ -46.686544641241603, -23.558002003887946 ], [ -46.686267277849126, -23.557837142331802 ], [ -46.685923478578907, -23.557624508863551 ], [ -46.685422461543979, -23.55731984618793 ], [ -46.685347477102759, -23.55743850640004 ], [ -46.685144014861919, -23.557326223454591 ], [ -46.685243445557767, -23.557208458510495 ], [ -46.685130317407115, -23.557140242958052 ], [ -46.684667608475628, -23.556858911715306 ], [ -46.684158976106133, -23.55654809638396 ], [ -46.683563760414728, -23.556184035976564 ], [ -46.683522518524633, -23.556191526072997 ], [ -46.683235237931441, -23.556600902882217 ], [ -46.682989687454963, -23.556956639926831 ], [ -46.682731810567716, -23.557329125517963 ], [ -46.682523307964196, -23.557632808473461 ], [ -46.682349495225608, -23.557883740935218 ], [ -46.68237021320013, -23.557964517172163 ], [ -46.682775520715296, -23.558207556669238 ], [ -46.683280479942745, -23.55851426222987 ], [ -46.683687471888717, -23.558758545156547 ], [ -46.683867394663537, -23.558871141835372 ], [ -46.683955792295805, -23.558756751018095 ], [ -46.684125749312251, -23.558844601374172 ], [ -46.684077114101903, -23.558890501563699 ], [ -46.684204987680886, -23.558954538254774 ], [ -46.684243335804467, -23.558909804671021 ], [ -46.684401181757828, -23.558990399564212 ], [ -46.684289544020558, -23.559122453105957 ], [ -46.684702654161065, -23.559369091766207 ], [ -46.685140946167884, -23.559632355907215 ], [ -46.685574389885304, -23.559891698030469 ], [ -46.686028853129571, -23.560170677182111 ], [ -46.68604522033398, -23.560178987993126 ], [ -46.686065738101945, -23.56018246781408 ], [ -46.686079822601535, -23.56018077993021 ], [ -46.686088265458899, -23.560174547866673 ], [ -46.686158097666699, -23.56007749941093 ], [ -46.686227088557118, -23.559981621328433 ], [ -46.686261613792588, -23.559933639963678 ], [ -46.687292423031508, -23.558483503713411 ] ] ] ] } },
{ "type": "Feature", "properties": { "cd_identificador_concessao": 2, "cd_identificador_equipamento": 30, "nm_equipamento": "Cemitério da Consolção", "nm_parceria": "Cemitérios - Bloco 1", "tx_modalidade_concessao": "Concessão", "qt_prazo_concessao": 25, "nm_concessionaria": "CONCESSIONÁRIA DE CEMITÉRIOS E SERVIÇOS FUNERÁRIOS SPE S/A", "tx_cnpj_concessionaria": "47.863.166/0001-03", "tx_poder_concedente": "São Paulo Regula", "an_assinatura": 2022, "qt_area_metro": 69704.94, "tx_numero_contrato": "CONTRATO DE CONCESSÃO Nº 53/SFMSP/2022", "qt_investimento_real": 6492000.0, "tx_link_contrato": "https://www.prefeitura.sp.gov.br/cidade/secretarias/governo/desestatizacao_projetos/cemiterios_publicos/index.php?p=336623", "dt_atualizacao": "2024-05-28", "cd_usuario_atualizacao": null }, "geometry": { "type": "MultiPolygon", "coordinates": [ [ [ [ -46.659498843419442, -23.550901270665527 ], [ -46.658763523618028, -23.550504110263681 ], [ -46.657448316593317, -23.549785510923154 ], [ -46.657007142003287, -23.549551182051434 ], [ -46.655833221126265, -23.548912515389681 ], [ -46.655768064318977, -23.5488797069371 ], [ -46.655761411306827, -23.548880319586701 ], [ -46.6557557444631, -23.548881463550817 ], [ -46.655749916806023, -23.548885408601855 ], [ -46.655667894246299, -23.549023180344033 ], [ -46.655514151170628, -23.549261500436824 ], [ -46.656287439312102, -23.549652695795011 ], [ -46.65601389432382, -23.550079429457487 ], [ -46.655847366925407, -23.550341635868612 ], [ -46.655087653628968, -23.549929450819725 ], [ -46.655031877344555, -23.550015149966775 ], [ -46.654886824004997, -23.550250938177673 ], [ -46.654900491959886, -23.550278605873203 ], [ -46.656561848844476, -23.551160689718849 ], [ -46.656658472315016, -23.551210055402606 ], [ -46.656728976691674, -23.551186306559309 ], [ -46.657593244582607, -23.551627140576763 ], [ -46.657610974978503, -23.551696690531585 ], [ -46.65861206543304, -23.552215393119607 ], [ -46.659063910972982, -23.551621149959484 ], [ -46.659336352515524, -23.551261143510001 ], [ -46.659514168282101, -23.551029607265534 ], [ -46.659526925549699, -23.551008069480211 ], [ -46.659534693300635, -23.55097141415942 ], [ -46.659533992024237, -23.55094676912114 ], [ -46.659527827239337, -23.550931664128658 ], [ -46.659520440260849, -23.550920635781761 ], [ -46.659511404184087, -23.55091088926546 ], [ -46.659498843419442, -23.550901270665527 ] ] ] ] } },
{ "type": "Feature", "properties": { "cd_identificador_concessao": 3, "cd_identificador_equipamento": 29, "nm_equipamento": "Cemitério do Araçá", "nm_parceria": "Cemitérios - Bloco 2", "tx_modalidade_concessao": "Concessão", "qt_prazo_concessao": 25, "nm_concessionaria": "SPE CONSÓRCIO CORTEL SP S/A", "tx_cnpj_concessionaria": "47.701.152/0001-85", "tx_poder_concedente": "São Paulo Regula", "an_assinatura": 2022, "qt_area_metro": 222160.66, "tx_numero_contrato": "CONTRATO DE CONCESSÃO Nº 54/SFMSP/2022", "qt_investimento_real": 11641000.0, "tx_link_contrato": "https://www.prefeitura.sp.gov.br/cidade/secretarias/governo/desestatizacao_projetos/cemiterios_publicos/index.php?p=336623", "dt_atualizacao": "2024-05-28", "cd_usuario_atualizacao": null }, "geometry": { "type": "MultiPolygon", "coordinates": [ [ [ [ -46.67539030016821, -23.551306721661472 ], [ -46.674570763073717, -23.549585820841713 ], [ -46.674360202671473, -23.549673603910566 ], [ -46.673983351172261, -23.549825665723152 ], [ -46.673676477613597, -23.549950063573402 ], [ -46.673332188357556, -23.550090124472334 ], [ -46.672950106253445, -23.550247026163238 ], [ -46.672025570292966, -23.550621066912175 ], [ -46.671626589475572, -23.55078193986003 ], [ -46.671378136861115, -23.550886741933212 ], [ -46.671504746477389, -23.551138948796918 ], [ -46.670939769930683, -23.55137240100543 ], [ -46.670056736043314, -23.551938959882001 ], [ -46.669767140993891, -23.552123799847699 ], [ -46.669551357251308, -23.552261527332149 ], [ -46.668804912533069, -23.552250576663745 ], [ -46.66876616019168, -23.55225352100992 ], [ -46.66870854895533, -23.552275631147488 ], [ -46.668405629679768, -23.552403769286865 ], [ -46.668062880062855, -23.552542628571672 ], [ -46.667656471963618, -23.552705738698588 ], [ -46.667337115922997, -23.552835586256833 ], [ -46.666816325612757, -23.553049137147823 ], [ -46.666798242446234, -23.553060329778607 ], [ -46.666786695228993, -23.55306837485271 ], [ -46.666773146941907, -23.553084041195138 ], [ -46.666766888818614, -23.553096091357361 ], [ -46.666763765496391, -23.553102105540678 ], [ -46.66676007493502, -23.553115024879464 ], [ -46.666758540927077, -23.553128301273006 ], [ -46.666758595760442, -23.553134978520347 ], [ -46.66675919881191, -23.553141630024715 ], [ -46.666760523334318, -23.553148168142027 ], [ -46.666846741687088, -23.553331840222469 ], [ -46.667002399530283, -23.553660280467128 ], [ -46.667015452693825, -23.553686738981973 ], [ -46.667115535216055, -23.553893541183513 ], [ -46.667537073094429, -23.554772686451123 ], [ -46.667596542823716, -23.55489284740742 ], [ -46.667726688528312, -23.555155815063198 ], [ -46.667829295866191, -23.555113434699567 ], [ -46.668316925315295, -23.554913129296043 ], [ -46.668696711551668, -23.554759062213982 ], [ -46.669003495401952, -23.554634042391569 ], [ -46.669319414439954, -23.554503325190936 ], [ -46.669623288454858, -23.554380683285508 ], [ -46.670031022050999, -23.554213761001588 ], [ -46.670383506028891, -23.554069916418104 ], [ -46.670896315853774, -23.553862130256398 ], [ -46.671180972307873, -23.553746013074203 ], [ -46.671522662148739, -23.553608603157837 ], [ -46.671841949064294, -23.553473510343377 ], [ -46.672043305114428, -23.553385377839792 ], [ -46.672747822757557, -23.55310933293141 ], [ -46.673635384358974, -23.55274597966476 ], [ -46.674586457797233, -23.552355117932986 ], [ -46.674780986156712, -23.552276909292168 ], [ -46.674478514875702, -23.551648190558225 ], [ -46.67539030016821, -23.551306721661472 ] ] ] ] } },
{ "type": "Feature", "properties": { "cd_identificador_concessao": 4, "cd_identificador_equipamento": 27, "nm_equipamento": "Parque do Ibirapuera", "nm_parceria": "1º Lote de Parques", "tx_modalidade_concessao": "Concessão", "qt_prazo_concessao": 35, "nm_concessionaria": "URBIA GESTÃO DE PARQUES SPE S.A.", "tx_cnpj_concessionaria": "35.814.889/0001-25", "tx_poder_concedente": "Secretaria municipal do Verde e Meio Ambiente", "an_assinatura": 2019, "qt_area_metro": 1122644.73, "tx_numero_contrato": "CONTRATO DE CONCESSÃO N.º 057/SVMA/2019", "qt_investimento_real": 91900000.0, "tx_link_contrato": "https://www.prefeitura.sp.gov.br/cidade/secretarias/governo/desestatizacao_projetos/parques/lote_1/index.php?p=341629", "dt_atualizacao": "2024-05-28", "cd_usuario_atualizacao": null }, "geometry": { "type": "MultiPolygon", "coordinates": [ [ [ [ -46.663303529256595, -23.582242305793258 ], [ -46.66321471528498, -23.581607011827181 ], [ -46.66321147835329, -23.58157328497736 ], [ -46.663204494411957, -23.581526327470105 ], [ -46.663194670534324, -23.581479810537132 ], [ -46.663182038451353, -23.581433884412398 ], [ -46.663164889793372, -23.581382150007261 ], [ -46.663162788467758, -23.581375675831403 ], [ -46.663146178117444, -23.581330917893862 ], [ -46.663126298318126, -23.581287289885044 ], [ -46.663103241336266, -23.581244994285402 ], [ -46.663077114183814, -23.581204227391094 ], [ -46.663048038120827, -23.581165178403825 ], [ -46.663016148093078, -23.581128028551564 ], [ -46.662982132890711, -23.58109344553942 ], [ -46.662935989536827, -23.581049808994631 ], [ -46.662862674570889, -23.580983335708869 ], [ -46.66278753209788, -23.580918612539694 ], [ -46.662710611929384, -23.580855682389917 ], [ -46.662524455277044, -23.580715624103128 ], [ -46.66250766042247, -23.580702514837125 ], [ -46.662468008658792, -23.58067236072743 ], [ -46.662404200854951, -23.580626699477637 ], [ -46.662338636259364, -23.580583197637466 ], [ -46.662271401129992, -23.58054191243815 ], [ -46.662202583922188, -23.580502898194169 ], [ -46.662141590423566, -23.580471538019278 ], [ -46.662069519806437, -23.580437868431201 ], [ -46.6619960556271, -23.580406855594958 ], [ -46.661921313472057, -23.580378548305116 ], [ -46.661845410938263, -23.580352991099225 ], [ -46.66175874024151, -23.58032639731697 ], [ -46.661695021412434, -23.580310132225385 ], [ -46.661630497431126, -23.580296827059879 ], [ -46.66156533052937, -23.58028651527362 ], [ -46.661510139257551, -23.580279881412736 ], [ -46.661466105843978, -23.580278471589605 ], [ -46.661422132829827, -23.580280879390166 ], [ -46.661378612039194, -23.580287083359689 ], [ -46.661335931266706, -23.580297028217515 ], [ -46.661042146388198, -23.580410774217004 ], [ -46.660675906331043, -23.580572557781394 ], [ -46.660276647848356, -23.580751552119917 ], [ -46.659983223571814, -23.580885394525453 ], [ -46.659928506675691, -23.580905169641198 ], [ -46.659799909193673, -23.580962165344218 ], [ -46.6592849430345, -23.581204298261408 ], [ -46.659009494901632, -23.581329532527239 ], [ -46.658516668459171, -23.581569803448996 ], [ -46.658377629232433, -23.58162773104689 ], [ -46.658279171690879, -23.581677887709883 ], [ -46.658235339532517, -23.581702469924206 ], [ -46.657822616698837, -23.581904340715937 ], [ -46.657821546083866, -23.581905634563007 ], [ -46.65776385584951, -23.581945934960764 ], [ -46.657746034394805, -23.581957886710384 ], [ -46.657728048593121, -23.581969627213912 ], [ -46.657709901392039, -23.581981154547389 ], [ -46.65768201710479, -23.582002332842993 ], [ -46.657659620770431, -23.582019869903529 ], [ -46.657637482564517, -23.582037683476809 ], [ -46.657615606506212, -23.582055770328878 ], [ -46.657593996567257, -23.582074127175996 ], [ -46.657572656671249, -23.582092750685614 ], [ -46.657551590692286, -23.582111637476427 ], [ -46.657530802455213, -23.582130784119684 ], [ -46.657510295734092, -23.582150187139259 ], [ -46.657490074252259, -23.582169843012576 ], [ -46.657470141681046, -23.58218974817121 ], [ -46.657450501639097, -23.582209899001072 ], [ -46.657430963682572, -23.582230548394698 ], [ -46.657343577092668, -23.582338084374019 ], [ -46.657338797332017, -23.582343225052657 ], [ -46.657334383669621, -23.582348637059269 ], [ -46.657330354191188, -23.582354298217084 ], [ -46.657318764198557, -23.582369408796481 ], [ -46.657306255244805, -23.582386135335668 ], [ -46.657293972693886, -23.582403003970033 ], [ -46.657281918446621, -23.582420012088932 ], [ -46.657270094368407, -23.582437157060362 ], [ -46.657258502289274, -23.582454436231469 ], [ -46.657247144003065, -23.582471846927927 ], [ -46.657236021267693, -23.582489386455734 ], [ -46.657225135804481, -23.582507052100357 ], [ -46.657214489297857, -23.582524841128286 ], [ -46.657204083395769, -23.582542750786509 ], [ -46.657193919708519, -23.582560778303481 ], [ -46.657187279259034, -23.58257286074836 ], [ -46.657183999808922, -23.582578920889638 ], [ -46.657168940947265, -23.582609210883756 ], [ -46.657150324969045, -23.582646043358952 ], [ -46.6571314337247, -23.582682756522502 ], [ -46.657112268115355, -23.582719348622589 ], [ -46.657096087849261, -23.582749748300301 ], [ -46.657082972682097, -23.582773999307229 ], [ -46.656984756358199, -23.582967488466657 ], [ -46.656867715916768, -23.583195500443054 ], [ -46.656740044945863, -23.583445096522723 ], [ -46.656587928308021, -23.583744268924956 ], [ -46.65643924066908, -23.584034236768879 ], [ -46.656302067668008, -23.584303276791903 ], [ -46.656211982725267, -23.584477147203106 ], [ -46.656140161126338, -23.584605764960699 ], [ -46.656056519077239, -23.584742802642634 ], [ -46.65599149195851, -23.584846041070179 ], [ -46.655982005499176, -23.584864379029014 ], [ -46.655972915183774, -23.584882886759789 ], [ -46.655964224587059, -23.584901556984484 ], [ -46.655955937126883, -23.584920382360831 ], [ -46.655948056062513, -23.584939355485616 ], [ -46.655940584493273, -23.584958468897874 ], [ -46.65593352535759, -23.58497771508112 ], [ -46.65592688143181, -23.584997086466597 ], [ -46.655920655328792, -23.585016575436683 ], [ -46.655914849497123, -23.585036174327232 ], [ -46.6559077660662, -23.585062463841279 ], [ -46.655904676539613, -23.585073622221898 ], [ -46.655900572457419, -23.585086626929591 ], [ -46.655895964841044, -23.585099487523991 ], [ -46.65589085962916, -23.585112187428763 ], [ -46.655879183372562, -23.585137039921257 ], [ -46.655872627377214, -23.585149160476107 ], [ -46.655865603865962, -23.585161056316821 ], [ -46.655858121891583, -23.585172712110619 ], [ -46.655850191097471, -23.585184112834167 ], [ -46.655841821705764, -23.58519524379286 ], [ -46.65573066219067, -23.585332852487074 ], [ -46.6555426274167, -23.585557877606764 ], [ -46.655529317557757, -23.585574068573216 ], [ -46.655424410423059, -23.585669089399033 ], [ -46.65534258447488, -23.585714315093728 ], [ -46.655325172967252, -23.585724493215004 ], [ -46.655306760515835, -23.58573565276593 ], [ -46.655288556693286, -23.585747099739052 ], [ -46.655270566777482, -23.585758830816321 ], [ -46.655252795983614, -23.585770842596528 ], [ -46.655235249463665, -23.585783131597182 ], [ -46.655217932304623, -23.585795694256099 ], [ -46.655200849526757, -23.58580852693099 ], [ -46.655184006082827, -23.58582162590163 ], [ -46.655167406855639, -23.58583498737061 ], [ -46.655151056657608, -23.585848607464424 ], [ -46.655140297219006, -23.585857829260299 ], [ -46.655133341840468, -23.585864050093093 ], [ -46.655112923627705, -23.585883528648786 ], [ -46.655092206665408, -23.585902737085441 ], [ -46.655071195157532, -23.585921671504757 ], [ -46.654967523735664, -23.586013014632059 ], [ -46.654870309267274, -23.586091878174333 ], [ -46.654413088034708, -23.586450563197218 ], [ -46.654190213273168, -23.586624782608869 ], [ -46.654007084563382, -23.586766154924668 ], [ -46.653873225851015, -23.58687199076417 ], [ -46.653738359294643, -23.586977113510358 ], [ -46.653548203562245, -23.587126752740122 ], [ -46.653474281035336, -23.587182851306583 ], [ -46.653451827533026, -23.587200324328073 ], [ -46.653429576456283, -23.587218016352633 ], [ -46.653407530321694, -23.587235925379463 ], [ -46.653385691622645, -23.587254049383198 ], [ -46.653364062828679, -23.587272386314414 ], [ -46.653342646386221, -23.587290934099109 ], [ -46.653321444717108, -23.587309690639863 ], [ -46.653300460219178, -23.587328653815636 ], [ -46.653279695265667, -23.587347821481483 ], [ -46.653265428841372, -23.587362536032266 ], [ -46.653250977625717, -23.587377876295829 ], [ -46.653236768799793, -23.587393407903853 ], [ -46.653222805350602, -23.587409127592167 ], [ -46.653209090213494, -23.587425032056053 ], [ -46.653195626271597, -23.587441117952263 ], [ -46.653182416355271, -23.587457381899519 ], [ -46.653169463241483, -23.58747382047866 ], [ -46.653156769653059, -23.587490430234539 ], [ -46.653144338258578, -23.587507207675369 ], [ -46.653132171671224, -23.587524149274628 ], [ -46.653120272448589, -23.587541251470849 ], [ -46.653108643092203, -23.587558510668988 ], [ -46.65309728604683, -23.587575923241214 ], [ -46.653086203699814, -23.587593485526885 ], [ -46.653072394152645, -23.587616166878846 ], [ -46.653061767319521, -23.587633950873371 ], [ -46.653051631506287, -23.587651990715568 ], [ -46.653038913705089, -23.587676383126308 ], [ -46.65303155060159, -23.587690141542137 ], [ -46.653025212464428, -23.587702360201693 ], [ -46.653014409115471, -23.587727542260552 ], [ -46.653009967085978, -23.587740451623873 ], [ -46.653006177989475, -23.587753536420163 ], [ -46.653003049956702, -23.587766768571949 ], [ -46.653000589700056, -23.587780119685416 ], [ -46.652998802499049, -23.587793561111361 ], [ -46.65299769218899, -23.58780706400707 ], [ -46.652997689851738, -23.587813522805785 ], [ -46.652997027675781, -23.587820264316825 ], [ -46.652995695900081, -23.587826921511734 ], [ -46.65299370581635, -23.5878334379459 ], [ -46.652991074297823, -23.587839758368794 ], [ -46.65286454859109, -23.588120049542287 ], [ -46.652785004534628, -23.588295845115226 ], [ -46.652674530151927, -23.588444184171067 ], [ -46.652662892514037, -23.588469038153221 ], [ -46.652648552007911, -23.588500206201235 ], [ -46.652634450155027, -23.5885314665382 ], [ -46.652620587655484, -23.58856281761312 ], [ -46.65260696519767, -23.588594257869488 ], [ -46.65259358345773, -23.58862578574707 ], [ -46.652580443099943, -23.588657399681047 ], [ -46.652567544776652, -23.588689098102495 ], [ -46.652554889128417, -23.588720879437997 ], [ -46.652535146418764, -23.58877189809705 ], [ -46.65253272250019, -23.588778289747474 ], [ -46.652528322436773, -23.588787368636012 ], [ -46.652528354009156, -23.588789046825731 ], [ -46.652512387725487, -23.588949583063993 ], [ -46.652507977574544, -23.588962498603468 ], [ -46.652504120156721, -23.588975563273184 ], [ -46.652500818666283, -23.588988751817762 ], [ -46.652494535669661, -23.589009425382908 ], [ -46.6524736836611, -23.58908048746061 ], [ -46.652464205468803, -23.589112788404421 ], [ -46.652460414190642, -23.589125708781776 ], [ -46.652450032929487, -23.58915773563081 ], [ -46.652439403703397, -23.589189698369569 ], [ -46.652428536436304, -23.589221598091275 ], [ -46.652417431753399, -23.589253432960703 ], [ -46.652406090280401, -23.589285201184712 ], [ -46.652402274041322, -23.589295650132545 ], [ -46.652394512623232, -23.589316901063818 ], [ -46.65238269948302, -23.589348530675846 ], [ -46.652370651496867, -23.589380088314858 ], [ -46.652358369380678, -23.589411572105021 ], [ -46.652345853815966, -23.589442980300987 ], [ -46.652333105526615, -23.589474311086896 ], [ -46.652325395894827, -23.589493088968062 ], [ -46.652317981136179, -23.589511969763091 ], [ -46.652310086972278, -23.589530684769947 ], [ -46.652298823244905, -23.589555362381265 ], [ -46.652289827881631, -23.589573650504406 ], [ -46.652277113420318, -23.589597722019096 ], [ -46.652267043911046, -23.589615528257607 ], [ -46.65225652314858, -23.589633111475234 ], [ -46.652241803544605, -23.589656192158934 ], [ -46.652224810368665, -23.589677847125333 ], [ -46.652216165063166, -23.589688602742925 ], [ -46.65221190263852, -23.589694021748628 ], [ -46.652200044109186, -23.589710810004995 ], [ -46.652184498234561, -23.589733377882393 ], [ -46.652169228854746, -23.589756129470505 ], [ -46.652161699726001, -23.589767571370057 ], [ -46.652132002508004, -23.589821182809068 ], [ -46.652119123687214, -23.589845170418016 ], [ -46.652103765514255, -23.589875478891656 ], [ -46.652061461889303, -23.589960648606674 ], [ -46.652040310057409, -23.590003233460628 ], [ -46.651964289836094, -23.590155098581381 ], [ -46.651927796630986, -23.59022799221891 ], [ -46.651909550014082, -23.590264439034883 ], [ -46.651900426702099, -23.590282662442341 ], [ -46.651897385597572, -23.590288736911372 ], [ -46.651887712292663, -23.590306693127381 ], [ -46.651878779587115, -23.590324976078222 ], [ -46.651870638106367, -23.590343574418192 ], [ -46.651863300718631, -23.590362458752956 ], [ -46.651856779019703, -23.59038159923918 ], [ -46.651851083317531, -23.590400965626575 ], [ -46.651846222556934, -23.590420527562788 ], [ -46.651842204548132, -23.590440253616901 ], [ -46.651839035571918, -23.590460112869778 ], [ -46.651836720631749, -23.590480073993593 ], [ -46.651835201372791, -23.590500095834326 ], [ -46.651834337688094, -23.590520141422257 ], [ -46.651834254222521, -23.590540210130005 ], [ -46.651834951090898, -23.590560274143776 ], [ -46.651836427325563, -23.59058030564357 ], [ -46.651838680885213, -23.590600276915261 ], [ -46.651841708639054, -23.590620160212694 ], [ -46.651845506402836, -23.590639928050376 ], [ -46.651855389819794, -23.590679007792406 ], [ -46.651861885820757, -23.59069806910901 ], [ -46.651868840866918, -23.590717053448596 ], [ -46.651876240566743, -23.590735929736759 ], [ -46.651886776588817, -23.590760874403937 ], [ -46.651900660903273, -23.590791744680299 ], [ -46.651936071211829, -23.590872306601529 ], [ -46.651968651115538, -23.590946741483986 ], [ -46.651987660853408, -23.590990175527086 ], [ -46.652015061595463, -23.59105213275248 ], [ -46.652031502077449, -23.591089307137992 ], [ -46.652039741956841, -23.591107872214071 ], [ -46.652045776615374, -23.591119970070483 ], [ -46.652049075539942, -23.591125890531252 ], [ -46.652052558556711, -23.59113171870127 ], [ -46.652056222743383, -23.59113744969169 ], [ -46.652060065170843, -23.591143078900508 ], [ -46.65206408236395, -23.591148601233396 ], [ -46.652068271065531, -23.591154012228561 ], [ -46.652076932243283, -23.591164678028946 ], [ -46.652081308539962, -23.591170017027665 ], [ -46.652090517653477, -23.591180361160802 ], [ -46.652100313253456, -23.591190235527797 ], [ -46.652110666793355, -23.591199611403759 ], [ -46.65212154933527, -23.591208462575999 ], [ -46.652132929181853, -23.591216763207431 ], [ -46.652144773645126, -23.591224489460661 ], [ -46.652157048874287, -23.591231619241213 ], [ -46.652169719370008, -23.591238131924783 ], [ -46.652176191560834, -23.59124115096693 ], [ -46.652189386061352, -23.591246703400493 ], [ -46.652196099311645, -23.591249232984232 ], [ -46.652209733357914, -23.591253789646647 ], [ -46.652230495841735, -23.591259828301887 ], [ -46.652258349172826, -23.591267423024064 ], [ -46.652272387371866, -23.591270848288573 ], [ -46.652303820197325, -23.591249366941021 ], [ -46.65229786101083, -23.591134150290891 ], [ -46.652336584776791, -23.591130750298611 ], [ -46.652424450315067, -23.591123035564628 ], [ -46.652478768583052, -23.591101412295163 ], [ -46.652534846585965, -23.591084359863753 ], [ -46.652617767815975, -23.591095634108324 ], [ -46.652633453957463, -23.591089762640205 ], [ -46.652644189663022, -23.591085744165007 ], [ -46.652669343513026, -23.591076328839232 ], [ -46.652766186244847, -23.591040079632208 ], [ -46.65294139297378, -23.590974497793976 ], [ -46.653368250043478, -23.590814719339466 ], [ -46.653463552752477, -23.590779046019712 ], [ -46.65371330512891, -23.590681383755275 ], [ -46.653786555152323, -23.590655960008569 ], [ -46.653923587450777, -23.59060839848097 ], [ -46.654084793854061, -23.590549231623417 ], [ -46.654127905410348, -23.590444451022297 ], [ -46.654641993861354, -23.590338875261111 ], [ -46.654662074916708, -23.590334896182654 ], [ -46.654884816616409, -23.590553956867257 ], [ -46.654896612678414, -23.59058181658872 ], [ -46.655022406012371, -23.590698648743103 ], [ -46.655046741099319, -23.590721250226448 ], [ -46.655036978128585, -23.590745648464988 ], [ -46.654991300706001, -23.590859798914732 ], [ -46.65496365783585, -23.590928879909008 ], [ -46.654941815350917, -23.590983465383392 ], [ -46.654917314471369, -23.591044694267033 ], [ -46.654900668548159, -23.591086293203372 ], [ -46.654890597897477, -23.591111460214982 ], [ -46.654875262281173, -23.591149784596062 ], [ -46.654850025777151, -23.591212851684077 ], [ -46.654832229777391, -23.591257324602893 ], [ -46.654807393883992, -23.591319390449062 ], [ -46.654789832523484, -23.591363276925296 ], [ -46.654764218324978, -23.591427287683615 ], [ -46.654748376057867, -23.591466878020931 ], [ -46.654731188124131, -23.591509831195879 ], [ -46.654723050881209, -23.59153016640666 ], [ -46.654704839619718, -23.591575676865329 ], [ -46.654619258311818, -23.591789546566147 ], [ -46.654611864230617, -23.591808024517203 ], [ -46.654597117575676, -23.591838750629496 ], [ -46.65472808889632, -23.591884734913787 ], [ -46.654866079843764, -23.591931371528094 ], [ -46.65518861413058, -23.592039174583064 ], [ -46.655527206133243, -23.592152991959491 ], [ -46.655572889023517, -23.592168328210384 ], [ -46.65573168332714, -23.592221618372605 ], [ -46.656036895170203, -23.592323379762497 ], [ -46.656471399208186, -23.59246855361447 ], [ -46.656686766410452, -23.592540495360158 ], [ -46.656958895847062, -23.592632584709119 ], [ -46.657220061293991, -23.592719336947855 ], [ -46.657629272055274, -23.592857677633528 ], [ -46.657887564702065, -23.592942417827562 ], [ -46.658434233683053, -23.593126491829697 ], [ -46.658821295638191, -23.593258208184512 ], [ -46.65923577972778, -23.593395505014314 ], [ -46.659351404720439, -23.593436744104103 ], [ -46.659418651842643, -23.593459381294085 ], [ -46.659696987554049, -23.593546532966709 ], [ -46.660230079118222, -23.593725672967231 ], [ -46.660697133198902, -23.593878946856702 ], [ -46.661111713049081, -23.594027821237663 ], [ -46.66112545984619, -23.594004347302974 ], [ -46.66115285004588, -23.593935398104655 ], [ -46.661208948146403, -23.593794182445311 ], [ -46.661228946207032, -23.59374384128726 ], [ -46.661243938761224, -23.59370610047602 ], [ -46.661280672384187, -23.593613630703167 ], [ -46.661311645705617, -23.593535661274025 ], [ -46.661359701253666, -23.593414690418168 ], [ -46.66137935681806, -23.593365211147475 ], [ -46.661397409216775, -23.593322722989679 ], [ -46.661460070849337, -23.593175242248471 ], [ -46.661747214711788, -23.593268138685026 ], [ -46.662002962699177, -23.5933548003864 ], [ -46.662192010552168, -23.59341973963355 ], [ -46.662374808023934, -23.593482531545675 ], [ -46.662480614904403, -23.593518876648201 ], [ -46.662528387216383, -23.593535382641694 ], [ -46.662252151482136, -23.591916223088557 ], [ -46.662658474450616, -23.591842093491515 ], [ -46.662719877993808, -23.592162846168868 ], [ -46.66369492520694, -23.591974781972798 ], [ -46.663543060874844, -23.591064910089926 ], [ -46.664472110318705, -23.59089160726284 ], [ -46.664230103456774, -23.589131683904704 ], [ -46.664064773024506, -23.587870405000778 ], [ -46.664034515265072, -23.587650098439251 ], [ -46.664007754352916, -23.587464380723286 ], [ -46.663995610075858, -23.587375405403613 ], [ -46.663965647536777, -23.587375620084554 ], [ -46.663924353845907, -23.587364293131863 ], [ -46.663370322190183, -23.58721231972401 ], [ -46.663338886634165, -23.586959272554576 ], [ -46.663302288442814, -23.586684868337372 ], [ -46.663278387615506, -23.586505693507913 ], [ -46.663266624668346, -23.586417511226728 ], [ -46.663230455456002, -23.586146363646868 ], [ -46.66319475510668, -23.585878729576166 ], [ -46.663188801103594, -23.585834094190503 ], [ -46.663169266488531, -23.585687648736567 ], [ -46.66314686978032, -23.585519746476567 ], [ -46.663133085890578, -23.585416411994331 ], [ -46.663123030188814, -23.585341026703123 ], [ -46.66310620208408, -23.585214870016021 ], [ -46.663098828981056, -23.585159595349392 ], [ -46.663079536171871, -23.585014960771666 ], [ -46.663051859149469, -23.584807470614795 ], [ -46.663035308426849, -23.584683392130554 ], [ -46.663023857481683, -23.584597545800559 ], [ -46.663003001803041, -23.584441192974499 ], [ -46.662967169301048, -23.584172559384111 ], [ -46.662957414818109, -23.584099430513604 ], [ -46.662943281494009, -23.583993473507991 ], [ -46.662918119813106, -23.583804836786737 ], [ -46.662893450650294, -23.583619891801312 ], [ -46.662862730132289, -23.583389589083943 ], [ -46.662856884402473, -23.583345765246474 ], [ -46.662832218077881, -23.583161553162185 ], [ -46.662812611103845, -23.583016732837969 ], [ -46.662765582051478, -23.582670924482773 ], [ -46.662692880458124, -23.582149667678483 ], [ -46.663279413457602, -23.582345854833779 ], [ -46.663316006543994, -23.582336354130973 ], [ -46.663303529256595, -23.582242305793258 ] ], [ [ -46.661640001132383, -23.586054825969274 ], [ -46.66176200471206, -23.585783004531542 ], [ -46.662114512142153, -23.58591934954039 ], [ -46.662058603705717, -23.586041799395648 ], [ -46.662045337297059, -23.586036588765875 ], [ -46.662035861290938, -23.586051352216501 ], [ -46.662027332885323, -23.586065247227342 ], [ -46.661962896043178, -23.586181617885018 ], [ -46.662005538070972, -23.586201591942746 ], [ -46.661975214851211, -23.586272803776119 ], [ -46.661967634046306, -23.586271066902615 ], [ -46.661961000842034, -23.586292777819967 ], [ -46.661905092405526, -23.586272803776101 ], [ -46.66190035440242, -23.586286698763484 ], [ -46.661579117792641, -23.58617901257298 ], [ -46.661598069804981, -23.586139932885178 ], [ -46.661631235826732, -23.586151222573928 ], [ -46.661640001132383, -23.586054825969274 ] ], [ [ -46.658702077869727, -23.583270196153538 ], [ -46.658446767639695, -23.58357142280985 ], [ -46.6596055834342, -23.58444738391815 ], [ -46.659860862418384, -23.584143767759592 ], [ -46.658702077869727, -23.583270196153538 ] ], [ [ -46.65376164958883, -23.587588804526664 ], [ -46.653462207793311, -23.587945727968588 ], [ -46.654710197808136, -23.588834992856665 ], [ -46.654534180993195, -23.589043739099882 ], [ -46.654624203051931, -23.58910713362911 ], [ -46.654799509166388, -23.58889827893428 ], [ -46.655418884620836, -23.589337915509304 ], [ -46.655719747817201, -23.588981104406628 ], [ -46.65376164958883, -23.587588804526664 ] ] ] ] } },
{ "type": "Feature", "properties": { "cd_identificador_concessao": 5, "cd_identificador_equipamento": 17, "nm_equipamento": "Cemitério da Vila Mariana", "nm_parceria": "Cemitérios - Bloco 1", "tx_modalidade_concessao": "Concessão", "qt_prazo_concessao": 25, "nm_concessionaria": "CONCESSIONÁRIA DE CEMITÉRIOS E SERVIÇOS FUNERÁRIOS SPE S/A", "tx_cnpj_concessionaria": "44.615.216/0001-37", "tx_poder_concedente": "São Paulo Regula", "an_assinatura": 2022, "qt_area_metro": 63695.77, "tx_numero_contrato": "CONTRATO DE CONCESSÃO Nº 53/SFMSP/2022", "qt_investimento_real": 9729000.0, "tx_link_contrato": "https://www.prefeitura.sp.gov.br/cidade/secretarias/governo/desestatizacao_projetos/cemiterios_publicos/index.php?p=336623", "dt_atualizacao": "2024-05-28", "cd_usuario_atualizacao": null }, "geometry": { "type": "MultiPolygon", "coordinates": [ [ [ [ -46.628614402888573, -23.581336259482413 ], [ -46.628499626397179, -23.580837377759501 ], [ -46.628409385539555, -23.580443200513933 ], [ -46.628231280517475, -23.579678189424591 ], [ -46.628082934173236, -23.5790113098932 ], [ -46.628005707728938, -23.578672384963845 ], [ -46.627945240726071, -23.578395779429815 ], [ -46.627917791144306, -23.578377415871493 ], [ -46.626662681135663, -23.57836647789793 ], [ -46.625879389236857, -23.578361209946721 ], [ -46.625606978668003, -23.578359759285306 ], [ -46.625592082852926, -23.578371388140518 ], [ -46.625705874520108, -23.578883692149635 ], [ -46.625831597740863, -23.579452158821692 ], [ -46.626024277892633, -23.580329993445073 ], [ -46.626115316154213, -23.580728218332965 ], [ -46.627924446351493, -23.580480290275432 ], [ -46.628133817153874, -23.581394019431031 ], [ -46.628614402888573, -23.581336259482413 ] ] ] ] } },
{ "type": "Feature", "properties": { "cd_identificador_concessao": 6, "cd_identificador_equipamento": 10, "nm_equipamento": "Parque Trianon", "nm_parceria": "3º Lote de Parques", "tx_modalidade_concessao": "Concessão", "qt_prazo_concessao": 25, "nm_concessionaria": "CONSORCIO BORBOLETAS SPE LTDA", "tx_cnpj_concessionaria": "44.640.848/0001-50", "tx_poder_concedente": "Secretaria Municipal do Verde e Meio Ambiente", "an_assinatura": 2022, "qt_area_metro": 39772.27, "tx_numero_contrato": "CONTRATO Nº002/SVMA/2022", "qt_investimento_real": 806120.0, "tx_link_contrato": "https://www.prefeitura.sp.gov.br/cidade/secretarias/governo/desestatizacao_projetos/parques/lote_3/index.php?p=341662", "dt_atualizacao": "2024-05-28", "cd_usuario_atualizacao": null }, "geometry": { "type": "MultiPolygon", "coordinates": [ [ [ [ -46.657183925639188, -23.561063707415347 ], [ -46.657166598533237, -23.561076964125778 ], [ -46.65602282221672, -23.562094364435065 ], [ -46.655994151663442, -23.562119913162096 ], [ -46.656242551194076, -23.562361038356638 ], [ -46.656679067550257, -23.562782884258031 ], [ -46.656735002441238, -23.562837462777253 ], [ -46.656744295671267, -23.562844226698925 ], [ -46.656756016097603, -23.562849249007691 ], [ -46.656762085508191, -23.562848913411358 ], [ -46.65677580904498, -23.562841813868804 ], [ -46.657325150294554, -23.562361820121403 ], [ -46.65737743389321, -23.562428170591165 ], [ -46.656838529730642, -23.562898680498584 ], [ -46.656834997428341, -23.562904605243659 ], [ -46.656832799025224, -23.562911055405223 ], [ -46.656832020627988, -23.56291777834409 ], [ -46.656832692725295, -23.56292451073714 ], [ -46.656834788992583, -23.562930988890958 ], [ -46.656838227323703, -23.562936959070051 ], [ -46.657623986375619, -23.563696151584061 ], [ -46.657630055318052, -23.563699950802352 ], [ -46.657636780781651, -23.563702652009695 ], [ -46.657643931598862, -23.563704162360164 ], [ -46.657651261981108, -23.563704429939769 ], [ -46.657658519967903, -23.563703445551333 ], [ -46.657665456087386, -23.563701243030124 ], [ -46.657671831930834, -23.5636978980816 ], [ -46.658085672679256, -23.563334984448097 ], [ -46.658338369621816, -23.56311294471671 ], [ -46.658574392041309, -23.562904898758806 ], [ -46.658818853841815, -23.562685214799071 ], [ -46.658822627411134, -23.562679429065724 ], [ -46.658824604027515, -23.562672930667834 ], [ -46.658824639446294, -23.562666193830214 ], [ -46.658822731082971, -23.562659710178298 ], [ -46.658819018202038, -23.562653952861037 ], [ -46.658813771753444, -23.562649342022013 ], [ -46.658812451679893, -23.562648519065856 ], [ -46.658637132888323, -23.562479447834892 ], [ -46.658271614038895, -23.562126292688273 ], [ -46.658037352432629, -23.561904842083024 ], [ -46.65803157847121, -23.561900667230667 ], [ -46.658025139075015, -23.561897423266526 ], [ -46.658018209139968, -23.56189519829756 ], [ -46.658010976885173, -23.561894052754663 ], [ -46.658003638740624, -23.561894017751079 ], [ -46.657996394012315, -23.561895094237471 ], [ -46.657989439469198, -23.561897252976269 ], [ -46.657982963998656, -23.561900435335311 ], [ -46.657977143476487, -23.561904554881135 ], [ -46.657437790228599, -23.56237591689392 ], [ -46.657381863918069, -23.562312146091372 ], [ -46.657920880586488, -23.561842692195512 ], [ -46.657928641022501, -23.561831241446519 ], [ -46.657931211773956, -23.561824903350654 ], [ -46.657932841792224, -23.561818308204966 ], [ -46.65793350143354, -23.561811575950291 ], [ -46.657933178701526, -23.561804829020645 ], [ -46.657931879465785, -23.561798190117404 ], [ -46.657929627354449, -23.561791779977 ], [ -46.657926463325452, -23.561785715175454 ], [ -46.657922444919983, -23.56178010600868 ], [ -46.657917645218234, -23.561775054486155 ], [ -46.657522956472796, -23.561394010621964 ], [ -46.657183925639188, -23.561063707415347 ] ] ] ] } },
{ "type": "Feature", "properties": { "cd_identificador_concessao": 7, "cd_identificador_equipamento": 10, "nm_equipamento": "Praça Alexandre de Gusmão", "nm_parceria": "3º Lote de Parques", "tx_modalidade_concessao": "Concessão", "qt_prazo_concessao": 25, "nm_concessionaria": "CONSORCIO BORBOLETAS SPE LTDA", "tx_cnpj_concessionaria": "44.640.848/0001-50", "tx_poder_concedente": "Secretaria Municipal do Verde e Meio Ambiente", "an_assinatura": 2022, "qt_area_metro": 11361.75, "tx_numero_contrato": "CONTRATO Nº002/SVMA/2022", "qt_investimento_real": 123695.0, "tx_link_contrato": "https://www.prefeitura.sp.gov.br/cidade/secretarias/governo/desestatizacao_projetos/parques/lote_3/index.php?p=341662", "dt_atualizacao": "2024-05-28", "cd_usuario_atualizacao": null }, "geometry": { "type": "MultiPolygon", "coordinates": [ [ [ [ -46.657549020510857, -23.563809827950834 ], [ -46.657553895097195, -23.563804811517777 ], [ -46.657557870927661, -23.563799129068094 ], [ -46.657560831458355, -23.563792947172718 ], [ -46.657562689906747, -23.563786447042574 ], [ -46.657563391795655, -23.563779819217491 ], [ -46.657562916551008, -23.56377325798012 ], [ -46.65756127810382, -23.563766955661162 ], [ -46.657558524482141, -23.563761097001866 ], [ -46.657554736403654, -23.563755853738066 ], [ -46.656782909793883, -23.563009610046834 ], [ -46.656769638580641, -23.562998102508679 ], [ -46.656763021661462, -23.562993838526882 ], [ -46.6567568135249, -23.562990924721419 ], [ -46.656747871887355, -23.56298876246802 ], [ -46.656741414073281, -23.562989373110415 ], [ -46.656734775084367, -23.562991159612462 ], [ -46.656717792623716, -23.563003982927061 ], [ -46.656703670950883, -23.563015740366893 ], [ -46.656637809412452, -23.563070575404932 ], [ -46.656392519660869, -23.563274202209172 ], [ -46.656308469819507, -23.56334463055887 ], [ -46.656204609255639, -23.563428905589205 ], [ -46.656150338063426, -23.563467952593978 ], [ -46.656109724230987, -23.563502429261256 ], [ -46.656105980069334, -23.563508519403829 ], [ -46.656104387390002, -23.563514315716759 ], [ -46.656103604341155, -23.563522180355665 ], [ -46.656103211956534, -23.563529950529993 ], [ -46.656104267297806, -23.563535989536966 ], [ -46.656106987773263, -23.563542010803239 ], [ -46.656112958681994, -23.563549442273981 ], [ -46.656135103601351, -23.563573317033562 ], [ -46.656166392891762, -23.563599893728792 ], [ -46.656246902942641, -23.563684642425866 ], [ -46.656246902942641, -23.563684642425866 ], [ -46.65631260013825, -23.563752120585036 ], [ -46.656574615060975, -23.564022763572495 ], [ -46.656703673704449, -23.564151241692617 ], [ -46.656886404880254, -23.564333150278024 ], [ -46.6568924296446, -23.564337059353896 ], [ -46.656901365713388, -23.564338770142641 ], [ -46.656911341849067, -23.56433748987067 ], [ -46.656918261157983, -23.564334616743526 ], [ -46.656925846857895, -23.564330201374617 ], [ -46.656988956191292, -23.564277243641204 ], [ -46.657073669196663, -23.564205001806059 ], [ -46.657078602317497, -23.564199982593294 ], [ -46.657221512778712, -23.564081517623425 ], [ -46.65723045048577, -23.564075552688376 ], [ -46.657238219596763, -23.564070142025365 ], [ -46.657299092837981, -23.564018562549531 ], [ -46.657549020510857, -23.563809827950834 ] ] ] ] } },
{ "type": "Feature", "properties": { "cd_identificador_concessao": 8, "cd_identificador_equipamento": 10, "nm_equipamento": "Parque Mário Covas", "nm_parceria": "3º Lote de Parques", "tx_modalidade_concessao": "Concessão", "qt_prazo_concessao": 25, "nm_concessionaria": "CONSORCIO BORBOLETAS SPE LTDA", "tx_cnpj_concessionaria": "44.640.848/0001-50", "tx_poder_concedente": "Secretaria Municipal do Verde e Meio Ambiente", "an_assinatura": 2022, "qt_area_metro": 5369.34, "tx_numero_contrato": "CONTRATO Nº002/SVMA/2022", "qt_investimento_real": 70185.0, "tx_link_contrato": "https://www.prefeitura.sp.gov.br/cidade/secretarias/governo/desestatizacao_projetos/parques/lote_3/index.php?p=341662", "dt_atualizacao": "2024-05-28", "cd_usuario_atualizacao": null }, "geometry": { "type": "MultiPolygon", "coordinates": [ [ [ [ -46.659329703003472, -23.560554629756442 ], [ -46.658936216356082, -23.560177890429895 ], [ -46.658599792449436, -23.559855780860872 ], [ -46.658242959180114, -23.560167491031908 ], [ -46.658712098090028, -23.560611151664137 ], [ -46.65880887083275, -23.560702668881721 ], [ -46.658967294011212, -23.560856755912756 ], [ -46.658992137919917, -23.560853812418362 ], [ -46.659029536694312, -23.560821175413484 ], [ -46.659329703003472, -23.560554629756442 ] ] ] ] } },
{ "type": "Feature", "properties": { "cd_identificador_concessao": 9, "cd_identificador_equipamento": 1, "nm_equipamento": "Estádio do Pacaembú", "nm_parceria": "Complexo do Pacaembú", "tx_modalidade_concessao": "Concessão", "qt_prazo_concessao": 35, "nm_concessionaria": "CONCESSIONARIA ALLEGRA PACAEMBU SPE S/A", "tx_cnpj_concessionaria": "30.262.440/0001-88", "tx_poder_concedente": "Secreatria Municipal de Esportes e Lazer", "an_assinatura": 2019, "qt_area_metro": 66044.7, "tx_numero_contrato": "CONTRATO DE CONCESSÃO N.º 01/SEME/2019", "qt_investimento_real": 22003400.0, "tx_link_contrato": "https://www.prefeitura.sp.gov.br/cidade/secretarias/governo/desestatizacao_projetos/pacaembu/index.php?p=341575", "dt_atualizacao": "2024-05-28", "cd_usuario_atualizacao": null }, "geometry": { "type": "MultiPolygon", "coordinates": [ [ [ [ -46.666116120263823, -23.547662036812994 ], [ -46.665956563555461, -23.547659314074131 ], [ -46.66594193002112, -23.547658164159476 ], [ -46.665927460974679, -23.547655843069123 ], [ -46.665920322843739, -23.547654248040708 ], [ -46.665913266322093, -23.547652366783076 ], [ -46.665906306157176, -23.547650203653429 ], [ -46.665899455137698, -23.547647763029705 ], [ -46.665892726040973, -23.547645048387398 ], [ -46.665886132669314, -23.547642066802574 ], [ -46.665879685841311, -23.547638821771702 ], [ -46.665873399358958, -23.547635320371015 ], [ -46.665867284086744, -23.547631569708333 ], [ -46.665861352835826, -23.547627575967471 ], [ -46.665855616493133, -23.547623348062231 ], [ -46.665850084943379, -23.547618893110812 ], [ -46.665828273142694, -23.547599361419259 ], [ -46.665812106887017, -23.547585557619389 ], [ -46.665795555750712, -23.547572147142169 ], [ -46.665778629652465, -23.547559139814922 ], [ -46.665761342394369, -23.547546542713214 ], [ -46.665743704886012, -23.547534366556757 ], [ -46.665725728959153, -23.547522617539766 ], [ -46.665707426491643, -23.547511305468419 ], [ -46.665688810294363, -23.547500436525965 ], [ -46.665669892222276, -23.547490018712971 ], [ -46.665650687056562, -23.547480059095012 ], [ -46.665631206640668, -23.54747056476927 ], [ -46.665611463785844, -23.54746154191989 ], [ -46.665591472282458, -23.547452996719841 ], [ -46.665571245910023, -23.547444934439952 ], [ -46.665550798458895, -23.547437361253404 ], [ -46.665530143708345, -23.547430282430586 ], [ -46.665509295426169, -23.547423702339252 ], [ -46.665488268370993, -23.547417626239504 ], [ -46.665467077267088, -23.547412056682376 ], [ -46.665445734903052, -23.547406998046231 ], [ -46.665424257016454, -23.547402455580421 ], [ -46.665402657318353, -23.54739842913818 ], [ -46.665380951558177, -23.547394924871931 ], [ -46.66535915442595, -23.547391942624262 ], [ -46.665337279666645, -23.547389484957289 ], [ -46.665315342983988, -23.547387554411806 ], [ -46.66529335907984, -23.547386151733019 ], [ -46.665271343634778, -23.547385277656584 ], [ -46.665249310382784, -23.547384933841023 ], [ -46.665227274002504, -23.547385119226512 ], [ -46.665205251142872, -23.547385833634706 ], [ -46.665183256505678, -23.547387077810949 ], [ -46.665161303778923, -23.547388849803021 ], [ -46.665139408632193, -23.54739114944309 ], [ -46.665117585721603, -23.54739397386512 ], [ -46.665095850705448, -23.547397321998481 ], [ -46.665074217271865, -23.547401191890817 ], [ -46.665045557839491, -23.547407157061421 ], [ -46.665017140121932, -23.547414038011919 ], [ -46.664988998271156, -23.5474218244435 ], [ -46.664961167453313, -23.547430508755784 ], [ -46.664933681797471, -23.547440078844044 ], [ -46.664906572518099, -23.547450524441459 ], [ -46.664879873722079, -23.547461831637701 ], [ -46.664853617580057, -23.547473988349083 ], [ -46.664827835238277, -23.547486978891321 ], [ -46.664802558822274, -23.547500787569263 ], [ -46.664777818487437, -23.547515397806066 ], [ -46.664753643398356, -23.547530792132324 ], [ -46.664730064667346, -23.547546952154946 ], [ -46.664707108486965, -23.547563857727198 ], [ -46.664684803988052, -23.547581488671092 ], [ -46.664663177340444, -23.54759982303457 ], [ -46.664657993833771, -23.547604412589209 ], [ -46.664651390510258, -23.54760872747126 ], [ -46.664645216890804, -23.547612396608379 ], [ -46.664638883536007, -23.547615826348256 ], [ -46.664632400137243, -23.547619008460028 ], [ -46.664625778401636, -23.547621939206113 ], [ -46.66461903000183, -23.547624612140503 ], [ -46.664612165665609, -23.547627023536258 ], [ -46.664605199047202, -23.547629168732204 ], [ -46.664598140885566, -23.547631044904325 ], [ -46.664591004835323, -23.547632647390984 ], [ -46.664583801646423, -23.547633974271601 ], [ -46.664576544996123, -23.547635022690258 ], [ -46.664569247593619, -23.54763579070497 ], [ -46.664561921191243, -23.5476362781902 ], [ -46.664397369994298, -23.547634489556181 ], [ -46.664369995456532, -23.549240698885288 ], [ -46.664366353957625, -23.549463735394205 ], [ -46.664366064960305, -23.549491812520724 ], [ -46.664366189081804, -23.549493968510482 ], [ -46.664366416377426, -23.549497939372163 ], [ -46.66436611762559, -23.549501050769411 ], [ -46.664365416258548, -23.549504626113478 ], [ -46.664364320624408, -23.549508628291452 ], [ -46.664362841030162, -23.549513020168913 ], [ -46.664360990618881, -23.549517756453969 ], [ -46.664358789388928, -23.549522791781936 ], [ -46.664353422051619, -23.549533558157417 ], [ -46.664346950151938, -23.549544895324594 ], [ -46.664339626686683, -23.549556358998316 ], [ -46.664331739819872, -23.549567497292525 ], [ -46.664326753195567, -23.549573882647831 ], [ -46.664318560467763, -23.549583134191018 ], [ -46.664304242385384, -23.54959826223212 ], [ -46.664289359091548, -23.549612921331825 ], [ -46.664273929946553, -23.549627093222085 ], [ -46.664257580682765, -23.54964108171152 ], [ -46.664241515450122, -23.549653901358976 ], [ -46.664224571780125, -23.549666502844318 ], [ -46.664207165621939, -23.549678547598081 ], [ -46.664189321266939, -23.549690020008601 ], [ -46.664171063211164, -23.549700920716784 ], [ -46.66415856585256, -23.549707711530434 ], [ -46.664145758392188, -23.549713990036246 ], [ -46.664132665132726, -23.549719741525745 ], [ -46.664119310445265, -23.549724956708122 ], [ -46.664105721627706, -23.549729625357788 ], [ -46.664091923050975, -23.549733738183477 ], [ -46.664077943015215, -23.549737286755292 ], [ -46.664063807884261, -23.549740264470003 ], [ -46.66404954599237, -23.549742665605976 ], [ -46.66403518275812, -23.549744486279351 ], [ -46.664020748379919, -23.549745868844155 ], [ -46.664006366695517, -23.549747702354608 ], [ -46.663992086945093, -23.549750085616171 ], [ -46.663977946299561, -23.549753014619032 ], [ -46.663963977944327, -23.549756479977869 ], [ -46.663950219016044, -23.549760474974381 ], [ -46.663936701697999, -23.549764988427764 ], [ -46.663923460132082, -23.54977000913679 ], [ -46.663910527469554, -23.549775525007359 ], [ -46.663897936850219, -23.549781523042775 ], [ -46.663885717450896, -23.549787986676552 ], [ -46.663873900430126, -23.549794901127086 ], [ -46.663862515932593, -23.549802248914265 ], [ -46.663851592133348, -23.54981001167657 ], [ -46.663840517708365, -23.549818414485966 ], [ -46.663829511689542, -23.549827349345485 ], [ -46.66381899958634, -23.54983677016352 ], [ -46.663809005621843, -23.549846655911502 ], [ -46.663799554941995, -23.549856981035749 ], [ -46.663790670745172, -23.549867720906875 ], [ -46.663782374248377, -23.549878849110076 ], [ -46.663774685689241, -23.549890339241625 ], [ -46.663767624291559, -23.549902162198727 ], [ -46.66376120635293, -23.549914289813703 ], [ -46.663755448159321, -23.54992669301576 ], [ -46.663750363035831, -23.549939340959771 ], [ -46.663745964307573, -23.549952202800089 ], [ -46.66374226236163, -23.549965247723293 ], [ -46.663741476224921, -23.54997111674399 ], [ -46.663739293605516, -23.549984480433285 ], [ -46.663737871328571, -23.549997940738127 ], [ -46.663737213802897, -23.550011458781665 ], [ -46.663737322509817, -23.550024996621275 ], [ -46.663738196938112, -23.550038513626056 ], [ -46.663739834651963, -23.550051971895623 ], [ -46.663742231245408, -23.550065332646671 ], [ -46.66374371249519, -23.550071963940752 ], [ -46.663747232781901, -23.550085105877798 ], [ -46.66375149114463, -23.550098053895418 ], [ -46.663756474374281, -23.55011077020826 ], [ -46.663762168316318, -23.550123219749807 ], [ -46.663768556846065, -23.55013536657167 ], [ -46.663775620889211, -23.550147173854111 ], [ -46.663783340437575, -23.550158608398892 ], [ -46.663791693535735, -23.550169637932168 ], [ -46.663796099214572, -23.550174990863908 ], [ -46.663805356818195, -23.550185352416253 ], [ -46.663810199837386, -23.550190353908114 ], [ -46.663815100130272, -23.550198115323635 ], [ -46.663819075568121, -23.550203760921768 ], [ -46.663823300685927, -23.550209243110601 ], [ -46.663827766532513, -23.550214551149253 ], [ -46.663832464168586, -23.550219675200701 ], [ -46.663837386636118, -23.550224607211788 ], [ -46.663842524984055, -23.550229336442239 ], [ -46.66384786834837, -23.550233855783816 ], [ -46.663853408780312, -23.550238156291353 ], [ -46.663859135415471, -23.550242230857187 ], [ -46.663865037378379, -23.550246071470394 ], [ -46.663871104784192, -23.55024967101237 ], [ -46.663877326779975, -23.550253023278174 ], [ -46.663883691533577, -23.550256122073165 ], [ -46.663890188214786, -23.550258962998278 ], [ -46.6638968040007, -23.55026153896646 ], [ -46.663903527081587, -23.55026384558877 ], [ -46.663910345670871, -23.550265880282538 ], [ -46.663917247947467, -23.550267637756026 ], [ -46.663924220165995, -23.550269115446884 ], [ -46.663931250539385, -23.550270310772692 ], [ -46.663938326313016, -23.550271222063628 ], [ -46.663960282003288, -23.550274936046009 ], [ -46.663989076501402, -23.550280111983476 ], [ -46.664017766616958, -23.550285788403261 ], [ -46.664046341543013, -23.550291962712098 ], [ -46.664074791440434, -23.550298631403312 ], [ -46.664103104545426, -23.550305793699568 ], [ -46.664131271030406, -23.55031344699713 ], [ -46.664159280065462, -23.550321586897027 ], [ -46.664187122813765, -23.550330211687601 ], [ -46.664214786498086, -23.550339317893684 ], [ -46.664242263238123, -23.550348901987785 ], [ -46.664269542215202, -23.550358960473428 ], [ -46.664296612599571, -23.550369488951606 ], [ -46.664323465542886, -23.550380484807963 ], [ -46.664350090215272, -23.550391943643589 ], [ -46.664369902370133, -23.550400839469468 ], [ -46.664389577670029, -23.550409990506527 ], [ -46.664409111206567, -23.550419395903972 ], [ -46.664428498060524, -23.550429053908992 ], [ -46.664447735259223, -23.550438961843874 ], [ -46.664466818862763, -23.550449117945327 ], [ -46.664479647963113, -23.550456297808893 ], [ -46.664504104979748, -23.550470711928565 ], [ -46.664528050326489, -23.550485797047983 ], [ -46.664551449440559, -23.550501530961409 ], [ -46.664574269740839, -23.550517893248625 ], [ -46.664596477598167, -23.550534858081754 ], [ -46.664618042367586, -23.550552403214226 ], [ -46.664638932367225, -23.550570501894413 ], [ -46.664659117908371, -23.55058913005886 ], [ -46.664678571215639, -23.550608260011725 ], [ -46.664697263534023, -23.550627864067135 ], [ -46.664710705261513, -23.550643007416877 ], [ -46.664723819823628, -23.550658538954856 ], [ -46.664736667852729, -23.550674373147807 ], [ -46.6647492393503, -23.550690493848556 ], [ -46.664761520422807, -23.550706886757684 ], [ -46.664773500092309, -23.550723535738246 ], [ -46.66478516640128, -23.550740424664156 ], [ -46.664796508360453, -23.550757536495567 ], [ -46.664807514023344, -23.550774856009127 ], [ -46.664818174359475, -23.550792366144094 ], [ -46.664831832518757, -23.550815979309114 ], [ -46.664844833871243, -23.550839861380382 ], [ -46.66485105549512, -23.550851888932726 ], [ -46.664856601804665, -23.550864038398441 ], [ -46.664861746834987, -23.550876369152203 ], [ -46.664866485518218, -23.550888867703101 ], [ -46.664870812786909, -23.550901520559947 ], [ -46.664874722571234, -23.550914312436714 ], [ -46.664878211762115, -23.550927229821141 ], [ -46.664881276248693, -23.550940257405756 ], [ -46.664883911931206, -23.550953380786613 ], [ -46.664886116668768, -23.550966585537996 ], [ -46.664887887329805, -23.550979856342281 ], [ -46.664889221773414, -23.550993178773908 ], [ -46.664889665243678, -23.550999845545885 ], [ -46.664889486561634, -23.55100642235557 ], [ -46.664889551828168, -23.551013002874765 ], [ -46.664889861931712, -23.55101957986944 ], [ -46.664890414822615, -23.551026146137556 ], [ -46.664891212357134, -23.551032693531972 ], [ -46.6648922515176, -23.551039215763918 ], [ -46.664893532201781, -23.551045704707075 ], [ -46.664895052359817, -23.551052153159453 ], [ -46.664896810921377, -23.551058553908369 ], [ -46.664898804846025, -23.551064898859075 ], [ -46.664901033085954, -23.551071182604591 ], [ -46.664903491609991, -23.551077396157854 ], [ -46.664906179347945, -23.551083532306251 ], [ -46.664921876099335, -23.551112911096062 ], [ -46.664935634748623, -23.55113641029498 ], [ -46.664939289278941, -23.551142390704904 ], [ -46.664947551729263, -23.551151732488755 ], [ -46.664957158182752, -23.551161859055487 ], [ -46.664967159156362, -23.551171656309769 ], [ -46.664977541758823, -23.551181111747461 ], [ -46.664988292119077, -23.551190212874356 ], [ -46.664999396389284, -23.551198949002625 ], [ -46.665010839707875, -23.551207306746004 ], [ -46.665022607258578, -23.55121527632976 ], [ -46.66503468421422, -23.55122284707636 ], [ -46.665047053788243, -23.551230008329323 ], [ -46.665059699228394, -23.551236752140699 ], [ -46.665072605718834, -23.55124306873569 ], [ -46.665085755527798, -23.551248950177175 ], [ -46.665099130923714, -23.551254388527706 ], [ -46.665112715154379, -23.55125937583928 ], [ -46.665126489554318, -23.551263907796688 ], [ -46.665140437359824, -23.551267975549397 ], [ -46.665154538948762, -23.551271576597969 ], [ -46.665168775621588, -23.551274703918743 ], [ -46.665183129714741, -23.551277354991853 ], [ -46.665197582562683, -23.551279525501997 ], [ -46.665212114554841, -23.551281213852999 ], [ -46.665226707025376, -23.551282415729574 ], [ -46.665241340374877, -23.551283130438929 ], [ -46.665255995994876, -23.551283358179905 ], [ -46.665263325902622, -23.551283288714153 ], [ -46.665277795616298, -23.551281045069612 ], [ -46.665292158673054, -23.551278266171472 ], [ -46.665306392626292, -23.551274958581402 ], [ -46.665320473025055, -23.551271125270272 ], [ -46.665334377445632, -23.55126677460537 ], [ -46.6653480824504, -23.551261912256241 ], [ -46.665361567574656, -23.551256546568926 ], [ -46.665374809415141, -23.551250685921413 ], [ -46.665387786561318, -23.551244341379398 ], [ -46.665400478548534, -23.55123752128932 ], [ -46.665412863977657, -23.551230237619585 ], [ -46.665424923408978, -23.551222502317927 ], [ -46.66543663642269, -23.551214327342198 ], [ -46.665447983613234, -23.551205727348716 ], [ -46.665458947510523, -23.551196715167059 ], [ -46.665463749242996, -23.551192525194544 ], [ -46.665479667346787, -23.551169036900497 ], [ -46.665494450224145, -23.551145630296581 ], [ -46.665505020925124, -23.551127803421103 ], [ -46.665515140239009, -23.551109757430265 ], [ -46.665524801435573, -23.551091502329914 ], [ -46.665532449238242, -23.551076241538606 ], [ -46.665568184701719, -23.550947718311992 ], [ -46.665599414412235, -23.550832572831304 ], [ -46.665665122050825, -23.550567795007112 ], [ -46.665667280017274, -23.55055443337038 ], [ -46.665672265998921, -23.550527792318864 ], [ -46.66567813619497, -23.550501283570284 ], [ -46.665684887074455, -23.550474937864976 ], [ -46.665692509218601, -23.550448785103669 ], [ -46.665700995133022, -23.550422852457128 ], [ -46.665706650822202, -23.550406992621895 ], [ -46.665712711795834, -23.55038746127731 ], [ -46.665721331389221, -23.550361566027835 ], [ -46.665728197436536, -23.550342260844399 ], [ -46.665735404729304, -23.550323063077109 ], [ -46.665742951376792, -23.550303978164209 ], [ -46.665756475260189, -23.550271309194557 ], [ -46.6657663554317, -23.550245798671945 ], [ -46.665776557270384, -23.550220396677876 ], [ -46.665787077872061, -23.550195105952184 ], [ -46.665797917282092, -23.550169930106588 ], [ -46.665809073575574, -23.550144871870614 ], [ -46.665820545841449, -23.550119936672093 ], [ -46.665832331152494, -23.550095125445409 ], [ -46.665844428597744, -23.550070443618299 ], [ -46.665856837231608, -23.550045893909981 ], [ -46.665869554149943, -23.550021479060547 ], [ -46.665882578418838, -23.549997202692026 ], [ -46.665895908124895, -23.549973068436817 ], [ -46.665914561845099, -23.549940413131019 ], [ -46.666005405497771, -23.549772511091369 ], [ -46.66601741160256, -23.549754497234439 ], [ -46.666026708571358, -23.549734867999913 ], [ -46.666040987009474, -23.549704721189986 ], [ -46.666049315382779, -23.549680752479603 ], [ -46.666062619407469, -23.549642463634786 ], [ -46.666068280660092, -23.549619124909874 ], [ -46.666073317969015, -23.549598351127646 ], [ -46.666077942852993, -23.549579283055252 ], [ -46.666080998775968, -23.549566682070406 ], [ -46.666081848131981, -23.549520612584008 ], [ -46.66609790703319, -23.54864975226096 ], [ -46.666100934163573, -23.548485593958716 ], [ -46.666116120263823, -23.547662036812994 ] ] ] ] } },
{ "type": "Feature", "properties": { "cd_identificador_concessao": 10, "cd_identificador_equipamento": 53, "nm_equipamento": "Terminal Bandeira", "nm_parceria": "Terminais Urbanos - Bloco Sul", "tx_modalidade_concessao": "Parceria público-privada (PPP)", "qt_prazo_concessao": 30, "nm_concessionaria": "SPE SÃO PAULO SUL S.A.", "tx_cnpj_concessionaria": "45.404.560/0001-40", "tx_poder_concedente": "Secretaria Municipal de Mobilidade e Trânsito", "an_assinatura": 2022, "qt_area_metro": 18678.36, "tx_numero_contrato": "CONTRATO 003/SMT.SETRAM/2022", "qt_investimento_real": 57124000.0, "tx_link_contrato": "https://www.prefeitura.sp.gov.br/cidade/secretarias/governo/desestatizacao_projetos/terminal/index.php?p=342509", "dt_atualizacao": "2024-05-28", "cd_usuario_atualizacao": null }, "geometry": { "type": "MultiPolygon", "coordinates": [ [ [ [ -46.640499463943733, -23.549273582829766 ], [ -46.640493623854617, -23.549269116749993 ], [ -46.640485215196719, -23.549267770439066 ], [ -46.640277099759672, -23.549286431518112 ], [ -46.640122609881743, -23.549295839625124 ], [ -46.640030692464059, -23.549294171263767 ], [ -46.639870529763535, -23.549279943463258 ], [ -46.639790035169909, -23.549266956041532 ], [ -46.639705563994596, -23.549251305030488 ], [ -46.639619638831661, -23.549231910894978 ], [ -46.639544198061998, -23.549211698701633 ], [ -46.63947100882465, -23.549185424142404 ], [ -46.639401372704832, -23.549159377053744 ], [ -46.639458546480611, -23.549073991845596 ], [ -46.639533593137635, -23.549101406558766 ], [ -46.639622509927847, -23.549128007886878 ], [ -46.639710697879018, -23.549149516122366 ], [ -46.639779630971752, -23.549162618687902 ], [ -46.639888066634278, -23.549179167417524 ], [ -46.639969806975373, -23.549187709997206 ], [ -46.640066346825428, -23.549190664818681 ], [ -46.640161177688988, -23.549189683650489 ], [ -46.640273771372406, -23.549184606335661 ], [ -46.640420668154427, -23.549173809379113 ], [ -46.640428042639762, -23.549170839748601 ], [ -46.640431621033876, -23.549165907927421 ], [ -46.6404325140292, -23.549161856550086 ], [ -46.640431575599351, -23.549156074088962 ], [ -46.640427788441308, -23.549150381942784 ], [ -46.640417415829482, -23.549070547680149 ], [ -46.640338778226884, -23.54906320154269 ], [ -46.640249905487622, -23.549047787686202 ], [ -46.640059355282297, -23.549005999355593 ], [ -46.639880234563883, -23.548966426156905 ], [ -46.639556013527653, -23.548872321100074 ], [ -46.639562817053275, -23.548808012225418 ], [ -46.639473886607604, -23.548787926728377 ], [ -46.639329993930566, -23.548524319396915 ], [ -46.639108536413929, -23.548339781982673 ], [ -46.639072120740039, -23.548308642992605 ], [ -46.639078041283028, -23.54830221915855 ], [ -46.639171570010319, -23.548199450434105 ], [ -46.639113747154425, -23.548147015583304 ], [ -46.63897813559872, -23.54831083665092 ], [ -46.639077385591833, -23.548384107199304 ], [ -46.639155649204916, -23.548447604619483 ], [ -46.639282469010823, -23.548548471321659 ], [ -46.639408280047839, -23.548784238561812 ], [ -46.639286835206498, -23.548798366217461 ], [ -46.639217571671303, -23.548831798875732 ], [ -46.639158485234709, -23.548868628078651 ], [ -46.639115868664931, -23.548948146936716 ], [ -46.639099804538141, -23.548977547189899 ], [ -46.639084385995204, -23.54901014686563 ], [ -46.639054084179996, -23.54900459491877 ], [ -46.639027240073744, -23.549074470704522 ], [ -46.638966641166455, -23.549215241471799 ], [ -46.63892349558477, -23.549321991770579 ], [ -46.638905891616808, -23.549358645234122 ], [ -46.638887575374731, -23.549410453617082 ], [ -46.63888019300947, -23.549441285888811 ], [ -46.638877787059641, -23.549457381555115 ], [ -46.638876436306575, -23.549472997438397 ], [ -46.638875766133047, -23.549491333650959 ], [ -46.63887651939168, -23.549532019455985 ], [ -46.638878930296244, -23.549556085414842 ], [ -46.638891093428811, -23.549614624893756 ], [ -46.638903256222399, -23.549673163996484 ], [ -46.638913021490318, -23.549713639431925 ], [ -46.638936970153921, -23.54981290719871 ], [ -46.638948186162921, -23.549862754497735 ], [ -46.638959843348758, -23.549914560340099 ], [ -46.638972257821287, -23.54994496814448 ], [ -46.638989075397937, -23.550007995224696 ], [ -46.639047373572218, -23.550009716662899 ], [ -46.639088370225238, -23.550072272052901 ], [ -46.639100985301255, -23.550093243844312 ], [ -46.63914117506372, -23.550141582052252 ], [ -46.639174958819829, -23.550184148033825 ], [ -46.639227914977418, -23.550163734697868 ], [ -46.639284338821632, -23.550218617436649 ], [ -46.639368171050492, -23.550260255065893 ], [ -46.639451381859445, -23.550276747596261 ], [ -46.639516300977895, -23.550279580465578 ], [ -46.639596948574344, -23.550280770119084 ], [ -46.639663928622014, -23.55027561209895 ], [ -46.63971145887632, -23.550268570162139 ], [ -46.639766057186904, -23.55025667859724 ], [ -46.639814410881456, -23.550239202690697 ], [ -46.639865643961372, -23.550215352724074 ], [ -46.639927614335193, -23.55017956180032 ], [ -46.639976347591038, -23.550148479740727 ], [ -46.640005676210613, -23.55012429254889 ], [ -46.640028677887415, -23.550100718699646 ], [ -46.640085236595084, -23.550034129771376 ], [ -46.640144083200823, -23.549926120842805 ], [ -46.640160888817306, -23.549895059820031 ], [ -46.640174890381026, -23.549869181383109 ], [ -46.640183597941423, -23.549853087600063 ], [ -46.64027602581475, -23.549685541905372 ], [ -46.640310491575917, -23.54961168535899 ], [ -46.64033531445105, -23.549565102659884 ], [ -46.640361855795859, -23.549517063877627 ], [ -46.640419256586931, -23.549409701744001 ], [ -46.640469544914261, -23.549322153597878 ], [ -46.640491694286183, -23.549294970674673 ], [ -46.640498092200431, -23.549285387245451 ], [ -46.640500393036952, -23.549277411804553 ], [ -46.640499463943733, -23.549273582829766 ] ] ] ] } },
{ "type": "Feature", "properties": { "cd_identificador_concessao": 11, "cd_identificador_equipamento": 12, "nm_equipamento": "Cemitério de Parelheiros", "nm_parceria": "Cemitérios - Bloco 3", "tx_modalidade_concessao": "Concessão", "qt_prazo_concessao": 25, "nm_concessionaria": "CEMITÉRIOS E CREMATÓRIOS SÃO PAULO SPE S/A", "tx_cnpj_concessionaria": "48.222.338/0001-14", "tx_poder_concedente": "São Paulo Regula", "an_assinatura": 2022, "qt_area_metro": 5347.15, "tx_numero_contrato": "CONTRATO DE CONCESSÃO Nº 60/SFMSP/2022", "qt_investimento_real": 1559000.0, "tx_link_contrato": "https://www.prefeitura.sp.gov.br/cidade/secretarias/governo/desestatizacao_projetos/cemiterios_publicos/index.php?p=336623", "dt_atualizacao": "2024-05-28", "cd_usuario_atualizacao": null }, "geometry": { "type": "MultiPolygon", "coordinates": [ [ [ [ -46.729830132545075, -23.829304398776987 ], [ -46.72899590572689, -23.82892252428935 ], [ -46.728814504137524, -23.829290015971619 ], [ -46.729175679710671, -23.829426990853499 ], [ -46.7289988608158, -23.829767135804271 ], [ -46.729340480663382, -23.829921010208068 ], [ -46.729494827277129, -23.829626609613928 ], [ -46.729830132545075, -23.829304398776987 ] ] ] ] } },
{ "type": "Feature", "properties": { "cd_identificador_concessao": 12, "cd_identificador_equipamento": 7, "nm_equipamento": "Baixo do Viaduto Lapa", "nm_parceria": "Baixo do Viaduto Lapa", "tx_modalidade_concessao": "Concessão", "qt_prazo_concessao": 10, "nm_concessionaria": "VIVA A LAPA CONCESSIONARIA SPE LTDA", "tx_cnpj_concessionaria": "45.930.672/0001-34", "tx_poder_concedente": "Subprefeitura da Lapa", "an_assinatura": 2022, "qt_area_metro": 350.39, "tx_numero_contrato": "CONTRATO 001/SUB-LA/2023", "qt_investimento_real": 5193000.0, "tx_link_contrato": "https://www.prefeitura.sp.gov.br/cidade/secretarias/governo/desestatizacao_projetos/baixos_viadutos/viaduto_lapa/index.php?p=342074", "dt_atualizacao": "2024-05-28", "cd_usuario_atualizacao": null }, "geometry": { "type": "MultiPolygon", "coordinates": [ [ [ [ -46.701558334321923, -23.520547456473196 ], [ -46.701593757684364, -23.520530321471512 ], [ -46.701716656910534, -23.520447960621251 ], [ -46.701686661905008, -23.520421665196434 ], [ -46.701635970455676, -23.520376445656879 ], [ -46.701588993869841, -23.52033529419673 ], [ -46.701545038767989, -23.520296836789832 ], [ -46.701507839312441, -23.520267407890074 ], [ -46.701470578454845, -23.520237771958978 ], [ -46.701370505129326, -23.520160050871375 ], [ -46.701367798221732, -23.520162780467096 ], [ -46.701380816875343, -23.520173754256074 ], [ -46.701401501241044, -23.520194469032845 ], [ -46.701419843404359, -23.520214288335378 ], [ -46.701439200427991, -23.520237636352281 ], [ -46.701458167026104, -23.520264131118346 ], [ -46.701475631009522, -23.520290290132078 ], [ -46.701489810601814, -23.520315392400235 ], [ -46.701501467446882, -23.520339267055714 ], [ -46.701511863251177, -23.520361791945572 ], [ -46.701519614554059, -23.520381997909549 ], [ -46.701527081599338, -23.520401421359303 ], [ -46.701536662786246, -23.520435992311462 ], [ -46.701541187864365, -23.520455095745305 ], [ -46.701558334321923, -23.520547456473196 ] ] ] ] } },
{ "type": "Feature", "properties": { "cd_identificador_concessao": 13, "cd_identificador_equipamento": 7, "nm_equipamento": "Baixo do Viaduto Lapa", "nm_parceria": "Baixo do Viaduto Lapa", "tx_modalidade_concessao": "Concessão", "qt_prazo_concessao": 10, "nm_concessionaria": "VIVA A LAPA CONCESSIONARIA SPE LTDA", "tx_cnpj_concessionaria": "45.930.672/0001-34", "tx_poder_concedente": "Subprefeitura da Lapa", "an_assinatura": 2022, "qt_area_metro": 220.76, "tx_numero_contrato": "CONTRATO 001/SUB-LA/2023", "qt_investimento_real": 5193000.0, "tx_link_contrato": "https://www.prefeitura.sp.gov.br/cidade/secretarias/governo/desestatizacao_projetos/baixos_viadutos/viaduto_lapa/index.php?p=342074", "dt_atualizacao": "2024-05-28", "cd_usuario_atualizacao": null }, "geometry": { "type": "MultiPolygon", "coordinates": [ [ [ [ -46.700864482974531, -23.519312484936464 ], [ -46.700899981883651, -23.519296429827758 ], [ -46.70071310167576, -23.518880636677476 ], [ -46.700702683969297, -23.518855758769906 ], [ -46.700606705207925, -23.518897280282371 ], [ -46.700617660236048, -23.518921048780832 ], [ -46.700680847272828, -23.518893269959666 ], [ -46.700864482974531, -23.519312484936464 ] ] ] ] } },
{ "type": "Feature", "properties": { "cd_identificador_concessao": 14, "cd_identificador_equipamento": 7, "nm_equipamento": "Baixo do Viaduto Lapa", "nm_parceria": "Baixo do Viaduto Lapa", "tx_modalidade_concessao": "Concessão", "qt_prazo_concessao": 10, "nm_concessionaria": "VIVA A LAPA CONCESSIONARIA SPE LTDA", "tx_cnpj_concessionaria": "45.930.672/0001-34", "tx_poder_concedente": "Subprefeitura da Lapa", "an_assinatura": 2022, "qt_area_metro": 1962.96, "tx_numero_contrato": "CONTRATO 001/SUB-LA/2023", "qt_investimento_real": 5193000.0, "tx_link_contrato": "https://www.prefeitura.sp.gov.br/cidade/secretarias/governo/desestatizacao_projetos/baixos_viadutos/viaduto_lapa/index.php?p=342074", "dt_atualizacao": "2024-05-28", "cd_usuario_atualizacao": null }, "geometry": { "type": "MultiPolygon", "coordinates": [ [ [ [ -46.69982326361346, -23.518787398027523 ], [ -46.699959168719758, -23.518985750761427 ], [ -46.699966992307104, -23.518997123121249 ], [ -46.699980499512641, -23.519014892834655 ], [ -46.699987056005909, -23.519023679792294 ], [ -46.699993096259092, -23.519030395456713 ], [ -46.699999466924531, -23.519030813509261 ], [ -46.70002037070342, -23.519022133010246 ], [ -46.700115945926719, -23.518979081047689 ], [ -46.70022527859134, -23.518937070646054 ], [ -46.700250556052815, -23.518926581469827 ], [ -46.700255617343906, -23.518918073982398 ], [ -46.700255535693586, -23.518911717660586 ], [ -46.700253035059596, -23.518906110171407 ], [ -46.700243522433283, -23.518891941495887 ], [ -46.700224665279137, -23.518862641958464 ], [ -46.700155850082375, -23.518756549039814 ], [ -46.700103165452937, -23.518680332197441 ], [ -46.700097282487341, -23.518671375345551 ], [ -46.700012393863588, -23.518542115001431 ], [ -46.699940288195045, -23.518435985661633 ], [ -46.699928193439113, -23.518415561947066 ], [ -46.699791051797568, -23.518484888024378 ], [ -46.699662871525291, -23.518544904865205 ], [ -46.69982326361346, -23.518787398027523 ] ] ] ] } },
{ "type": "Feature", "properties": { "cd_identificador_concessao": 15, "cd_identificador_equipamento": 8, "nm_equipamento": "Baixo do Viaduto Pompéia", "nm_parceria": "Baixo do Viaduto Pompéia", "tx_modalidade_concessao": "Termo de permissão de uso (TPU)", "qt_prazo_concessao": null, "nm_concessionaria": null, "tx_cnpj_concessionaria": null, "tx_poder_concedente": "Subprefeitura da Lapa", "an_assinatura": 2020, "qt_area_metro": 337.94, "tx_numero_contrato": "TERMO DE PERMISSÃO DE USO Nº 001/SUB-LA/2020", "qt_investimento_real": null, "tx_link_contrato": "https://www.prefeitura.sp.gov.br/cidade/secretarias/governo/desestatizacao_projetos/baixos_viadutos/index.php?p=299785", "dt_atualizacao": "2024-05-28", "cd_usuario_atualizacao": null }, "geometry": { "type": "MultiPolygon", "coordinates": [ [ [ [ -46.679781308499884, -23.523545483620513 ], [ -46.6797701801896, -23.523530547893181 ], [ -46.679760231693812, -23.523525591152364 ], [ -46.679717271520389, -23.523515926580512 ], [ -46.679676392160246, -23.523497124135623 ], [ -46.679628781941659, -23.523467253268635 ], [ -46.679617074595058, -23.523466121885217 ], [ -46.679607191750151, -23.523470154289186 ], [ -46.679590740379787, -23.523513747433977 ], [ -46.679568353778897, -23.523561632320963 ], [ -46.67954043840512, -23.523612177563294 ], [ -46.679497068662776, -23.523667296304001 ], [ -46.67948114439497, -23.523684228181533 ], [ -46.679474521366771, -23.523695353738749 ], [ -46.679478927683128, -23.523707083440009 ], [ -46.67948893509385, -23.523712864074124 ], [ -46.679647502174738, -23.523637245861192 ], [ -46.679722884230735, -23.523592039895938 ], [ -46.679769552330932, -23.523556065629773 ], [ -46.679781308499884, -23.523545483620513 ] ] ] ] } },
{ "type": "Feature", "properties": { "cd_identificador_concessao": 16, "cd_identificador_equipamento": 8, "nm_equipamento": "Baixo do Viaduto Pompéia", "nm_parceria": "Baixo do Viaduto Pompéia", "tx_modalidade_concessao": "Termo de permissão de uso (TPU)", "qt_prazo_concessao": null, "nm_concessionaria": null, "tx_cnpj_concessionaria": null, "tx_poder_concedente": "Subprefeitura da Lapa", "an_assinatura": 2020, "qt_area_metro": 2517.92, "tx_numero_contrato": "TERMO DE PERMISSÃO DE USO Nº 001/SUB-LA/2020", "qt_investimento_real": null, "tx_link_contrato": "https://www.prefeitura.sp.gov.br/cidade/secretarias/governo/desestatizacao_projetos/baixos_viadutos/index.php?p=299785", "dt_atualizacao": "2024-05-28", "cd_usuario_atualizacao": null }, "geometry": { "type": "MultiPolygon", "coordinates": [ [ [ [ -46.679847981292937, -23.523429438735377 ], [ -46.67995793804684, -23.523179097532164 ], [ -46.679959851703416, -23.523156794778284 ], [ -46.679956171294577, -23.52312644982527 ], [ -46.679954700230205, -23.523097093847209 ], [ -46.679937609505991, -23.523048662834601 ], [ -46.679859681206402, -23.522894831115195 ], [ -46.679801661784019, -23.522779672165772 ], [ -46.679779751164297, -23.522754845570098 ], [ -46.679754940706211, -23.522736230202899 ], [ -46.679726866836646, -23.522724516646178 ], [ -46.67968734003086, -23.522729271267377 ], [ -46.679486405247737, -23.522808564914765 ], [ -46.679479326335773, -23.52281748371578 ], [ -46.679476835997285, -23.522855963523494 ], [ -46.679480476490269, -23.522908110365716 ], [ -46.679502056401375, -23.522965556901404 ], [ -46.679535444912069, -23.523014636090132 ], [ -46.679579448705489, -23.52311279308789 ], [ -46.67960053316412, -23.523145480492154 ], [ -46.679614239076265, -23.523186858315324 ], [ -46.679637155120659, -23.523261559892244 ], [ -46.679643379000694, -23.52331922362033 ], [ -46.679649564326674, -23.52337384929519 ], [ -46.679660829567545, -23.523396009819642 ], [ -46.679678684288753, -23.523418099227793 ], [ -46.679706371815541, -23.523436031223152 ], [ -46.679741695656006, -23.523449829506678 ], [ -46.679800988099871, -23.523448176749476 ], [ -46.679843665440082, -23.523435562253592 ], [ -46.679847981292937, -23.523429438735377 ] ] ] ] } },
{ "type": "Feature", "properties": { "cd_identificador_concessao": 17, "cd_identificador_equipamento": 8, "nm_equipamento": "Baixo do Viaduto Pompéia", "nm_parceria": "Baixo do Viaduto Pompéia", "tx_modalidade_concessao": "Termo de permissão de uso (TPU)", "qt_prazo_concessao": null, "nm_concessionaria": null, "tx_cnpj_concessionaria": null, "tx_poder_concedente": "Subprefeitura da Lapa", "an_assinatura": 2020, "qt_area_metro": 3902.97, "tx_numero_contrato": "TERMO DE PERMISSÃO DE USO Nº 001/SUB-LA/2020", "qt_investimento_real": null, "tx_link_contrato": "https://www.prefeitura.sp.gov.br/cidade/secretarias/governo/desestatizacao_projetos/baixos_viadutos/index.php?p=299785", "dt_atualizacao": "2024-05-28", "cd_usuario_atualizacao": null }, "geometry": { "type": "MultiPolygon", "coordinates": [ [ [ [ -46.67963849505319, -23.522616313830394 ], [ -46.679659510871133, -23.522596476223274 ], [ -46.679674239033851, -23.522573229139393 ], [ -46.679683862468977, -23.522542341097889 ], [ -46.679679403821595, -23.522465649274128 ], [ -46.679647574794437, -23.5223775690914 ], [ -46.679622109238501, -23.5222970417142 ], [ -46.67959238080374, -23.522198536061751 ], [ -46.679570065839684, -23.522116240875476 ], [ -46.679542693335165, -23.521999649393912 ], [ -46.679520935613731, -23.521902610902952 ], [ -46.679505914408274, -23.521808569983783 ], [ -46.67950096962381, -23.521771617307468 ], [ -46.679094180966793, -23.52181479536323 ], [ -46.679128220814498, -23.521967067376288 ], [ -46.679153614940134, -23.522090392163122 ], [ -46.679195729345444, -23.522240316279611 ], [ -46.679209028112282, -23.522290080575182 ], [ -46.679233167365403, -23.522373810999699 ], [ -46.679299744162826, -23.522573597298727 ], [ -46.679319194773178, -23.522639306757561 ], [ -46.679331299556388, -23.522654282662025 ], [ -46.67939265048318, -23.522676967115157 ], [ -46.679426454967668, -23.522670168412727 ], [ -46.67963849505319, -23.522616313830394 ] ] ] ] } },
{ "type": "Feature", "properties": { "cd_identificador_concessao": 18, "cd_identificador_equipamento": 8, "nm_equipamento": "Baixo do Viaduto Pompéia", "nm_parceria": "Baixo do Viaduto Pompéia", "tx_modalidade_concessao": "Termo de permissão de uso (TPU)", "qt_prazo_concessao": null, "nm_concessionaria": null, "tx_cnpj_concessionaria": null, "tx_poder_concedente": "Subprefeitura da Lapa", "an_assinatura": 2020, "qt_area_metro": 1019.79, "tx_numero_contrato": "TERMO DE PERMISSÃO DE USO Nº 001/SUB-LA/2020", "qt_investimento_real": null, "tx_link_contrato": "https://www.prefeitura.sp.gov.br/cidade/secretarias/governo/desestatizacao_projetos/baixos_viadutos/index.php?p=299785", "dt_atualizacao": "2024-05-28", "cd_usuario_atualizacao": null }, "geometry": { "type": "MultiPolygon", "coordinates": [ [ [ [ -46.680329973824122, -23.524272651045159 ], [ -46.680495945866944, -23.524314923191213 ], [ -46.680527174076282, -23.524314585991732 ], [ -46.680621215538295, -23.524297676481655 ], [ -46.680691089248249, -23.524277714995097 ], [ -46.6807829588762, -23.524240229693451 ], [ -46.68080221853284, -23.524225936612208 ], [ -46.680803460640405, -23.524214399039035 ], [ -46.680799189536131, -23.524206122162315 ], [ -46.680658025705178, -23.524025180770494 ], [ -46.680271694326592, -23.524193424968463 ], [ -46.680329973824122, -23.524272651045159 ] ] ] ] } },
{ "type": "Feature", "properties": { "cd_identificador_concessao": 19, "cd_identificador_equipamento": 8, "nm_equipamento": "Baixo do Viaduto Pompéia", "nm_parceria": "Baixo do Viaduto Pompéia", "tx_modalidade_concessao": "Termo de permissão de uso (TPU)", "qt_prazo_concessao": null, "nm_concessionaria": null, "tx_cnpj_concessionaria": null, "tx_poder_concedente": "Subprefeitura da Lapa", "an_assinatura": 2020, "qt_area_metro": 2234.47, "tx_numero_contrato": "TERMO DE PERMISSÃO DE USO Nº 001/SUB-LA/2020", "qt_investimento_real": null, "tx_link_contrato": "https://www.prefeitura.sp.gov.br/cidade/secretarias/governo/desestatizacao_projetos/baixos_viadutos/index.php?p=299785", "dt_atualizacao": "2024-05-28", "cd_usuario_atualizacao": null }, "geometry": { "type": "MultiPolygon", "coordinates": [ [ [ [ -46.680880481906058, -23.524319845558633 ], [ -46.680860978303848, -23.524314934353654 ], [ -46.680774678786101, -23.524353640009579 ], [ -46.680710063095852, -23.524404916073877 ], [ -46.680673037873497, -23.524441809083172 ], [ -46.680647406625262, -23.524471682352882 ], [ -46.680650084328406, -23.524493275441333 ], [ -46.680656929817722, -23.524518892209215 ], [ -46.680715996245901, -23.524602594365309 ], [ -46.68123475872887, -23.525240354980355 ], [ -46.681276171145839, -23.525214735182402 ], [ -46.68097217374423, -23.524843589445311 ], [ -46.681151697650506, -23.524722143160304 ], [ -46.681453837617831, -23.525092705254504 ], [ -46.681494088547126, -23.525070610317222 ], [ -46.681325571019769, -23.524868197325983 ], [ -46.681116048266844, -23.524607966048475 ], [ -46.680934121916231, -23.524388411170044 ], [ -46.680880481906058, -23.524319845558633 ] ] ] ] } },
{ "type": "Feature", "properties": { "cd_identificador_concessao": 20, "cd_identificador_equipamento": 18, "nm_equipamento": "Cemitério Vila Formosa I", "nm_parceria": "Cemitérios - Bloco 1", "tx_modalidade_concessao": "Concessão", "qt_prazo_concessao": 25, "nm_concessionaria": "CONCESSIONÁRIA DE CEMITÉRIOS E SERVIÇOS FUNERÁRIOS SPE S/A", "tx_cnpj_concessionaria": "44.615.216/0001-37", "tx_poder_concedente": "São Paulo Regula", "an_assinatura": 2022, "qt_area_metro": 314511.48, "tx_numero_contrato": "CONTRATO DE CONCESSÃO Nº 53/SFMSP/2022", "qt_investimento_real": 57984000.0, "tx_link_contrato": "https://www.prefeitura.sp.gov.br/cidade/secretarias/governo/desestatizacao_projetos/cemiterios_publicos/index.php?p=336623", "dt_atualizacao": "2024-05-28", "cd_usuario_atualizacao": null }, "geometry": { "type": "MultiPolygon", "coordinates": [ [ [ [ -46.527795233507661, -23.565397293608644 ], [ -46.526672008094479, -23.566444583755725 ], [ -46.526714527544705, -23.566487947601413 ], [ -46.52682395197526, -23.566620435469272 ], [ -46.526943162413104, -23.566779079092576 ], [ -46.527035648411704, -23.566909863853525 ], [ -46.527131849004014, -23.567056018270502 ], [ -46.527234592904222, -23.567234257286067 ], [ -46.527293019803906, -23.567342529086229 ], [ -46.527340390051442, -23.567442673596268 ], [ -46.527378777464527, -23.567528493513628 ], [ -46.52744394089607, -23.567685545594404 ], [ -46.527504140299754, -23.567842845097811 ], [ -46.527552290987167, -23.56796130495275 ], [ -46.527606264482522, -23.568084286074416 ], [ -46.527665161970319, -23.568203534285864 ], [ -46.527714426671601, -23.568299704620937 ], [ -46.52777592572216, -23.568412623844946 ], [ -46.52786741359607, -23.568563655398272 ], [ -46.527969839688524, -23.568712538434344 ], [ -46.528038997931091, -23.5688091542366 ], [ -46.528122991029527, -23.568922032749956 ], [ -46.528239467175545, -23.569068420445646 ], [ -46.528304528648022, -23.569143700956595 ], [ -46.528465490871255, -23.56931778132564 ], [ -46.528542535698548, -23.569397404989157 ], [ -46.528608295474555, -23.569465273394758 ], [ -46.528672128575721, -23.569528347409413 ], [ -46.528805000155856, -23.569651364711316 ], [ -46.52886375605663, -23.569698992071419 ], [ -46.528994334337682, -23.569799066938103 ], [ -46.529070301961404, -23.569853297830694 ], [ -46.529233370341935, -23.569962056325878 ], [ -46.529322169753755, -23.570016061487376 ], [ -46.529491550950631, -23.570113243558875 ], [ -46.529627051533829, -23.57019330275682 ], [ -46.529773372824664, -23.5702737520004 ], [ -46.529971119247485, -23.570384624639608 ], [ -46.530040838146604, -23.570420266551231 ], [ -46.530130217565848, -23.570252963527867 ], [ -46.53023491631906, -23.570062479796302 ], [ -46.530337998614989, -23.569871181104563 ], [ -46.530414218431083, -23.569723114452305 ], [ -46.530528168497206, -23.569522804463723 ], [ -46.530619908438197, -23.569353778387857 ], [ -46.530792911263561, -23.56943377427498 ], [ -46.531003948753622, -23.56953170933096 ], [ -46.531193205975811, -23.569618516245988 ], [ -46.531325728291613, -23.569678266390284 ], [ -46.53141442572997, -23.569720892786499 ], [ -46.531499285634375, -23.569759711719129 ], [ -46.531480415735842, -23.56965508899226 ], [ -46.531476180146214, -23.569586012107337 ], [ -46.531469820407544, -23.56953120197652 ], [ -46.531468210712703, -23.569491118483867 ], [ -46.531464137534776, -23.569386689248805 ], [ -46.531458800122905, -23.569321316579504 ], [ -46.531455813257473, -23.569261196978065 ], [ -46.531448844502108, -23.569203227105891 ], [ -46.531434065468623, -23.569064080233471 ], [ -46.531431436823482, -23.568985490289741 ], [ -46.531423969182846, -23.568933856807014 ], [ -46.53142825142109, -23.568858892125817 ], [ -46.531437393790547, -23.568808150218118 ], [ -46.531443974269109, -23.568783287088007 ], [ -46.531453835805365, -23.56874520104823 ], [ -46.531466724213779, -23.568721331006223 ], [ -46.531487478480699, -23.568684720497711 ], [ -46.531498199903581, -23.568671424269557 ], [ -46.531543739218684, -23.568600274014475 ], [ -46.531566764432498, -23.568562058248389 ], [ -46.531584675328027, -23.568527058617693 ], [ -46.53161386158942, -23.568477174421805 ], [ -46.531699155384921, -23.568329654619301 ], [ -46.531733131531219, -23.568248593433502 ], [ -46.531747375804677, -23.568193580243896 ], [ -46.531795498220731, -23.568049064851291 ], [ -46.531817338982577, -23.567958098413623 ], [ -46.53187241811009, -23.567771832208091 ], [ -46.531927521576662, -23.567587676238027 ], [ -46.531978805147581, -23.567468983171516 ], [ -46.532028093082417, -23.567375635671624 ], [ -46.532097323813097, -23.567225108275405 ], [ -46.532160322998635, -23.567129515087121 ], [ -46.532207835526684, -23.567080505380922 ], [ -46.532270859051224, -23.566987022404899 ], [ -46.53236098695173, -23.566861614797642 ], [ -46.532462463284006, -23.566727653282499 ], [ -46.532543507070329, -23.566608666623669 ], [ -46.532649395932616, -23.566459936539943 ], [ -46.532552413893704, -23.566304320382397 ], [ -46.532287465342911, -23.565816815073287 ], [ -46.532062286831412, -23.56545118245246 ], [ -46.531774169485388, -23.564971002476724 ], [ -46.53168795386069, -23.564832076476023 ], [ -46.531533573555286, -23.564581680080192 ], [ -46.531139526631591, -23.563944286521579 ], [ -46.530511199036347, -23.564268886127408 ], [ -46.529792323985944, -23.564637197589832 ], [ -46.529511946343973, -23.56417056395896 ], [ -46.529262673221822, -23.56375453826675 ], [ -46.528958635953245, -23.563255337021452 ], [ -46.528796615156061, -23.562989843999354 ], [ -46.528458870351486, -23.562437364669233 ], [ -46.528160678412029, -23.561947504920685 ], [ -46.527933166650527, -23.561575901023929 ], [ -46.527655334122059, -23.561120692233629 ], [ -46.527666379922948, -23.561184953845917 ], [ -46.52770804218185, -23.561421975331413 ], [ -46.527736735580646, -23.561626411545355 ], [ -46.527750876104463, -23.561760289125768 ], [ -46.527763872049981, -23.561894177950261 ], [ -46.527784626583426, -23.562105023648833 ], [ -46.527795589659043, -23.56226109265657 ], [ -46.527812595724981, -23.562543732062469 ], [ -46.527791607109435, -23.562708557078718 ], [ -46.527748409384181, -23.562932694269215 ], [ -46.527739740535466, -23.562974989397969 ], [ -46.52770029133341, -23.563127332853263 ], [ -46.527665322933913, -23.563271190277579 ], [ -46.527621392686314, -23.563432019739277 ], [ -46.527526878974982, -23.563574351809105 ], [ -46.527424374735602, -23.563619679503407 ], [ -46.527278545253509, -23.563680206300749 ], [ -46.527159796407609, -23.563706698964801 ], [ -46.527040998714668, -23.563728971026062 ], [ -46.526945483942249, -23.563784782236169 ], [ -46.526852063198994, -23.563823688846448 ], [ -46.526740718549988, -23.563896539402776 ], [ -46.526674866433723, -23.563943617119197 ], [ -46.526613983054645, -23.564024413963022 ], [ -46.526544186417134, -23.564126403290679 ], [ -46.526512624409897, -23.564168923191495 ], [ -46.526467595022659, -23.564234790808285 ], [ -46.526491975472162, -23.564363291701476 ], [ -46.526591243565825, -23.564434073703065 ], [ -46.526692752256579, -23.564500612635673 ], [ -46.526775654098628, -23.564542008300759 ], [ -46.526899958164002, -23.564599881196003 ], [ -46.526992383204828, -23.564672840639815 ], [ -46.527096303548838, -23.564749908081275 ], [ -46.527292551765314, -23.564891493666327 ], [ -46.527371265921019, -23.564966698081008 ], [ -46.527436293263342, -23.565046257941763 ], [ -46.52753115463414, -23.565131856070693 ], [ -46.527626186984719, -23.565232225927385 ], [ -46.527709431295705, -23.56530316463633 ], [ -46.527795233507661, -23.565397293608644 ] ] ] ] } },
{ "type": "Feature", "properties": { "cd_identificador_concessao": 21, "cd_identificador_equipamento": 33, "nm_equipamento": "Cemitério da Quarta Parada", "nm_parceria": "Cemitérios - Bloco 1", "tx_modalidade_concessao": "Concessão", "qt_prazo_concessao": 25, "nm_concessionaria": "CONCESSIONÁRIA DE CEMITÉRIOS E SERVIÇOS FUNERÁRIOS SPE S/A", "tx_cnpj_concessionaria": "44.615.216/0001-37", "tx_poder_concedente": "São Paulo Regula", "an_assinatura": 2022, "qt_area_metro": 170193.09, "tx_numero_contrato": "CONTRATO DE CONCESSÃO Nº 53/SFMSP/2022", "qt_investimento_real": 11890000.0, "tx_link_contrato": "https://www.prefeitura.sp.gov.br/cidade/secretarias/governo/desestatizacao_projetos/cemiterios_publicos/index.php?p=336623", "dt_atualizacao": "2024-05-28", "cd_usuario_atualizacao": null }, "geometry": { "type": "MultiPolygon", "coordinates": [ [ [ [ -46.584455600801554, -23.546264838479868 ], [ -46.583976496354531, -23.545778344832932 ], [ -46.583535354702605, -23.5453266276606 ], [ -46.583107580340013, -23.544886676084101 ], [ -46.582706263741429, -23.544475397520348 ], [ -46.582457196985963, -23.544223242648584 ], [ -46.582246551567167, -23.544005089947913 ], [ -46.582020476433684, -23.543774873825662 ], [ -46.581682474314398, -23.543619852634425 ], [ -46.581502291469569, -23.544016397748159 ], [ -46.581288276507436, -23.544475099328963 ], [ -46.581115985447717, -23.544840288583259 ], [ -46.581004007631321, -23.545078837116844 ], [ -46.58090013210586, -23.545306258957268 ], [ -46.580820384821557, -23.545473084845415 ], [ -46.580824968193902, -23.545474578859896 ], [ -46.58068182930127, -23.545783188064384 ], [ -46.58055934488997, -23.546049526921269 ], [ -46.580405350610619, -23.546379178860555 ], [ -46.580263481303092, -23.546678448156833 ], [ -46.580107130459545, -23.547012409647593 ], [ -46.580064828325817, -23.547100632792333 ], [ -46.579955078954853, -23.547338172807308 ], [ -46.579785195273793, -23.547699332216126 ], [ -46.579520863400312, -23.548252153602412 ], [ -46.57952842431348, -23.548253702296464 ], [ -46.57952033367377, -23.548281598331474 ], [ -46.579509031561699, -23.548278462148044 ], [ -46.579473875189819, -23.548434956118108 ], [ -46.579415439316598, -23.54868442948295 ], [ -46.579358489166971, -23.548918897151395 ], [ -46.579324297414544, -23.549057771868497 ], [ -46.57928551981383, -23.549206355757054 ], [ -46.579254982146452, -23.549314941262178 ], [ -46.57921511617851, -23.549421634784515 ], [ -46.579270404669558, -23.549441572511242 ], [ -46.579263622302491, -23.549455999841456 ], [ -46.579313301127314, -23.549473736899852 ], [ -46.579311278862392, -23.549476647188605 ], [ -46.579495724288556, -23.549542511549109 ], [ -46.579583892085282, -23.549573995705465 ], [ -46.579596872588716, -23.54957871593308 ], [ -46.579675563263656, -23.549607324367855 ], [ -46.579729193123626, -23.549626900395708 ], [ -46.579789317287599, -23.549648845950433 ], [ -46.579850011126076, -23.549671000618904 ], [ -46.579914333397937, -23.549694399824332 ], [ -46.579968366266762, -23.54971367727855 ], [ -46.580038873829324, -23.54973883142366 ], [ -46.580134102810426, -23.549772805457589 ], [ -46.580225603469884, -23.549805450102369 ], [ -46.580381913038927, -23.549861215126871 ], [ -46.580588903297929, -23.549934252207528 ], [ -46.580637490179782, -23.549878755587368 ], [ -46.580704915709347, -23.549799595472042 ], [ -46.580765380012544, -23.549728091685012 ], [ -46.58099749380078, -23.549462855152726 ], [ -46.581181730234384, -23.54924867572565 ], [ -46.581349017808463, -23.549058870100279 ], [ -46.581533324429323, -23.548850649691015 ], [ -46.58176584430705, -23.548611415736115 ], [ -46.581940593652355, -23.548431376848491 ], [ -46.582207668711042, -23.548182218494496 ], [ -46.582442603580368, -23.547964903077595 ], [ -46.582616190790986, -23.547802484728088 ], [ -46.582730771636335, -23.547694127066517 ], [ -46.582825819091212, -23.547606918808153 ], [ -46.582885576041178, -23.547550141129594 ], [ -46.582918454664771, -23.547522805402878 ], [ -46.583189574924852, -23.547304029766792 ], [ -46.583628373545444, -23.546946709598632 ], [ -46.584018737759081, -23.546624729234061 ], [ -46.584455600801554, -23.546264838479868 ] ] ] ] } },
{ "type": "Feature", "properties": { "cd_identificador_concessao": 22, "cd_identificador_equipamento": 37, "nm_equipamento": "Cemitério de Tremembé", "nm_parceria": "Cemitérios - Bloco 1", "tx_modalidade_concessao": "Concessão", "qt_prazo_concessao": 25, "nm_concessionaria": "CONCESSIONÁRIA DE CEMITÉRIOS E SERVIÇOS FUNERÁRIOS SPE S/A", "tx_cnpj_concessionaria": "44.615.216/0001-37", "tx_poder_concedente": "São Paulo Regula", "an_assinatura": 2022, "qt_area_metro": 66992.95, "tx_numero_contrato": "CONTRATO DE CONCESSÃO Nº 53/SFMSP/2022", "qt_investimento_real": 6032000.0, "tx_link_contrato": "https://www.prefeitura.sp.gov.br/cidade/secretarias/governo/desestatizacao_projetos/cemiterios_publicos/index.php?p=336623", "dt_atualizacao": "2024-05-28", "cd_usuario_atualizacao": null }, "geometry": { "type": "MultiPolygon", "coordinates": [ [ [ [ -46.602073495199356, -23.457207909980433 ], [ -46.602017419589444, -23.456986696716719 ], [ -46.601991007282464, -23.45692642747613 ], [ -46.601928866284034, -23.456851498405165 ], [ -46.601850804811292, -23.456781067443984 ], [ -46.601762676210193, -23.456719987056314 ], [ -46.60172349545995, -23.456704784678085 ], [ -46.601656828701245, -23.456696077512028 ], [ -46.601546184507136, -23.4566899891818 ], [ -46.601500522842514, -23.456695804065227 ], [ -46.601382214858226, -23.456729528536684 ], [ -46.601097158515493, -23.456819147667588 ], [ -46.600765559619852, -23.456919502603327 ], [ -46.600245023160632, -23.457080024056062 ], [ -46.600069074802583, -23.457139335350391 ], [ -46.599952010279225, -23.457185336538359 ], [ -46.599910216363469, -23.457200214048534 ], [ -46.599854455695308, -23.45721277850328 ], [ -46.599802213184233, -23.457218371421821 ], [ -46.599612388962527, -23.457244763827767 ], [ -46.599530450396379, -23.457255429304535 ], [ -46.599158026239856, -23.4571148681148 ], [ -46.598946047696941, -23.457004484903859 ], [ -46.598689444588572, -23.456907996167516 ], [ -46.598521047441288, -23.456853082619368 ], [ -46.598412063957596, -23.456835343739023 ], [ -46.598317436873749, -23.456832773430818 ], [ -46.59802526065755, -23.456923119226463 ], [ -46.597715644888162, -23.457034946118174 ], [ -46.597440311154806, -23.457138898905633 ], [ -46.597319561361026, -23.457190281965634 ], [ -46.5973079790882, -23.457203910230707 ], [ -46.597305868344577, -23.457217224770091 ], [ -46.597307512460574, -23.457230211881527 ], [ -46.597317632954983, -23.457252106587468 ], [ -46.597298232529532, -23.457258653712078 ], [ -46.597410783131963, -23.457527269795825 ], [ -46.597417044472628, -23.457761276712422 ], [ -46.597420608503306, -23.458031433318091 ], [ -46.597421633366409, -23.458060473998763 ], [ -46.597427507318486, -23.458214284836625 ], [ -46.597576936628627, -23.458632059351366 ], [ -46.597633195343633, -23.458743768548018 ], [ -46.597663542447542, -23.458801704530025 ], [ -46.597684742481256, -23.45884218790858 ], [ -46.597833793629192, -23.459126756816474 ], [ -46.597945847735907, -23.459080663966233 ], [ -46.598051274320852, -23.459038594308794 ], [ -46.598148011076162, -23.458999991035515 ], [ -46.598208728375333, -23.458943740916453 ], [ -46.598223678418307, -23.458936652290198 ], [ -46.598267401202413, -23.458925006422547 ], [ -46.598446943768025, -23.458930607656967 ], [ -46.598938392037063, -23.458746838448079 ], [ -46.598960442884483, -23.458718148217756 ], [ -46.599377188495509, -23.458534854506617 ], [ -46.599385750853301, -23.458533818502762 ], [ -46.59938773520458, -23.458535215945133 ], [ -46.59952574378984, -23.458488801673315 ], [ -46.599628433905863, -23.458452050931129 ], [ -46.59968198170214, -23.458432889865833 ], [ -46.599736767368796, -23.458413291652658 ], [ -46.599810733025706, -23.458386723811909 ], [ -46.599842931550931, -23.458374852559054 ], [ -46.599897661373994, -23.458354685942027 ], [ -46.599961434712121, -23.458331175555987 ], [ -46.600153378363864, -23.458260421116698 ], [ -46.600294383088141, -23.458208439747359 ], [ -46.600379157536608, -23.458177200341197 ], [ -46.600226761726681, -23.457890789999922 ], [ -46.600976845518971, -23.457608709836013 ], [ -46.602073495199356, -23.457207909980433 ] ] ] ] } },
{ "type": "Feature", "properties": { "cd_identificador_concessao": 23, "cd_identificador_equipamento": 13, "nm_equipamento": "Cemitério de Santo Amaro", "nm_parceria": "Cemitérios - Bloco 2", "tx_modalidade_concessao": "Concessão", "qt_prazo_concessao": 25, "nm_concessionaria": "SPE CONSÓRCIO CORTEL SP S/A", "tx_cnpj_concessionaria": "47.701.152/0001-85", "tx_poder_concedente": "São Paulo Regula", "an_assinatura": 2022, "qt_area_metro": 30169.58, "tx_numero_contrato": "CONTRATO DE CONCESSÃO Nº 54/SFMSP/2022", "qt_investimento_real": 3007000.0, "tx_link_contrato": "https://www.prefeitura.sp.gov.br/cidade/secretarias/governo/desestatizacao_projetos/cemiterios_publicos/index.php?p=336623", "dt_atualizacao": "2024-05-28", "cd_usuario_atualizacao": null }, "geometry": { "type": "MultiPolygon", "coordinates": [ [ [ [ -46.701691990704695, -23.652460893470717 ], [ -46.701625329842457, -23.652430381579247 ], [ -46.700809626353418, -23.652057185660983 ], [ -46.700574619421118, -23.651948153591135 ], [ -46.700548207124974, -23.651906905440661 ], [ -46.700487204366532, -23.651821157691078 ], [ -46.700346003703928, -23.651620705859909 ], [ -46.700284561214545, -23.651531404523393 ], [ -46.700035761345923, -23.651165169590996 ], [ -46.700016231650245, -23.651147004672914 ], [ -46.700000882732901, -23.651145157040403 ], [ -46.699629414653266, -23.651351521947905 ], [ -46.69960061749034, -23.651393259601495 ], [ -46.699647919176691, -23.651602446310111 ], [ -46.699704291322227, -23.651822972709724 ], [ -46.699761189924821, -23.652053877760629 ], [ -46.699828108277849, -23.652331899773813 ], [ -46.699885155540493, -23.652551515615613 ], [ -46.699965687938963, -23.652889257066136 ], [ -46.700064283499145, -23.653289649017204 ], [ -46.700143779453697, -23.653613625307752 ], [ -46.700150067707185, -23.653639252268604 ], [ -46.700597119592345, -23.653377444431907 ], [ -46.700632506152999, -23.653356757653423 ], [ -46.700918572028286, -23.653189524626676 ], [ -46.701599831971961, -23.653353887329697 ], [ -46.701628680323417, -23.653333343446054 ], [ -46.701691990704695, -23.652460893470717 ] ] ] ] } },
{ "type": "Feature", "properties": { "cd_identificador_concessao": 24, "cd_identificador_equipamento": 36, "nm_equipamento": "Cemitério Vila Nova Cachoerinha", "nm_parceria": "Cemitérios - Bloco 2", "tx_modalidade_concessao": "Concessão", "qt_prazo_concessao": 25, "nm_concessionaria": "SPE CONSÓRCIO CORTEL SP S/A", "tx_cnpj_concessionaria": "47.701.152/0001-85", "tx_poder_concedente": "São Paulo Regula", "an_assinatura": 2022, "qt_area_metro": 227597.77, "tx_numero_contrato": "CONTRATO DE CONCESSÃO Nº 54/SFMSP/2022", "qt_investimento_real": 34889000.0, "tx_link_contrato": "https://www.prefeitura.sp.gov.br/cidade/secretarias/governo/desestatizacao_projetos/cemiterios_publicos/index.php?p=336623", "dt_atualizacao": "2024-05-28", "cd_usuario_atualizacao": null }, "geometry": { "type": "MultiPolygon", "coordinates": [ [ [ [ -46.671810010265084, -23.478931621216631 ], [ -46.671619975064274, -23.478568632785183 ], [ -46.671222183931114, -23.478044942416933 ], [ -46.670595031945766, -23.477239757089279 ], [ -46.670465598655447, -23.477121885850021 ], [ -46.670333574323621, -23.47702656882479 ], [ -46.670145307220928, -23.476942011695563 ], [ -46.669963540539101, -23.476892280495193 ], [ -46.669819530773808, -23.47687262176413 ], [ -46.669362782891852, -23.476821725856166 ], [ -46.668520611800446, -23.476748502027736 ], [ -46.667942399093661, -23.476725538117485 ], [ -46.667272191526976, -23.476747216233509 ], [ -46.667130830439902, -23.47678580078566 ], [ -46.666552304566999, -23.477020193493601 ], [ -46.666440343035667, -23.476822967034863 ], [ -46.665426324225947, -23.477302838005702 ], [ -46.665132907037012, -23.477421897654608 ], [ -46.665154711175667, -23.477473626449424 ], [ -46.665274566508486, -23.477819898350948 ], [ -46.665040131761792, -23.477939038901312 ], [ -46.664776455442848, -23.478062758613188 ], [ -46.66449002604422, -23.478216591096565 ], [ -46.664284866750101, -23.478333995543625 ], [ -46.664068339650896, -23.47846716740802 ], [ -46.663912177163979, -23.478572224651888 ], [ -46.663721146420926, -23.47870965775293 ], [ -46.663560438781282, -23.478828898199701 ], [ -46.663420816437608, -23.478930053018821 ], [ -46.663330437288586, -23.479036319768529 ], [ -46.663177632375444, -23.479222592756862 ], [ -46.662994423313833, -23.47944820990833 ], [ -46.662877522654107, -23.479599775403759 ], [ -46.662730353575675, -23.479798386465021 ], [ -46.66263906466429, -23.479932909319515 ], [ -46.662623888555679, -23.479954644580445 ], [ -46.662620883135688, -23.479965585235252 ], [ -46.662619819499064, -23.479976794145475 ], [ -46.662622068236743, -23.479989051356974 ], [ -46.662624657007733, -23.479995633916602 ], [ -46.662630275859527, -23.480001831971862 ], [ -46.66266294814006, -23.480021519264948 ], [ -46.662877457558409, -23.480150775596758 ], [ -46.663112708403759, -23.480297619695691 ], [ -46.663441167295339, -23.480506712652872 ], [ -46.663643627750716, -23.480229014116912 ], [ -46.663730688915813, -23.480109598981468 ], [ -46.663942277993968, -23.480147567943 ], [ -46.664273950601, -23.480207084867768 ], [ -46.664586351117975, -23.480268252748925 ], [ -46.664884867410471, -23.480325834209413 ], [ -46.665663985154843, -23.479684132995907 ], [ -46.666063988501797, -23.479677542694418 ], [ -46.666539174801947, -23.479669712373191 ], [ -46.666808272500639, -23.479665277424871 ], [ -46.667007222500963, -23.479652707431459 ], [ -46.667340356072096, -23.479642075893583 ], [ -46.667503054102887, -23.479632859029749 ], [ -46.667624788138404, -23.479631556606037 ], [ -46.667752932938001, -23.479608197752952 ], [ -46.667838921907659, -23.479585517121851 ], [ -46.668194653435705, -23.479518390448277 ], [ -46.668366532934556, -23.479482033070266 ], [ -46.668664922758985, -23.479418914686921 ], [ -46.66898395576451, -23.479358205417654 ], [ -46.669157262683584, -23.479319411411787 ], [ -46.669353304386732, -23.479281137017061 ], [ -46.669449260044587, -23.479280109274278 ], [ -46.669512433319746, -23.479291745700291 ], [ -46.669672178393384, -23.479334648638339 ], [ -46.669810456121397, -23.479380046879101 ], [ -46.669954800074699, -23.479405202603292 ], [ -46.670128714406111, -23.479435511549781 ], [ -46.670289337032777, -23.479451590260226 ], [ -46.670472914897545, -23.479464976085261 ], [ -46.670615966955729, -23.47947722902493 ], [ -46.670925650741538, -23.479508700580585 ], [ -46.671201631327243, -23.479534189822374 ], [ -46.671400554419357, -23.479551910863968 ], [ -46.671449787517666, -23.479551095643888 ], [ -46.671496121860358, -23.479542842577104 ], [ -46.671583221355888, -23.47950485124106 ], [ -46.671673990632868, -23.479463545135168 ], [ -46.671767080417411, -23.479394772247694 ], [ -46.671827541465866, -23.479330114545736 ], [ -46.671867413654311, -23.479252499302021 ], [ -46.671880285654794, -23.479139403847654 ], [ -46.671857454499737, -23.479029249931354 ], [ -46.671810010265084, -23.478931621216631 ] ] ] ] } },
{ "type": "Feature", "properties": { "cd_identificador_concessao": 25, "cd_identificador_equipamento": 38, "nm_equipamento": "Cemitério Dom Bosco", "nm_parceria": "Cemitérios - Bloco 2", "tx_modalidade_concessao": "Concessão", "qt_prazo_concessao": 25, "nm_concessionaria": "SPE CONSÓRCIO CORTEL SP S/A", "tx_cnpj_concessionaria": "47.701.152/0001-85", "tx_poder_concedente": "São Paulo Regula", "an_assinatura": 2022, "qt_area_metro": 225437.73, "tx_numero_contrato": "CONTRATO DE CONCESSÃO Nº 54/SFMSP/2022", "qt_investimento_real": 38478000.0, "tx_link_contrato": "https://www.prefeitura.sp.gov.br/cidade/secretarias/governo/desestatizacao_projetos/cemiterios_publicos/index.php?p=336623", "dt_atualizacao": "2024-05-28", "cd_usuario_atualizacao": null }, "geometry": { "type": "MultiPolygon", "coordinates": [ [ [ [ -46.746419505726479, -23.390100879666665 ], [ -46.745990041706278, -23.390139002427116 ], [ -46.744649655109974, -23.390126197874725 ], [ -46.744578353436907, -23.390111845918618 ], [ -46.744427025412413, -23.390085258975962 ], [ -46.744304165185966, -23.39006037391173 ], [ -46.744113351215056, -23.390026148473957 ], [ -46.743950925727276, -23.389987566668353 ], [ -46.743836896146846, -23.389968641813105 ], [ -46.743681298563047, -23.389950180575159 ], [ -46.743490722793041, -23.38993412903055 ], [ -46.743492897365471, -23.389933094924096 ], [ -46.743300332092609, -23.389932213109283 ], [ -46.743107069380173, -23.38996163438404 ], [ -46.74293893975247, -23.389988755478175 ], [ -46.742734159287863, -23.390057688945802 ], [ -46.742649205265387, -23.390086911935427 ], [ -46.742590346201602, -23.390103725748624 ], [ -46.742533661705295, -23.390119505446691 ], [ -46.742517438199719, -23.39013382422899 ], [ -46.74214077472957, -23.390361200013871 ], [ -46.741967190348845, -23.390473208459813 ], [ -46.741911744786066, -23.390500082507923 ], [ -46.741866210345307, -23.390531895350957 ], [ -46.741805149959703, -23.390547723560481 ], [ -46.741672010890539, -23.39057344356921 ], [ -46.741545289928084, -23.390587983584396 ], [ -46.741413020200426, -23.390596526203037 ], [ -46.741250121182532, -23.390605409917896 ], [ -46.74118684646556, -23.390619242853333 ], [ -46.740987495606326, -23.390768901821062 ], [ -46.74098610323238, -23.390997143956312 ], [ -46.741121758412369, -23.391498539348397 ], [ -46.741133304788562, -23.391544863930477 ], [ -46.741142663352974, -23.391591212882165 ], [ -46.741143745905426, -23.391674008702186 ], [ -46.741149019282524, -23.391742619906942 ], [ -46.741119242040554, -23.392142853064399 ], [ -46.741113813920784, -23.3922297608142 ], [ -46.741102482398809, -23.392367226930237 ], [ -46.741093048254839, -23.392482455162185 ], [ -46.74108831982813, -23.392622877275858 ], [ -46.741087608769156, -23.392652170907262 ], [ -46.741085119136244, -23.39271278976554 ], [ -46.741080468066563, -23.392775452404987 ], [ -46.741073504659987, -23.392870456068522 ], [ -46.741072240038477, -23.392899250939557 ], [ -46.741074342995638, -23.392934572335676 ], [ -46.741077058926393, -23.392974936163736 ], [ -46.741102391700366, -23.393029690901614 ], [ -46.741123506289718, -23.393054701989573 ], [ -46.741172100984684, -23.393089505462374 ], [ -46.741238132455756, -23.393119065402683 ], [ -46.741323947001369, -23.393155473870998 ], [ -46.741395434947776, -23.393183963097623 ], [ -46.741461387278555, -23.393207464708908 ], [ -46.7415350631263, -23.393235929490569 ], [ -46.74160880503576, -23.393269442758882 ], [ -46.741710066779966, -23.393315777392079 ], [ -46.741822505583599, -23.393380164724903 ], [ -46.741897539693937, -23.39342881122333 ], [ -46.741935142627788, -23.393459697536681 ], [ -46.741980521942644, -23.393499585833208 ], [ -46.742022698765048, -23.393545568919144 ], [ -46.7420515767705, -23.393578572150759 ], [ -46.742073904441426, -23.39361265823911 ], [ -46.742106302042941, -23.393663799557434 ], [ -46.742136617501117, -23.393723042888979 ], [ -46.742153568057276, -23.393764257860695 ], [ -46.742170597890826, -23.39381153105548 ], [ -46.742178172108957, -23.393888700269446 ], [ -46.742174589061115, -23.393949331301627 ], [ -46.742168474663039, -23.393983734410508 ], [ -46.742156008060228, -23.394034365950922 ], [ -46.742130757767804, -23.394111396126927 ], [ -46.742079940048981, -23.394241223567125 ], [ -46.742027251420289, -23.394395308284 ], [ -46.742445567786675, -23.394758230993688 ], [ -46.742457416962957, -23.395162039410664 ], [ -46.743656455559844, -23.394904282578679 ], [ -46.743890028909, -23.39486128244469 ], [ -46.744388670284692, -23.394673944565053 ], [ -46.744435144658588, -23.394713819863867 ], [ -46.744594806127353, -23.394707998286517 ], [ -46.744866146043691, -23.394541373384655 ], [ -46.745018864320187, -23.394339717918559 ], [ -46.745102100021946, -23.394179232179376 ], [ -46.745159134194658, -23.394023078374914 ], [ -46.745235064870982, -23.39380612252145 ], [ -46.745268879408705, -23.39371485839116 ], [ -46.745317902972374, -23.393615345613771 ], [ -46.745371513923892, -23.393531939201253 ], [ -46.745433637957234, -23.393430260395291 ], [ -46.74542359754458, -23.392998156544166 ], [ -46.745761863041828, -23.392428862434574 ], [ -46.74640539816243, -23.390443376570715 ], [ -46.746419505726479, -23.390100879666665 ] ] ] ] } },
{ "type": "Feature", "properties": { "cd_identificador_concessao": 26, "cd_identificador_equipamento": 31, "nm_equipamento": "Cemitério da Saudade", "nm_parceria": "Cemitérios - Bloco 3", "tx_modalidade_concessao": "Concessão", "qt_prazo_concessao": 25, "nm_concessionaria": "CEMITÉRIOS E CREMATÓRIOS SÃO PAULO SPE S/A", "tx_cnpj_concessionaria": "48.222.338/0001-14", "tx_poder_concedente": "São Paulo Regula", "an_assinatura": 2022, "qt_area_metro": 134592.34, "tx_numero_contrato": "CONTRATO DE CONCESSÃO Nº 60/SFMSP/2022", "qt_investimento_real": 20733000.0, "tx_link_contrato": "https://www.prefeitura.sp.gov.br/cidade/secretarias/governo/desestatizacao_projetos/cemiterios_publicos/index.php?p=336623", "dt_atualizacao": "2024-05-28", "cd_usuario_atualizacao": null }, "geometry": { "type": "MultiPolygon", "coordinates": [ [ [ [ -46.443505678912992, -23.511706302775107 ], [ -46.443428418962583, -23.510873231808322 ], [ -46.44338450696408, -23.510370066604889 ], [ -46.443353213159781, -23.509994002747977 ], [ -46.443319146279734, -23.50963842859473 ], [ -46.443295191847724, -23.509360679341764 ], [ -46.44326749612172, -23.509087371828606 ], [ -46.443234196426587, -23.508674986086522 ], [ -46.439407082717146, -23.508247785769587 ], [ -46.439401438880438, -23.508289682331274 ], [ -46.439393028492987, -23.508317764943364 ], [ -46.439385393438187, -23.508330686509208 ], [ -46.439210121497183, -23.508608219032407 ], [ -46.439004018207221, -23.50893236489058 ], [ -46.43885040001733, -23.509174142230258 ], [ -46.438683613833156, -23.509437019912482 ], [ -46.438553521428062, -23.509644939468661 ], [ -46.438380363919542, -23.509911885444058 ], [ -46.438431577758742, -23.510073878598025 ], [ -46.438893639463764, -23.510341693175977 ], [ -46.439867570007706, -23.510906533000892 ], [ -46.440275218650712, -23.511144728265421 ], [ -46.4406020755318, -23.511336049879496 ], [ -46.440938710528826, -23.511533114247911 ], [ -46.441084444544011, -23.511607698251108 ], [ -46.441419206478393, -23.511136975540495 ], [ -46.441259226328263, -23.511044931557485 ], [ -46.441502377890387, -23.510671233267487 ], [ -46.441702287490976, -23.510736602298618 ], [ -46.442043531058822, -23.510941314144294 ], [ -46.442530223996123, -23.51122186678586 ], [ -46.442820166418315, -23.511389106006092 ], [ -46.443175416756375, -23.511592052642857 ], [ -46.44344892478076, -23.511745517284446 ], [ -46.443505678912992, -23.511706302775107 ] ] ] ] } },
{ "type": "Feature", "properties": { "cd_identificador_concessao": 27, "cd_identificador_equipamento": 33, "nm_equipamento": "Cemitério da Lapa", "nm_parceria": "Cemitérios - Bloco 3", "tx_modalidade_concessao": "Concessão", "qt_prazo_concessao": 25, "nm_concessionaria": "CEMITÉRIOS E CREMATÓRIOS SÃO PAULO SPE S/A", "tx_cnpj_concessionaria": "48.222.338/0001-14", "tx_poder_concedente": "São Paulo Regula", "an_assinatura": 2022, "qt_area_metro": 105796.42, "tx_numero_contrato": "CONTRATO DE CONCESSÃO Nº 60/SFMSP/2022", "qt_investimento_real": 6716000.0, "tx_link_contrato": "https://www.prefeitura.sp.gov.br/cidade/secretarias/governo/desestatizacao_projetos/cemiterios_publicos/index.php?p=336623", "dt_atualizacao": "2024-05-28", "cd_usuario_atualizacao": null }, "geometry": { "type": "MultiPolygon", "coordinates": [ [ [ [ -46.720440128824748, -23.533308338124169 ], [ -46.720410100353988, -23.533290805108805 ], [ -46.720094245839711, -23.533320535050276 ], [ -46.72013472068226, -23.533449630017 ], [ -46.720162139569496, -23.533537082742782 ], [ -46.720172321140595, -23.53359265670748 ], [ -46.720174102970965, -23.533646978964022 ], [ -46.720159551382302, -23.533698714994316 ], [ -46.720107774973364, -23.533777968082855 ], [ -46.72008303833681, -23.533835317817751 ], [ -46.720081275893335, -23.533876545949965 ], [ -46.720080259536033, -23.53393154027658 ], [ -46.720078650624728, -23.534018614095984 ], [ -46.720078030657348, -23.534082926665981 ], [ -46.7200776964944, -23.534142782453774 ], [ -46.720080948861913, -23.534142318472384 ], [ -46.720081086385505, -23.534178950070274 ], [ -46.720076568863739, -23.534178827540181 ], [ -46.72007607296262, -23.534198005630838 ], [ -46.720074681846633, -23.534251821161799 ], [ -46.720073298266598, -23.53430531243021 ], [ -46.720071561549709, -23.534360266859029 ], [ -46.720062810808429, -23.534410275413677 ], [ -46.720062643997473, -23.534412886943066 ], [ -46.720035661530865, -23.534481007264421 ], [ -46.720008245632528, -23.534571003160952 ], [ -46.720004959053149, -23.534581790675681 ], [ -46.720000239757894, -23.534623615872082 ], [ -46.720000023732247, -23.534625530825515 ], [ -46.719984994455174, -23.534677975564019 ], [ -46.719969746830849, -23.534731178530478 ], [ -46.719962554975815, -23.534779963431593 ], [ -46.719959763661421, -23.534836517903454 ], [ -46.719951137369726, -23.534889247637608 ], [ -46.719941040684525, -23.534890814900997 ], [ -46.719939099713649, -23.534949044979577 ], [ -46.719943667168309, -23.53494916425138 ], [ -46.719927840294417, -23.535069214968679 ], [ -46.719921650504901, -23.535127502852866 ], [ -46.719942680972295, -23.535128787409683 ], [ -46.719921576523831, -23.535328019591773 ], [ -46.719906690710332, -23.535468548186309 ], [ -46.719301822547564, -23.535433287402629 ], [ -46.719253205153954, -23.536085852345952 ], [ -46.719253891326829, -23.536110835435949 ], [ -46.719259298645774, -23.53613645624851 ], [ -46.719263755368488, -23.536151786080865 ], [ -46.719280617670456, -23.536185389289709 ], [ -46.719321108334576, -23.536260156738312 ], [ -46.719454122128028, -23.536496683648032 ], [ -46.719517129963279, -23.536601550361073 ], [ -46.719543888854794, -23.536638890949817 ], [ -46.71958071710484, -23.536684752963122 ], [ -46.719592123937616, -23.536698593660525 ], [ -46.719618108078237, -23.536727491572428 ], [ -46.719651437050977, -23.536759726165659 ], [ -46.719686168949131, -23.53679018438298 ], [ -46.719717027143616, -23.536813849663858 ], [ -46.719764549120974, -23.536844763363256 ], [ -46.719851766773736, -23.536899815300607 ], [ -46.719947921161982, -23.536958452643518 ], [ -46.720027797513595, -23.537006362500808 ], [ -46.720088023690117, -23.537036917104587 ], [ -46.720158811215335, -23.537068859311585 ], [ -46.720224321165013, -23.537095486059744 ], [ -46.72027523371063, -23.53711432685057 ], [ -46.72032039643215, -23.537127388765352 ], [ -46.720455444594045, -23.537155936479078 ], [ -46.720584907066041, -23.53718002721412 ], [ -46.720658458695482, -23.537190519339614 ], [ -46.720745187116748, -23.537198970275004 ], [ -46.720802206335343, -23.537202304669815 ], [ -46.720899488009003, -23.537205499784957 ], [ -46.720953712720807, -23.537204297638894 ], [ -46.720997757025096, -23.537202155192837 ], [ -46.721040143101909, -23.53719744667956 ], [ -46.72117263389508, -23.537181795594311 ], [ -46.721336595634774, -23.537158455657796 ], [ -46.721502439977534, -23.537134383150782 ], [ -46.721779571680365, -23.537094502527783 ], [ -46.722033677431291, -23.537058156011003 ], [ -46.722244604630909, -23.537029894912983 ], [ -46.722380974706731, -23.537010727814575 ], [ -46.722601908577488, -23.536980534993656 ], [ -46.722952432672699, -23.536929962572088 ], [ -46.723052816096406, -23.536913179889932 ], [ -46.723152006862151, -23.535998153489849 ], [ -46.723185654546725, -23.535999802760021 ], [ -46.723196291041518, -23.536030688394284 ], [ -46.723205413058871, -23.536057546874641 ], [ -46.72321365490717, -23.536072957307073 ], [ -46.723222636437683, -23.536089033533877 ], [ -46.723242572679176, -23.536104314428378 ], [ -46.723259541422365, -23.536116258250949 ], [ -46.723280921908746, -23.536130175166289 ], [ -46.723297837970861, -23.536138075639922 ], [ -46.723318434876681, -23.536147957301605 ], [ -46.72333897909661, -23.536153795616066 ], [ -46.723263704821008, -23.536884558425957 ], [ -46.723306910371505, -23.536879471094252 ], [ -46.723342956187388, -23.536874582965631 ], [ -46.723462984899946, -23.536857392931907 ], [ -46.723559636003706, -23.536845592676158 ], [ -46.72364880852669, -23.536835531329455 ], [ -46.723710262033201, -23.536830803178418 ], [ -46.723767433609254, -23.536826977592995 ], [ -46.723849092186846, -23.536824658667115 ], [ -46.723935061975709, -23.536823684356193 ], [ -46.723996379290249, -23.536823987332717 ], [ -46.724042737847505, -23.536825462908613 ], [ -46.724075641078336, -23.536827438855276 ], [ -46.724103562344908, -23.536805693920098 ], [ -46.724114344495696, -23.536751749989016 ], [ -46.724127143997578, -23.536682465145091 ], [ -46.724133614347352, -23.536652224083397 ], [ -46.724163138473202, -23.536562764994297 ], [ -46.724200797144803, -23.536469677777504 ], [ -46.724238607171884, -23.536395715396939 ], [ -46.724283136811067, -23.536324608779161 ], [ -46.724315694272377, -23.536281821202902 ], [ -46.724359452054635, -23.536234750242862 ], [ -46.724228318560144, -23.536206256440611 ], [ -46.724092079233031, -23.536172330651571 ], [ -46.724024789083842, -23.536156340083767 ], [ -46.723966851491888, -23.536147961112011 ], [ -46.723888343366873, -23.536142413418098 ], [ -46.723722566095432, -23.536130239269404 ], [ -46.723612201068804, -23.53612430483787 ], [ -46.723462148229935, -23.53611583008384 ], [ -46.72338737690233, -23.536111138324259 ], [ -46.723428835363656, -23.535908718602855 ], [ -46.723457810732157, -23.535755928099753 ], [ -46.723485894582225, -23.535622360684574 ], [ -46.723502273504032, -23.535539508316408 ], [ -46.723528042419964, -23.535446330819454 ], [ -46.723355801160835, -23.535383202696128 ], [ -46.723323412559012, -23.535677675312989 ], [ -46.723220605748487, -23.535653315042197 ], [ -46.723115630661979, -23.535628433302122 ], [ -46.7230560631006, -23.535613999326529 ], [ -46.722978542902219, -23.535594797626839 ], [ -46.722935604803091, -23.535583849244411 ], [ -46.722886786875051, -23.535565265144012 ], [ -46.722830439265621, -23.535543813392227 ], [ -46.722779872268994, -23.535521326878136 ], [ -46.722727931322794, -23.535497646437832 ], [ -46.722678098903771, -23.535474558480988 ], [ -46.722635034978317, -23.535450486237792 ], [ -46.722595251374919, -23.535428018420237 ], [ -46.722514142778216, -23.535368880208498 ], [ -46.722416874161581, -23.535296793885017 ], [ -46.722502554867539, -23.535141870396622 ], [ -46.722260725480609, -23.535043652235164 ], [ -46.722015042213741, -23.53493630632401 ], [ -46.721863069459836, -23.534869625467614 ], [ -46.721684501754275, -23.534790840506655 ], [ -46.721518604546191, -23.534718149475154 ], [ -46.721400889657225, -23.534664823775586 ], [ -46.721351687946381, -23.534644703787688 ], [ -46.721264480790587, -23.534602048068201 ], [ -46.721218442367821, -23.534581087558788 ], [ -46.721151781930807, -23.534540851167851 ], [ -46.721067748542943, -23.534481595498526 ], [ -46.720990579036979, -23.534404899972333 ], [ -46.720935782316502, -23.534350761422768 ], [ -46.720865487013008, -23.534265391375477 ], [ -46.720806787261672, -23.534185861001628 ], [ -46.720735926892196, -23.534088284894981 ], [ -46.720639937365753, -23.533942274951077 ], [ -46.720611516559103, -23.533895281722206 ], [ -46.720602881448606, -23.533876390631015 ], [ -46.720584018052669, -23.53382492657407 ], [ -46.720473276926661, -23.533430704441177 ], [ -46.720440128824748, -23.533308338124169 ] ] ] ] } },
{ "type": "Feature", "properties": { "cd_identificador_concessao": 28, "cd_identificador_equipamento": 21, "nm_equipamento": "Cemitério do Lageado", "nm_parceria": "Cemitérios - Bloco 3", "tx_modalidade_concessao": "Concessão", "qt_prazo_concessao": 25, "nm_concessionaria": "CEMITÉRIOS E CREMATÓRIOS SÃO PAULO SPE S/A", "tx_cnpj_concessionaria": "48.222.338/0001-14", "tx_poder_concedente": "São Paulo Regula", "an_assinatura": 2022, "qt_area_metro": 52858.57, "tx_numero_contrato": "CONTRATO DE CONCESSÃO Nº 60/SFMSP/2022", "qt_investimento_real": 10717000.0, "tx_link_contrato": "https://www.prefeitura.sp.gov.br/cidade/secretarias/governo/desestatizacao_projetos/cemiterios_publicos/index.php?p=336623", "dt_atualizacao": "2024-05-28", "cd_usuario_atualizacao": null }, "geometry": { "type": "MultiPolygon", "coordinates": [ [ [ [ -46.397450798501048, -23.534006795496968 ], [ -46.397190618157722, -23.533889931750664 ], [ -46.396954974298531, -23.533781417691877 ], [ -46.396980523740567, -23.533708579047111 ], [ -46.396729839189881, -23.533650502350767 ], [ -46.396730215117351, -23.53364899982968 ], [ -46.396565608761911, -23.533614235867649 ], [ -46.39656486850852, -23.533617412394175 ], [ -46.396460246586052, -23.533596658884822 ], [ -46.396377790690927, -23.533582434487066 ], [ -46.396284716510934, -23.533570924318447 ], [ -46.396249997582146, -23.533566630047087 ], [ -46.396172490362694, -23.533559116325975 ], [ -46.396148472636376, -23.533559033803126 ], [ -46.396086333111271, -23.533565407303929 ], [ -46.395971731982165, -23.533589356165528 ], [ -46.395850078214863, -23.533619771194079 ], [ -46.395636715340736, -23.533670587938165 ], [ -46.395493685343112, -23.533710857598091 ], [ -46.395379837882217, -23.533754279156192 ], [ -46.395261023218119, -23.533797591646724 ], [ -46.395176756870939, -23.533823453428759 ], [ -46.394920890030811, -23.533900867328171 ], [ -46.394842639027502, -23.533922222720975 ], [ -46.394593536796442, -23.533991899098165 ], [ -46.394509952754071, -23.53401375367574 ], [ -46.39440283371097, -23.534060889200628 ], [ -46.394351797534746, -23.534098509153388 ], [ -46.394215978229354, -23.534227307262338 ], [ -46.3940036473725, -23.53443848526091 ], [ -46.393909517903012, -23.53453322394995 ], [ -46.393889892577683, -23.534552157168598 ], [ -46.393874168068457, -23.534567605594784 ], [ -46.393997852862945, -23.534939830485186 ], [ -46.394008763806148, -23.534936057112198 ], [ -46.394051089112509, -23.535077464760903 ], [ -46.394071379086427, -23.535182927721785 ], [ -46.394502038760123, -23.535199298049339 ], [ -46.394976503700967, -23.535213006767492 ], [ -46.395063260707033, -23.53521703703824 ], [ -46.395150017715586, -23.53522106726053 ], [ -46.395269035441657, -23.535226596284879 ], [ -46.395340514825705, -23.535229002352548 ], [ -46.395406712871505, -23.535231230879205 ], [ -46.395477016452851, -23.535233597758108 ], [ -46.395545281958356, -23.535235895283989 ], [ -46.395610431533775, -23.535238548553824 ], [ -46.395675580121363, -23.535241200901915 ], [ -46.395748618871401, -23.535244628650076 ], [ -46.395810997425556, -23.535247835006359 ], [ -46.395882336453369, -23.535247149867164 ], [ -46.395952440230779, -23.535245433599567 ], [ -46.396202586059445, -23.535239312154228 ], [ -46.396293517338691, -23.535232360509188 ], [ -46.396418794609737, -23.535219387557547 ], [ -46.396680260928328, -23.535176682110119 ], [ -46.396815632897621, -23.535154077877507 ], [ -46.396876539020582, -23.535143907661574 ], [ -46.396944973943846, -23.535132480445469 ], [ -46.397151733118726, -23.5350982858034 ], [ -46.397160366045021, -23.535093990807329 ], [ -46.397213501667196, -23.535050147705778 ], [ -46.397257011224724, -23.534969624017481 ], [ -46.397304480436887, -23.534838809946891 ], [ -46.397317211464035, -23.534803725774971 ], [ -46.397349315827121, -23.534709767918155 ], [ -46.397360079163434, -23.53466672162142 ], [ -46.39736309299812, -23.534654663455413 ], [ -46.397378808054192, -23.534533588184654 ], [ -46.397412341311686, -23.534291183942656 ], [ -46.397433979335105, -23.534131177009215 ], [ -46.397450798501048, -23.534006795496968 ] ] ] ] } },
{ "type": "Feature", "properties": { "cd_identificador_concessao": 29, "cd_identificador_equipamento": 16, "nm_equipamento": "Crematório da Vila Alpina", "nm_parceria": "Cemitérios - Bloco 4", "tx_modalidade_concessao": "Concessão", "qt_prazo_concessao": 25, "nm_concessionaria": "CONCESSIONÁRIA PREVER ADMINISTRAÇÃO GERENCIAL E SERVIÇOS FUN", "tx_cnpj_concessionaria": "47.863.166/0001-03", "tx_poder_concedente": "São Paulo Regula", "an_assinatura": 2022, "qt_area_metro": 54907.83, "tx_numero_contrato": "CONTRATO DE CONCESSÃO Nº 55/SFMSP/2022", "qt_investimento_real": null, "tx_link_contrato": "https://www.prefeitura.sp.gov.br/cidade/secretarias/governo/desestatizacao_projetos/cemiterios_publicos/index.php?p=336623", "dt_atualizacao": "2024-05-28", "cd_usuario_atualizacao": null }, "geometry": { "type": "MultiPolygon", "coordinates": [ [ [ [ -46.56830026049137, -23.586682085779003 ], [ -46.568371070099673, -23.5864339621514 ], [ -46.568282351582738, -23.586497415409951 ], [ -46.568178107098561, -23.58655249480849 ], [ -46.568036624070444, -23.586589467183536 ], [ -46.567828579057668, -23.586607206659615 ], [ -46.56758909378599, -23.58657550153136 ], [ -46.56733109920058, -23.586543982799512 ], [ -46.567157973250517, -23.586514450899561 ], [ -46.566844315580639, -23.586472118857895 ], [ -46.566637340303856, -23.586450036624264 ], [ -46.566408602007165, -23.586413955968904 ], [ -46.566274425755331, -23.586416730787327 ], [ -46.566157418936648, -23.586436393511853 ], [ -46.566016222194534, -23.586497531127318 ], [ -46.565906346770511, -23.586598162188956 ], [ -46.565680632669384, -23.587336910167931 ], [ -46.565759577810887, -23.58748966462786 ], [ -46.565535093134933, -23.588332188625273 ], [ -46.56559032450582, -23.588326673970119 ], [ -46.565656763470486, -23.588324712909365 ], [ -46.56572794801783, -23.588323020048616 ], [ -46.565883788679912, -23.588317060186469 ], [ -46.566046262580073, -23.588318510518555 ], [ -46.56618798045325, -23.588326301667664 ], [ -46.566311476247428, -23.588335983205454 ], [ -46.566441321558429, -23.588350630580223 ], [ -46.566523163629448, -23.588361057127376 ], [ -46.566604922522032, -23.588375205023574 ], [ -46.566724835608028, -23.588400852114496 ], [ -46.566850815122358, -23.588426600461492 ], [ -46.566969413740267, -23.588457064828862 ], [ -46.567051725994233, -23.588483145182067 ], [ -46.567136756169127, -23.588514489921508 ], [ -46.567206377151052, -23.588547787158937 ], [ -46.567253498591967, -23.588575098435811 ], [ -46.567298517910103, -23.588606088249318 ], [ -46.567339030646274, -23.588639606903811 ], [ -46.567384164828773, -23.588684385055465 ], [ -46.567398672497973, -23.588705514433357 ], [ -46.56742330145466, -23.588746399667329 ], [ -46.567464560385382, -23.588853436819786 ], [ -46.567577255160977, -23.588607894828066 ], [ -46.567822477530314, -23.588674660351067 ], [ -46.567884208013268, -23.588702187090934 ], [ -46.568308175491495, -23.587317377252102 ], [ -46.568337791048556, -23.58721328969801 ], [ -46.568342539043307, -23.587158503975058 ], [ -46.568325692646944, -23.587103936295719 ], [ -46.568306090489465, -23.587052452153959 ], [ -46.568268678233792, -23.586937658028994 ], [ -46.568260394121268, -23.586864812521092 ], [ -46.568266565509035, -23.5867599137129 ], [ -46.56830026049137, -23.586682085779003 ] ] ] ] } },
{ "type": "Feature", "properties": { "cd_identificador_concessao": 30, "cd_identificador_equipamento": 20, "nm_equipamento": "Cemitério de Itaquera", "nm_parceria": "Cemitérios - Bloco 4", "tx_modalidade_concessao": "Concessão", "qt_prazo_concessao": 25, "nm_concessionaria": "CONCESSIONÁRIA PREVER ADMINISTRAÇÃO GERENCIAL E SERVIÇOS FUN", "tx_cnpj_concessionaria": "47.863.166/0001-03", "tx_poder_concedente": "São Paulo Regula", "an_assinatura": 2022, "qt_area_metro": 111430.69, "tx_numero_contrato": "CONTRATO DE CONCESSÃO Nº 55/SFMSP/2022", "qt_investimento_real": 17581000.0, "tx_link_contrato": "https://www.prefeitura.sp.gov.br/cidade/secretarias/governo/desestatizacao_projetos/cemiterios_publicos/index.php?p=336623", "dt_atualizacao": "2024-05-28", "cd_usuario_atualizacao": null }, "geometry": { "type": "MultiPolygon", "coordinates": [ [ [ [ -46.454391373264315, -23.556873426827771 ], [ -46.452224276439971, -23.558106463938344 ], [ -46.452112866355137, -23.559102776767279 ], [ -46.452103456359914, -23.55922893246597 ], [ -46.452105461691502, -23.559411380296254 ], [ -46.452209294159069, -23.560017526404113 ], [ -46.455688725572465, -23.560648707108147 ], [ -46.45569993899916, -23.560645699235497 ], [ -46.455708192065373, -23.560639401512603 ], [ -46.455712144460136, -23.560630655882701 ], [ -46.455703037500697, -23.560457398140699 ], [ -46.45569980149785, -23.560367854057816 ], [ -46.455699634488035, -23.560311871631249 ], [ -46.455699654811241, -23.560272889995638 ], [ -46.455701451549722, -23.56023181824489 ], [ -46.455707577381105, -23.560175362197416 ], [ -46.455715744628385, -23.560140865934706 ], [ -46.455725528365996, -23.560089766685845 ], [ -46.455739787394855, -23.560036552049514 ], [ -46.455995543129596, -23.559568038445313 ], [ -46.456014941876909, -23.559532192893275 ], [ -46.456026243990273, -23.559496423168348 ], [ -46.456038436582801, -23.559459815710461 ], [ -46.456042596529137, -23.559429089229486 ], [ -46.456044002761757, -23.559393412183599 ], [ -46.456040938294393, -23.559360265185735 ], [ -46.456035092699395, -23.559319679702018 ], [ -46.456031137753335, -23.559287370435676 ], [ -46.45601721383661, -23.559248519392494 ], [ -46.456007906858112, -23.559220407210969 ], [ -46.455983169204615, -23.559179998652187 ], [ -46.455967546602416, -23.559150286829031 ], [ -46.455938402254887, -23.559118213455505 ], [ -46.454391373264315, -23.556873426827771 ] ] ] ] } },
{ "type": "Feature", "properties": { "cd_identificador_concessao": 31, "cd_identificador_equipamento": 32, "nm_equipamento": "Cemitério da Penha", "nm_parceria": "Cemitérios - Bloco 4", "tx_modalidade_concessao": "Concessão", "qt_prazo_concessao": 25, "nm_concessionaria": "CONCESSIONÁRIA PREVER ADMINISTRAÇÃO GERENCIAL E SERVIÇOS FUN", "tx_cnpj_concessionaria": "47.863.166/0001-03", "tx_poder_concedente": "São Paulo Regula", "an_assinatura": 2022, "qt_area_metro": 16300.78, "tx_numero_contrato": "CONTRATO DE CONCESSÃO Nº 55/SFMSP/2022", "qt_investimento_real": 1821000.0, "tx_link_contrato": "https://www.prefeitura.sp.gov.br/cidade/secretarias/governo/desestatizacao_projetos/cemiterios_publicos/index.php?p=336623", "dt_atualizacao": "2024-05-28", "cd_usuario_atualizacao": null }, "geometry": { "type": "MultiPolygon", "coordinates": [ [ [ [ -46.542117008334287, -23.521767486957007 ], [ -46.542037023590389, -23.521758968798672 ], [ -46.540717175193521, -23.521594993266522 ], [ -46.540598586487583, -23.522378326916026 ], [ -46.540703787686461, -23.522443859346726 ], [ -46.541020350944201, -23.522651328573453 ], [ -46.541272084349451, -23.522755587001122 ], [ -46.541284375884089, -23.522760684984316 ], [ -46.541544987959398, -23.522792248893012 ], [ -46.54197023050736, -23.522843186724209 ], [ -46.541991367840041, -23.522682882614394 ], [ -46.541984621286289, -23.522682145725696 ], [ -46.542117008334287, -23.521767486957007 ] ] ] ] } },
{ "type": "Feature", "properties": { "cd_identificador_concessao": 32, "cd_identificador_equipamento": 35, "nm_equipamento": "Cemitério da Freguesia do Ó", "nm_parceria": "Cemitérios - Bloco 4", "tx_modalidade_concessao": "Concessão", "qt_prazo_concessao": 25, "nm_concessionaria": "CONCESSIONÁRIA PREVER ADMINISTRAÇÃO GERENCIAL E SERVIÇOS FUN", "tx_cnpj_concessionaria": "47.863.166/0001-03", "tx_poder_concedente": "São Paulo Regula", "an_assinatura": 2022, "qt_area_metro": 14387.63, "tx_numero_contrato": "CONTRATO DE CONCESSÃO Nº 55/SFMSP/2022", "qt_investimento_real": 2641000.0, "tx_link_contrato": "https://www.prefeitura.sp.gov.br/cidade/secretarias/governo/desestatizacao_projetos/cemiterios_publicos/index.php?p=336623", "dt_atualizacao": "2024-05-28", "cd_usuario_atualizacao": null }, "geometry": { "type": "MultiPolygon", "coordinates": [ [ [ [ -46.698070968064755, -23.499149727733233 ], [ -46.698141068629162, -23.499046200274609 ], [ -46.698144535574698, -23.499007305695926 ], [ -46.698136534479069, -23.498972039845022 ], [ -46.698054663482836, -23.498596464960816 ], [ -46.697989637888341, -23.498293778438448 ], [ -46.697973946025698, -23.498220705847736 ], [ -46.697904878576836, -23.497890629683702 ], [ -46.697850474697496, -23.497875040634018 ], [ -46.697636369728919, -23.498046924541967 ], [ -46.697502424190532, -23.49815607802363 ], [ -46.697443885921999, -23.498202968443408 ], [ -46.696887101065762, -23.498649688923955 ], [ -46.696429183183788, -23.499014447625658 ], [ -46.69646556834531, -23.499052736578928 ], [ -46.696535053519035, -23.499125855563445 ], [ -46.696572828295523, -23.49916561030005 ], [ -46.696623441631985, -23.499219294181504 ], [ -46.696647085606124, -23.499244366253592 ], [ -46.69672276251039, -23.499324632800871 ], [ -46.696738207627305, -23.499341016847513 ], [ -46.69680772054862, -23.499414749442462 ], [ -46.696838732887088, -23.499447644412768 ], [ -46.696877968066069, -23.499489259623793 ], [ -46.69696153407137, -23.499423286889169 ], [ -46.69704416443642, -23.499357658423225 ], [ -46.697091765220726, -23.499319845221152 ], [ -46.697141391835395, -23.499280429654132 ], [ -46.697197929250358, -23.499235520673537 ], [ -46.697246702846122, -23.499196782602137 ], [ -46.697355822993231, -23.499110114022002 ], [ -46.697386201054719, -23.499075868204475 ], [ -46.697436773601417, -23.499071603186838 ], [ -46.697651904784927, -23.499048435073892 ], [ -46.697769324607734, -23.499024191574069 ], [ -46.697891600830857, -23.498999181667809 ], [ -46.697987645340476, -23.498986332286051 ], [ -46.698070968064755, -23.499149727733233 ] ] ] ] } },
{ "type": "Feature", "properties": { "cd_identificador_concessao": 33, "cd_identificador_equipamento": 15, "nm_equipamento": "Cemitério São Pedro", "nm_parceria": "Cemitérios - Bloco 4", "tx_modalidade_concessao": "Concessão", "qt_prazo_concessao": 25, "nm_concessionaria": "CONCESSIONÁRIA PREVER ADMINISTRAÇÃO GERENCIAL E SERVIÇOS FUN", "tx_cnpj_concessionaria": "47.863.166/0001-03", "tx_poder_concedente": "São Paulo Regula", "an_assinatura": 2022, "qt_area_metro": 235074.91, "tx_numero_contrato": "CONTRATO DE CONCESSÃO Nº 55/SFMSP/2022", "qt_investimento_real": 41655000.0, "tx_link_contrato": "https://www.prefeitura.sp.gov.br/cidade/secretarias/governo/desestatizacao_projetos/cemiterios_publicos/index.php?p=336623", "dt_atualizacao": "2024-05-28", "cd_usuario_atualizacao": null }, "geometry": { "type": "MultiPolygon", "coordinates": [ [ [ [ -46.567384164828773, -23.588684385055465 ], [ -46.567339030646274, -23.588639606903811 ], [ -46.567298517910103, -23.588606088249318 ], [ -46.567253498591967, -23.588575098435811 ], [ -46.567206377151052, -23.588547787158937 ], [ -46.567136756169127, -23.588514489921508 ], [ -46.567051725994233, -23.588483145182067 ], [ -46.566969413740267, -23.588457064828862 ], [ -46.566850815122358, -23.588426600461492 ], [ -46.566724835608028, -23.588400852114496 ], [ -46.566604922522032, -23.588375205023574 ], [ -46.566523163629448, -23.588361057127376 ], [ -46.566441321558429, -23.588350630580223 ], [ -46.566311476247428, -23.588335983205454 ], [ -46.56618798045325, -23.588326301667664 ], [ -46.566046262580073, -23.588318510518555 ], [ -46.565883788679912, -23.588317060186469 ], [ -46.56572794801783, -23.588323020048616 ], [ -46.565656763470486, -23.588324712909365 ], [ -46.56559032450582, -23.588326673970119 ], [ -46.565459560843742, -23.588339496804807 ], [ -46.565368514344641, -23.588351043296424 ], [ -46.565264482679204, -23.588368175002554 ], [ -46.565147540389283, -23.588388091699684 ], [ -46.565034869541591, -23.588411261393517 ], [ -46.564929585159227, -23.588438438359457 ], [ -46.56483255852725, -23.588462949344017 ], [ -46.564744931065391, -23.588488503418702 ], [ -46.564647818758338, -23.588518189616352 ], [ -46.564482678750217, -23.58857782876634 ], [ -46.564394858076469, -23.588613543881468 ], [ -46.564299515445491, -23.588652838531928 ], [ -46.56422124422383, -23.588687400808816 ], [ -46.56414132626238, -23.588728526727486 ], [ -46.564024290956269, -23.588789405780922 ], [ -46.563944866519542, -23.588833326081595 ], [ -46.563868541692656, -23.588879183778246 ], [ -46.56375378357167, -23.588951165258045 ], [ -46.563638889289685, -23.589031510251637 ], [ -46.563552990302334, -23.589092174838012 ], [ -46.563387330268725, -23.589218833289532 ], [ -46.563221496048335, -23.589372991138358 ], [ -46.56306423800077, -23.58953483775727 ], [ -46.562999276712787, -23.589601206306853 ], [ -46.56283181223634, -23.589688960998114 ], [ -46.562806804555819, -23.58969375496569 ], [ -46.562793110976997, -23.589699112371118 ], [ -46.562764158841631, -23.589716678998776 ], [ -46.56273383193318, -23.589737302725982 ], [ -46.562704267965614, -23.589762777169696 ], [ -46.562647266994588, -23.589824541217762 ], [ -46.562371302332778, -23.590145515563425 ], [ -46.562190435210489, -23.590354313543305 ], [ -46.562016606452289, -23.59055513887257 ], [ -46.561858170079859, -23.590736050537977 ], [ -46.561700909355778, -23.590916155552183 ], [ -46.561604817538132, -23.591024810279091 ], [ -46.561509627456211, -23.591126050889894 ], [ -46.56139908998118, -23.591239483379589 ], [ -46.561336172460067, -23.591313951039847 ], [ -46.561263412135482, -23.591406563962103 ], [ -46.561164030660152, -23.591547251249867 ], [ -46.561102662192326, -23.591673694182703 ], [ -46.56105785043021, -23.591797838024473 ], [ -46.561018170857672, -23.591964583162071 ], [ -46.561005350716187, -23.592119684206274 ], [ -46.561012322572601, -23.592252548977132 ], [ -46.561037994006981, -23.592401220613137 ], [ -46.561067105409435, -23.592514669026006 ], [ -46.561133540357922, -23.592653333967259 ], [ -46.561223046067994, -23.592786079885272 ], [ -46.561309147178406, -23.592891846477407 ], [ -46.561447576655688, -23.592987134533317 ], [ -46.56181539509884, -23.593172530185477 ], [ -46.561965710939866, -23.593229310616064 ], [ -46.562101655845112, -23.593245004344613 ], [ -46.562300541523683, -23.59323447303623 ], [ -46.562548636612334, -23.593210650479222 ], [ -46.56275799986291, -23.593172999682615 ], [ -46.562994070612902, -23.593101481815765 ], [ -46.563401598214412, -23.592979043440625 ], [ -46.564075632894195, -23.592770912930725 ], [ -46.564449587471849, -23.592658338059866 ], [ -46.564809919052777, -23.592549710439801 ], [ -46.565414487161235, -23.592327608741705 ], [ -46.565504598224038, -23.59228820351176 ], [ -46.565647173869593, -23.592235393029284 ], [ -46.565794059969228, -23.592165667591416 ], [ -46.565928907020542, -23.592088954610961 ], [ -46.566055855674087, -23.59199668179949 ], [ -46.566183102781679, -23.59186459657986 ], [ -46.566384629698604, -23.591686976621165 ], [ -46.566460742332765, -23.591600903277769 ], [ -46.566561062287988, -23.591474776419158 ], [ -46.566725390655535, -23.591282602794688 ], [ -46.566831339798306, -23.591110922650934 ], [ -46.566964884843543, -23.590924746406699 ], [ -46.56706147707866, -23.590744629968288 ], [ -46.567141591358769, -23.590605910807053 ], [ -46.567316923464176, -23.590301306505978 ], [ -46.567368017007468, -23.590187050037326 ], [ -46.567471442283278, -23.589932932871008 ], [ -46.567488803517492, -23.589836077937061 ], [ -46.567501773753563, -23.589759171965525 ], [ -46.567509457732392, -23.589626870685674 ], [ -46.567510020491873, -23.589544402895452 ], [ -46.567508770502094, -23.589439205231223 ], [ -46.567513268159978, -23.589298405542198 ], [ -46.56751335672049, -23.589205347495707 ], [ -46.567518866055678, -23.589034041731999 ], [ -46.567484682175682, -23.588919065855233 ], [ -46.567464560385382, -23.588853436819786 ], [ -46.56742330145466, -23.588746399667329 ], [ -46.567384164828773, -23.588684385055465 ] ] ] ] } },
{ "type": "Feature", "properties": { "cd_identificador_concessao": 34, "cd_identificador_equipamento": 11, "nm_equipamento": "Cemitério São Luis", "nm_parceria": "Cemitérios - Bloco 4", "tx_modalidade_concessao": "Concessão", "qt_prazo_concessao": 25, "nm_concessionaria": "CONCESSIONÁRIA PREVER ADMINISTRAÇÃO GERENCIAL E SERVIÇOS FUN", "tx_cnpj_concessionaria": "47.863.166/0001-03", "tx_poder_concedente": "São Paulo Regula", "an_assinatura": 2022, "qt_area_metro": 235772.55, "tx_numero_contrato": "CONTRATO DE CONCESSÃO Nº 55/SFMSP/2022", "qt_investimento_real": 39984000.0, "tx_link_contrato": "https://www.prefeitura.sp.gov.br/cidade/secretarias/governo/desestatizacao_projetos/cemiterios_publicos/index.php?p=336623", "dt_atualizacao": "2024-05-28", "cd_usuario_atualizacao": null }, "geometry": { "type": "MultiPolygon", "coordinates": [ [ [ [ -46.748329360195839, -23.661289699076569 ], [ -46.748186845321783, -23.661261960134564 ], [ -46.748037870981797, -23.66123501631747 ], [ -46.748023385653447, -23.661229400644434 ], [ -46.748001773476553, -23.661218628070269 ], [ -46.747868723870951, -23.661135970992209 ], [ -46.74774474119193, -23.661056913749405 ], [ -46.747596136439327, -23.66096188041212 ], [ -46.747413245275972, -23.660846555275608 ], [ -46.747251392763012, -23.660743092642171 ], [ -46.747074597217228, -23.660629052812414 ], [ -46.746982144286541, -23.66056932443696 ], [ -46.746938355847526, -23.660542186838761 ], [ -46.746913640571186, -23.660526572978107 ], [ -46.746871302367808, -23.660505288400213 ], [ -46.746822933939725, -23.660487593425753 ], [ -46.746689550264236, -23.660438710595677 ], [ -46.746542872092448, -23.660385281983199 ], [ -46.746438365730761, -23.66034799281077 ], [ -46.746398103116647, -23.660335353342894 ], [ -46.746256465089566, -23.660292342249011 ], [ -46.746114249841078, -23.660250150210565 ], [ -46.745736397191237, -23.660143701898466 ], [ -46.745636458989239, -23.660118189782693 ], [ -46.745513307470851, -23.660086798807395 ], [ -46.745350963353047, -23.660042123840071 ], [ -46.745312520345045, -23.660033617309484 ], [ -46.74528928210637, -23.660033246963458 ], [ -46.745274720833265, -23.660036661713296 ], [ -46.745260677206254, -23.660042147494135 ], [ -46.745248424237758, -23.660049599669588 ], [ -46.745243187689638, -23.660053902672974 ], [ -46.745165282222978, -23.66014471729385 ], [ -46.745036992477559, -23.660302288019583 ], [ -46.744924022240916, -23.660439730193268 ], [ -46.744798618509279, -23.660593204815893 ], [ -46.74466431675836, -23.660755809375292 ], [ -46.744562489281478, -23.660876059455298 ], [ -46.744455506792207, -23.660977224253298 ], [ -46.744281389344593, -23.661153550631674 ], [ -46.74414736785959, -23.661293035244242 ], [ -46.744116493680821, -23.661324213964331 ], [ -46.743918192963015, -23.661365110710808 ], [ -46.743750004329236, -23.661378685909852 ], [ -46.743683433799916, -23.66137817089702 ], [ -46.743585908099377, -23.661394167608986 ], [ -46.743346803052916, -23.661467790139309 ], [ -46.743178254340066, -23.661613830079315 ], [ -46.743001647567887, -23.661939339390617 ], [ -46.742930076692048, -23.662259471616881 ], [ -46.742911726051425, -23.662272861611704 ], [ -46.742848793564789, -23.662332353793978 ], [ -46.742725045323027, -23.662448334432277 ], [ -46.74261990093855, -23.662547852024449 ], [ -46.742480789970998, -23.662680800778624 ], [ -46.742370844815824, -23.662787957276048 ], [ -46.7422312887212, -23.6629243421729 ], [ -46.742126486697416, -23.663027557846888 ], [ -46.74204858222619, -23.663126136709117 ], [ -46.742017653128009, -23.663174252338823 ], [ -46.741991426426864, -23.663214730023338 ], [ -46.741972352602005, -23.663247542213824 ], [ -46.74192407241302, -23.66335490809298 ], [ -46.74189808031413, -23.663427890568563 ], [ -46.741879138378764, -23.663500251987831 ], [ -46.741863137333716, -23.663602198233608 ], [ -46.741848684740432, -23.663747018832346 ], [ -46.741843263333351, -23.663811372277738 ], [ -46.741825672452009, -23.664022687811983 ], [ -46.741820255482622, -23.664057784509051 ], [ -46.741811848876011, -23.664089212580318 ], [ -46.741800257871013, -23.664124468985854 ], [ -46.741780250506778, -23.664175622237455 ], [ -46.741738637273968, -23.664253475825575 ], [ -46.741702618057296, -23.664309594890415 ], [ -46.741662718622386, -23.664361423241935 ], [ -46.741630005549069, -23.664400709614291 ], [ -46.741602034341234, -23.664427932982875 ], [ -46.7415450853767, -23.664480404454775 ], [ -46.741500897943794, -23.664519368290879 ], [ -46.741461369981629, -23.66455484840051 ], [ -46.741439184204367, -23.664574782836123 ], [ -46.741428006482707, -23.664589446526008 ], [ -46.741421111728584, -23.664601804613135 ], [ -46.741417269942474, -23.664615211965938 ], [ -46.74141677631777, -23.664622351092124 ], [ -46.741418283822327, -23.664639942346085 ], [ -46.741423309278062, -23.664656681372037 ], [ -46.741476862698612, -23.664777079341977 ], [ -46.741521309717534, -23.66487608861997 ], [ -46.741593547415626, -23.665045218266446 ], [ -46.741668809664901, -23.665220634756174 ], [ -46.741708682178214, -23.665307324501612 ], [ -46.741721409520707, -23.665328220953988 ], [ -46.741733586945891, -23.665344608665517 ], [ -46.741767276476324, -23.66537899481045 ], [ -46.74180248888662, -23.66540993248508 ], [ -46.741833658455775, -23.665431705164682 ], [ -46.741891213579315, -23.665461940124363 ], [ -46.742002875236295, -23.665521094275483 ], [ -46.742121047032782, -23.665583245281294 ], [ -46.742141345769639, -23.665591053581753 ], [ -46.742161412566482, -23.66559615553507 ], [ -46.742183299870312, -23.665598076568966 ], [ -46.742204961215272, -23.665597742680276 ], [ -46.742333305777287, -23.665584199346132 ], [ -46.742688096419698, -23.665547340245119 ], [ -46.74276219018671, -23.665538379923056 ], [ -46.742792881369581, -23.665538847359379 ], [ -46.742816077795787, -23.66555077669916 ], [ -46.742830615514272, -23.665530747510672 ], [ -46.742954599581182, -23.665535854189446 ], [ -46.743196157881215, -23.665587586329107 ], [ -46.743260929408777, -23.66560013137768 ], [ -46.743296935089674, -23.665594759816525 ], [ -46.743484326951815, -23.665568722004476 ], [ -46.743601782379017, -23.665591600113991 ], [ -46.743725747817237, -23.665689028543657 ], [ -46.743801566896991, -23.665753333343908 ], [ -46.743876901059501, -23.665815694229547 ], [ -46.743963109808661, -23.665884885634156 ], [ -46.744041399119716, -23.665948296745857 ], [ -46.744119612050149, -23.666013334044049 ], [ -46.744166283029571, -23.666050733922674 ], [ -46.744247072808697, -23.666021831859506 ], [ -46.744374346438114, -23.665971908648743 ], [ -46.744705525515208, -23.665810608758569 ], [ -46.744779166188849, -23.665767519803921 ], [ -46.744799576716765, -23.665754196678307 ], [ -46.744829147235173, -23.665736706961507 ], [ -46.7449213053048, -23.665692777302226 ], [ -46.745038789856579, -23.665621834016811 ], [ -46.745192549363978, -23.665528900725587 ], [ -46.745220777180641, -23.665506279059425 ], [ -46.745239499418886, -23.665483943511468 ], [ -46.745257670406218, -23.665457010511677 ], [ -46.745287716285752, -23.665401499765633 ], [ -46.745320548380796, -23.665341713605713 ], [ -46.745341858086071, -23.665307522926792 ], [ -46.74534656876142, -23.665300516887775 ], [ -46.745352795008216, -23.665289520648624 ], [ -46.745359644142411, -23.665281136042967 ], [ -46.745372067239643, -23.665271693806378 ], [ -46.745483943632976, -23.665199279872191 ], [ -46.745789382872879, -23.665004584977041 ], [ -46.745936410996478, -23.664906850742803 ], [ -46.745969400979341, -23.664858983612504 ], [ -46.745984775613962, -23.664828197668808 ], [ -46.745998102295346, -23.664790844581752 ], [ -46.746009632209777, -23.664727077597476 ], [ -46.746011435748926, -23.664717102755979 ], [ -46.746010169476058, -23.664680817108994 ], [ -46.74600931871371, -23.664661051368725 ], [ -46.745986645467312, -23.664614712962869 ], [ -46.745970833048617, -23.664583015858941 ], [ -46.745936298264361, -23.664536720817683 ], [ -46.745894039464254, -23.664499362042804 ], [ -46.745770969380189, -23.664400606474032 ], [ -46.74546707596469, -23.664144112001583 ], [ -46.745421524927153, -23.664028627433616 ], [ -46.74539172363032, -23.663877789432949 ], [ -46.745380220792768, -23.663718396435826 ], [ -46.745395593118182, -23.663327339864754 ], [ -46.745401740115874, -23.663143027938855 ], [ -46.745450615096971, -23.662875768276589 ], [ -46.745616090027781, -23.662884056841808 ], [ -46.745927830730842, -23.66291018238924 ], [ -46.746141715891241, -23.662952740631191 ], [ -46.746235516576455, -23.662862738470984 ], [ -46.746563308114915, -23.662558080663153 ], [ -46.746777125040737, -23.66235945050013 ], [ -46.746957040636822, -23.662191726239673 ], [ -46.74756433136978, -23.662234451649311 ], [ -46.747889449109039, -23.662252364082711 ], [ -46.748180247460979, -23.662269672881159 ], [ -46.748407622811442, -23.662294648238895 ], [ -46.748461304272361, -23.662018902152312 ], [ -46.748329360195839, -23.661289699076569 ] ] ] ] } },
{ "type": "Feature", "properties": { "cd_identificador_concessao": 35, "cd_identificador_equipamento": 5, "nm_equipamento": "Mercado Paulistano", "nm_parceria": "Mercado Paulistano e Kinjo Yamato", "tx_modalidade_concessao": "Concessão", "qt_prazo_concessao": 25, "nm_concessionaria": "MERCADO SP SPE S.A.", "tx_cnpj_concessionaria": "34.468.985/0001-04", "tx_poder_concedente": "São Paulo Regula", "an_assinatura": 2021, "qt_area_metro": 24229.91, "tx_numero_contrato": "CONTRATO DE CONCESSÃO 001/CC/ABAST/2021", "qt_investimento_real": 66853213.0, "tx_link_contrato": "https://www.prefeitura.sp.gov.br/cidade/secretarias/governo/desestatizacao_projetos/mercados/index.php?p=341571", "dt_atualizacao": "2024-05-28", "cd_usuario_atualizacao": null }, "geometry": { "type": "MultiPolygon", "coordinates": [ [ [ [ -46.630296125738916, -23.542645817257906 ], [ -46.630305608719219, -23.542644363316498 ], [ -46.630312904844857, -23.542640313500385 ], [ -46.630316855598274, -23.542635034501771 ], [ -46.630320475805561, -23.542626778959566 ], [ -46.630322825086424, -23.542618717344688 ], [ -46.630323212330339, -23.542610405384696 ], [ -46.630320758351118, -23.542602032900881 ], [ -46.630137089237614, -23.542156106968264 ], [ -46.63007499786238, -23.542005355977999 ], [ -46.629767693757877, -23.541286601154301 ], [ -46.629484203190025, -23.540600376168285 ], [ -46.629476056933505, -23.540591069956097 ], [ -46.629461858837736, -23.540583452596479 ], [ -46.629450373929664, -23.540581405620998 ], [ -46.629439708094097, -23.5405822397714 ], [ -46.629429201387609, -23.540588038936971 ], [ -46.629089365642677, -23.540861334338793 ], [ -46.628776672943282, -23.541119806007096 ], [ -46.628599407788222, -23.541262011470032 ], [ -46.628573773856822, -23.541282580039201 ], [ -46.628564020430538, -23.541293879767359 ], [ -46.628557625671313, -23.541307492218554 ], [ -46.628552944720262, -23.54132506007398 ], [ -46.62855172377769, -23.5413372638079 ], [ -46.628553297324324, -23.541345735847973 ], [ -46.62861841581811, -23.541497910543075 ], [ -46.62883910551443, -23.54201360677305 ], [ -46.628898131728789, -23.542156122213118 ], [ -46.629104402856285, -23.542654149300255 ], [ -46.629115482822016, -23.542663063585788 ], [ -46.629122593101897, -23.542667775191461 ], [ -46.629132161768638, -23.542673273778579 ], [ -46.629149271426108, -23.542678693382754 ], [ -46.629174510797114, -23.542684118139039 ], [ -46.629632217451594, -23.542668035583308 ], [ -46.630296125738916, -23.542645817257906 ] ] ] ] } },
{ "type": "Feature", "properties": { "cd_identificador_concessao": 36, "cd_identificador_equipamento": 22, "nm_equipamento": "Parque do Lageado", "nm_parceria": "1º Lote de Parques", "tx_modalidade_concessao": "Concessão", "qt_prazo_concessao": 35, "nm_concessionaria": "URBIA GESTÃO DE PARQUES SPE S.A.", "tx_cnpj_concessionaria": "35.814.889/0001-25", "tx_poder_concedente": "Secretaria Municipal do Verde e Meio Ambiente", "an_assinatura": 2019, "qt_area_metro": 15964.59, "tx_numero_contrato": "CONTRATO DE CONCESSÃO N.º 057/SVMA/2019", "qt_investimento_real": 1200000.0, "tx_link_contrato": "https://www.prefeitura.sp.gov.br/cidade/secretarias/governo/desestatizacao_projetos/parques/lote_1/index.php?p=341629", "dt_atualizacao": "2024-05-28", "cd_usuario_atualizacao": null }, "geometry": { "type": "MultiPolygon", "coordinates": [ [ [ [ -46.405917556214561, -23.539123625956194 ], [ -46.405917751793822, -23.539111433277061 ], [ -46.405915107984036, -23.539087561212106 ], [ -46.405908008889732, -23.539049090199885 ], [ -46.405856703370581, -23.538772817687406 ], [ -46.40571880938171, -23.538038572047288 ], [ -46.404971609018013, -23.5378505548648 ], [ -46.40464708098564, -23.537769286494846 ], [ -46.404699906613324, -23.53766004301254 ], [ -46.404569983839352, -23.537629494964939 ], [ -46.404560377661198, -23.537641656106327 ], [ -46.404527375595364, -23.53768662125993 ], [ -46.404495067733848, -23.537730640918479 ], [ -46.404420422882822, -23.537832344311216 ], [ -46.404489898928304, -23.537870107833815 ], [ -46.404555402146286, -23.538126407339373 ], [ -46.404508572386405, -23.538209260225077 ], [ -46.404458897477262, -23.538286930753799 ], [ -46.404359308845294, -23.538440794410381 ], [ -46.404456268355389, -23.538498786925622 ], [ -46.404535345123868, -23.538541358531717 ], [ -46.404612030000578, -23.538582642198289 ], [ -46.404606118022521, -23.538646589742054 ], [ -46.404602581817954, -23.53868484889405 ], [ -46.404598506914184, -23.53872892163432 ], [ -46.404590698159204, -23.538813395651925 ], [ -46.404588606208243, -23.538838416800392 ], [ -46.404634635629215, -23.538848465420678 ], [ -46.405917556214561, -23.539123625956194 ] ] ] ] } },
{ "type": "Feature", "properties": { "cd_identificador_concessao": 37, "cd_identificador_equipamento": 26, "nm_equipamento": "Parque Brigadeiro Faria Lima", "nm_parceria": "1º Lote de Parques", "tx_modalidade_concessao": "Concessão", "qt_prazo_concessao": 35, "nm_concessionaria": "URBIA GESTÃO DE PARQUES SPE S.A.", "tx_cnpj_concessionaria": "35.814.889/0001-25", "tx_poder_concedente": "Secretaria Municipal do Verde e Meio Ambiente", "an_assinatura": 2019, "qt_area_metro": 38840.76, "tx_numero_contrato": "CONTRATO DE CONCESSÃO N.º 057/SVMA/2019", "qt_investimento_real": 1500000.0, "tx_link_contrato": "https://www.prefeitura.sp.gov.br/cidade/secretarias/governo/desestatizacao_projetos/parques/lote_1/index.php?p=341629", "dt_atualizacao": "2024-05-28", "cd_usuario_atualizacao": null }, "geometry": { "type": "MultiPolygon", "coordinates": [ [ [ [ -46.565125806241987, -23.508669367007904 ], [ -46.565094207856987, -23.508696866581722 ], [ -46.565040573432604, -23.508748970133464 ], [ -46.564912214499785, -23.508982706762787 ], [ -46.564776775748165, -23.509222294001948 ], [ -46.564646861049681, -23.50945703943453 ], [ -46.564508905258421, -23.509690872200942 ], [ -46.564394515689457, -23.509897015196298 ], [ -46.564339322897006, -23.510007923142297 ], [ -46.564136043413555, -23.510365588717931 ], [ -46.563799015120374, -23.510965352135958 ], [ -46.563586413317829, -23.511346499860583 ], [ -46.563432949811698, -23.5116108302018 ], [ -46.563256060184479, -23.511913859481215 ], [ -46.563229857181717, -23.511968131638902 ], [ -46.563243425567599, -23.512005923777533 ], [ -46.563283914406789, -23.511993145401348 ], [ -46.563310827856355, -23.511966867166713 ], [ -46.56332669268965, -23.511933746327063 ], [ -46.563418804189475, -23.51176467240477 ], [ -46.563457086773958, -23.511706040884526 ], [ -46.563489214878153, -23.511665261362008 ], [ -46.563520922689797, -23.511630355919216 ], [ -46.563555049750185, -23.5116012960425 ], [ -46.563597382467918, -23.511570528256989 ], [ -46.563636088225557, -23.511547743777648 ], [ -46.563816178703327, -23.511465111646945 ], [ -46.563940234495689, -23.511405618546881 ], [ -46.564312201302457, -23.51123508758721 ], [ -46.564525973082532, -23.511135500058842 ], [ -46.564552687552414, -23.511125568936983 ], [ -46.564571995709883, -23.511118692314383 ], [ -46.564621303921029, -23.511106457127276 ], [ -46.564664754977542, -23.511103820664207 ], [ -46.564715510905124, -23.511105540271892 ], [ -46.564765734855285, -23.511112460489503 ], [ -46.564800913075167, -23.511120677871887 ], [ -46.564828382783411, -23.511129247243691 ], [ -46.564835166502967, -23.511131598355821 ], [ -46.56486841023532, -23.511144997933865 ], [ -46.564874947792255, -23.511147897866906 ], [ -46.565043003987896, -23.511227020561112 ], [ -46.565050052344105, -23.511228479493511 ], [ -46.56505725506377, -23.511227919447411 ], [ -46.565063946870644, -23.5112253931655 ], [ -46.565069506736918, -23.511221134460058 ], [ -46.565116583777595, -23.511153604861164 ], [ -46.565163485170821, -23.511085965939298 ], [ -46.565217387712877, -23.51099873075643 ], [ -46.56529143587467, -23.510883605352667 ], [ -46.565350106085752, -23.510791218130379 ], [ -46.565394005950054, -23.510729721202221 ], [ -46.565458527865395, -23.510640712145104 ], [ -46.565466817335071, -23.510629864381443 ], [ -46.565521418992333, -23.510560214505087 ], [ -46.565564843708607, -23.510506581604815 ], [ -46.565569361825084, -23.510501348123395 ], [ -46.565606890787706, -23.510460503963223 ], [ -46.565665816119861, -23.510401406121037 ], [ -46.565705466475073, -23.510362664595675 ], [ -46.565765453057402, -23.510305622239432 ], [ -46.565812041251768, -23.510263391053901 ], [ -46.565859778784386, -23.510222461340632 ], [ -46.565886303624573, -23.510199996592302 ], [ -46.565939215575789, -23.510156589213757 ], [ -46.565992775981123, -23.5101140286848 ], [ -46.566158702199338, -23.509993246866088 ], [ -46.566292678988482, -23.509911707950156 ], [ -46.566305090190355, -23.50990128827549 ], [ -46.566310336603301, -23.509889495780381 ], [ -46.566309774068515, -23.509875052549909 ], [ -46.566305856837374, -23.509858475730269 ], [ -46.566300411436764, -23.50984516528198 ], [ -46.566289278502232, -23.50983118959816 ], [ -46.56605887378236, -23.509641878586887 ], [ -46.565967879779919, -23.509548966213487 ], [ -46.565843856576443, -23.50941222648952 ], [ -46.565679380243246, -23.509208344822927 ], [ -46.565523084870534, -23.509017204102083 ], [ -46.56537039565859, -23.508824582060093 ], [ -46.565272205161179, -23.508702663164517 ], [ -46.565240576092123, -23.508669568017616 ], [ -46.565217625801203, -23.508658239585269 ], [ -46.565194364968328, -23.508653777496498 ], [ -46.565169490842436, -23.508653666288502 ], [ -46.565153181019596, -23.508657352137877 ], [ -46.565125806241987, -23.508669367007904 ] ] ] ] } },
{ "type": "Feature", "properties": { "cd_identificador_concessao": 38, "cd_identificador_equipamento": 25, "nm_equipamento": "Parque Jacintho Albero", "nm_parceria": "1º Lote de Parques", "tx_modalidade_concessao": "Concessão", "qt_prazo_concessao": 35, "nm_concessionaria": "URBIA GESTÃO DE PARQUES SPE S.A.", "tx_cnpj_concessionaria": "35.814.889/0001-25", "tx_poder_concedente": "Secretaria Municipal do Verde e Meio Ambiente", "an_assinatura": 2019, "qt_area_metro": 34446.08, "tx_numero_contrato": "CONTRATO DE CONCESSÃO N.º 057/SVMA/2019", "qt_investimento_real": 2400000.0, "tx_link_contrato": "https://www.prefeitura.sp.gov.br/cidade/secretarias/governo/desestatizacao_projetos/parques/lote_1/index.php?p=341629", "dt_atualizacao": "2024-05-28", "cd_usuario_atualizacao": null }, "geometry": { "type": "MultiPolygon", "coordinates": [ [ [ [ -46.727075812456974, -23.479713140248926 ], [ -46.727195556026103, -23.479864261534619 ], [ -46.727295098922191, -23.479953899752587 ], [ -46.727362166057631, -23.479999753379698 ], [ -46.727455849292014, -23.480047764440311 ], [ -46.727502279810096, -23.480074226974608 ], [ -46.727614614625942, -23.480125301156288 ], [ -46.727685077410506, -23.480159672135731 ], [ -46.727793825209716, -23.480207515984731 ], [ -46.727865078362406, -23.480234520707686 ], [ -46.728008332416913, -23.480277894394071 ], [ -46.72810265720036, -23.480307095666532 ], [ -46.728211128280279, -23.480333687546572 ], [ -46.728184946964092, -23.48043289411472 ], [ -46.728067159140508, -23.480412907121181 ], [ -46.727959000623464, -23.480397552161381 ], [ -46.727829082260214, -23.480385018565375 ], [ -46.72776048992376, -23.48038474435058 ], [ -46.727690301269014, -23.480390555108773 ], [ -46.727628764023216, -23.48040991179683 ], [ -46.727566773216921, -23.480423155088104 ], [ -46.727456998405145, -23.480432546762728 ], [ -46.727210380251208, -23.480446111092803 ], [ -46.727216120700767, -23.480459917688666 ], [ -46.727222259225464, -23.480488502123951 ], [ -46.72722721013659, -23.480511591367595 ], [ -46.727225951387254, -23.480568278137952 ], [ -46.727230437081829, -23.480593982231706 ], [ -46.727258448482708, -23.480658074370726 ], [ -46.727287598769543, -23.480719408734888 ], [ -46.727307926607743, -23.480758807461342 ], [ -46.727321002568701, -23.480777345788663 ], [ -46.727344910353153, -23.480811241630988 ], [ -46.727384186660352, -23.480859297879501 ], [ -46.727387569065442, -23.480863432290313 ], [ -46.727445551196105, -23.480925566789967 ], [ -46.727458058428297, -23.480936517105853 ], [ -46.727498194396411, -23.480971650771508 ], [ -46.727548821559239, -23.481011020636991 ], [ -46.727564220489711, -23.481023004440292 ], [ -46.727644135871735, -23.48107340946671 ], [ -46.727662816701368, -23.481084065576997 ], [ -46.727744148307238, -23.481130454521715 ], [ -46.727795000409152, -23.481161532189482 ], [ -46.727845043292746, -23.481192113126198 ], [ -46.727924235284256, -23.481241081204281 ], [ -46.727964931631796, -23.481265110553217 ], [ -46.728108646509362, -23.481349962059063 ], [ -46.728132242899115, -23.481363697042699 ], [ -46.728222919093362, -23.481416456671472 ], [ -46.728299799860203, -23.481465341812367 ], [ -46.728344926049694, -23.481501747321932 ], [ -46.728363754167987, -23.481516934809431 ], [ -46.728421501333855, -23.481573003296365 ], [ -46.728486815611348, -23.481647806522879 ], [ -46.7285021862943, -23.481668125302754 ], [ -46.728550449878981, -23.481731911274032 ], [ -46.728589783174826, -23.481802306965914 ], [ -46.72861903054816, -23.481865012526253 ], [ -46.728642190562375, -23.481927866870382 ], [ -46.728669661571985, -23.482009004453957 ], [ -46.728706394837538, -23.482117246920563 ], [ -46.728739460359016, -23.48220848126908 ], [ -46.728778098412356, -23.482325398547928 ], [ -46.728813451603749, -23.482432148262561 ], [ -46.728849525124069, -23.482537074928501 ], [ -46.728857045170479, -23.482558952656731 ], [ -46.728892068363827, -23.482662157184617 ], [ -46.728909328221846, -23.482712470935727 ], [ -46.728930984169068, -23.482775576684894 ], [ -46.728967827695683, -23.482889235883217 ], [ -46.728995918293599, -23.482970556138604 ], [ -46.729009500800785, -23.4830098849466 ], [ -46.729055746724001, -23.483144859141628 ], [ -46.729080519600636, -23.483219497806839 ], [ -46.729094225482442, -23.48326077573163 ], [ -46.729131683719061, -23.483364494966427 ], [ -46.729168008584359, -23.483472136787118 ], [ -46.729174576940714, -23.483491595961564 ], [ -46.729210684281021, -23.483593813105102 ], [ -46.729248943121519, -23.48370485583704 ], [ -46.729265307545049, -23.483743539697528 ], [ -46.729295425514188, -23.483761843566761 ], [ -46.729320463576123, -23.483765972401379 ], [ -46.729358692644993, -23.483760635811866 ], [ -46.7293754409475, -23.483756693441403 ], [ -46.729411317242693, -23.483736104060608 ], [ -46.729422716299865, -23.483715352866934 ], [ -46.729422983604969, -23.483711828171 ], [ -46.729424686762371, -23.483689288261541 ], [ -46.729419376733617, -23.483669481023227 ], [ -46.72940615525193, -23.483643585009428 ], [ -46.729382116800267, -23.483589996399321 ], [ -46.729371807840039, -23.483565223910428 ], [ -46.729361538980505, -23.483540523216298 ], [ -46.729342458938667, -23.483491791935172 ], [ -46.729324216342945, -23.483438211237118 ], [ -46.729313883968899, -23.483405637016826 ], [ -46.729310704960128, -23.483390835877863 ], [ -46.729305170293365, -23.483365062245777 ], [ -46.729296351052497, -23.483319395682148 ], [ -46.729288877670285, -23.483274833912752 ], [ -46.729282272296921, -23.483218008696671 ], [ -46.729272818168788, -23.483133420514498 ], [ -46.729266191661104, -23.48306071162563 ], [ -46.72926308442792, -23.483013130509075 ], [ -46.729259930271915, -23.482964953927713 ], [ -46.729253625791593, -23.482901921705292 ], [ -46.729250101810791, -23.482865172274003 ], [ -46.72924691764954, -23.482831958861905 ], [ -46.729238739323279, -23.482751356839195 ], [ -46.729235008425825, -23.482712252852174 ], [ -46.729229439088265, -23.482653790718075 ], [ -46.729223079539636, -23.48258653302554 ], [ -46.729219249090399, -23.482548802713424 ], [ -46.729215396476548, -23.482510873985063 ], [ -46.729211962081756, -23.482448712917801 ], [ -46.729210867946769, -23.482405353594924 ], [ -46.729210741744829, -23.482400180760703 ], [ -46.729211179480814, -23.482355675680779 ], [ -46.729213291075588, -23.482304397529767 ], [ -46.729218125252622, -23.482266706527067 ], [ -46.72922744060309, -23.4822213082963 ], [ -46.729241356938665, -23.482168382109119 ], [ -46.729243877965864, -23.482159008005723 ], [ -46.729258425141822, -23.482104909937345 ], [ -46.729279758120533, -23.482032152672677 ], [ -46.729280770415436, -23.482028700980571 ], [ -46.729316228843516, -23.481940074639731 ], [ -46.729318807827092, -23.481933643697584 ], [ -46.729348243856975, -23.481872671064 ], [ -46.729358819947052, -23.481846628354113 ], [ -46.72938341476187, -23.481786025487892 ], [ -46.729397735306904, -23.481749836567992 ], [ -46.729404644307316, -23.481732367971333 ], [ -46.72942956348421, -23.48166736385182 ], [ -46.729433613745144, -23.481657394851318 ], [ -46.729460323494024, -23.481591567180978 ], [ -46.729470576509314, -23.481566277546413 ], [ -46.729490031677692, -23.481519195546891 ], [ -46.729504855620405, -23.481483326115338 ], [ -46.729525487612271, -23.481430397622514 ], [ -46.729532326884907, -23.481412839494102 ], [ -46.729552050047545, -23.481360787971358 ], [ -46.729563380022896, -23.48133400544733 ], [ -46.729576818492909, -23.481302251040688 ], [ -46.729582984809618, -23.481285639506758 ], [ -46.729583359606714, -23.481272343073137 ], [ -46.729580926636778, -23.481259944686478 ], [ -46.729573576361702, -23.481245830974853 ], [ -46.729567267612467, -23.481235010712968 ], [ -46.729565124600533, -23.481231332163279 ], [ -46.729549665257238, -23.481216983358109 ], [ -46.729519667092589, -23.481204818630061 ], [ -46.729486032286076, -23.481196053440971 ], [ -46.729426445656983, -23.481185120043239 ], [ -46.729407634683795, -23.481182511396099 ], [ -46.729364854127226, -23.48117659280955 ], [ -46.729299925523428, -23.481170414279102 ], [ -46.729236313489011, -23.481166099369666 ], [ -46.729232993676369, -23.481166018813337 ], [ -46.729164237114311, -23.481164334527179 ], [ -46.729052183325905, -23.481162904813836 ], [ -46.728998547366679, -23.48116386105707 ], [ -46.728967422942034, -23.481164423066467 ], [ -46.728912509101534, -23.481163479079743 ], [ -46.728866022339787, -23.481160129891215 ], [ -46.728836875087005, -23.481154655908295 ], [ -46.728812046051964, -23.481150000906897 ], [ -46.728758663345523, -23.481134338909996 ], [ -46.728725760820922, -23.481121664435737 ], [ -46.728683953127394, -23.481101756303456 ], [ -46.728632198266524, -23.481072783926493 ], [ -46.728592766029344, -23.481042844090986 ], [ -46.728590358720432, -23.481040667451158 ], [ -46.728554843464288, -23.481008553061862 ], [ -46.728517556560618, -23.480965947297463 ], [ -46.728497605433262, -23.480937452909188 ], [ -46.728475341581706, -23.480902771470852 ], [ -46.728449453490306, -23.480848408523698 ], [ -46.72843576338223, -23.480813559752288 ], [ -46.728426478735301, -23.480780215296623 ], [ -46.728420164982822, -23.480749474676553 ], [ -46.728414708704648, -23.480706407514823 ], [ -46.728414627306442, -23.480664111512862 ], [ -46.728418603313585, -23.480619901287394 ], [ -46.728418800084619, -23.480617722855417 ], [ -46.728424384581118, -23.480577495118116 ], [ -46.728431484234555, -23.480521321512285 ], [ -46.728433731620271, -23.480505972539184 ], [ -46.728441193295758, -23.480455041395906 ], [ -46.728447701317521, -23.480401547254758 ], [ -46.728455824597859, -23.480345795739584 ], [ -46.728461782266578, -23.480290637135987 ], [ -46.728466167029559, -23.480249998288233 ], [ -46.728474944381752, -23.48018434254768 ], [ -46.728476113422978, -23.480176392140411 ], [ -46.728485881531675, -23.480110138456222 ], [ -46.728490773750146, -23.480069376588563 ], [ -46.72849901678282, -23.480006291315696 ], [ -46.728504998688223, -23.479956749152532 ], [ -46.728508771938507, -23.479925526430911 ], [ -46.728517219592398, -23.479861617149954 ], [ -46.728519393638727, -23.479845149258644 ], [ -46.728529735364681, -23.479773335708874 ], [ -46.728535087388209, -23.479749825228158 ], [ -46.728536683445533, -23.479737833637607 ], [ -46.72854340427282, -23.479687435576842 ], [ -46.728210370795743, -23.479647788751965 ], [ -46.727902056078634, -23.479454103510726 ], [ -46.727830132298706, -23.479516565681209 ], [ -46.727819939064098, -23.479525419803426 ], [ -46.727746417713263, -23.479580993261688 ], [ -46.727689482863035, -23.479617239047094 ], [ -46.727658621710994, -23.479633474088175 ], [ -46.727629432853078, -23.479648823698639 ], [ -46.727613083040715, -23.479655515619786 ], [ -46.727582613295816, -23.479667980762255 ], [ -46.727502381004541, -23.479695382389249 ], [ -46.727430885805227, -23.479711869097507 ], [ -46.727423048111163, -23.479713671681072 ], [ -46.727371226700946, -23.479721614572245 ], [ -46.727324976515973, -23.479725865608092 ], [ -46.727271391056675, -23.479727651437393 ], [ -46.727234665181079, -23.479728058439289 ], [ -46.727224540295126, -23.479727132183335 ], [ -46.727194988799802, -23.479724416529997 ], [ -46.727149067275754, -23.479719326761366 ], [ -46.727100092260827, -23.479714306935726 ], [ -46.727075812456974, -23.479713140248926 ] ] ] ] } },
{ "type": "Feature", "properties": { "cd_identificador_concessao": 39, "cd_identificador_equipamento": 23, "nm_equipamento": "Parque Eucaliptos", "nm_parceria": "1º Lote de Parques", "tx_modalidade_concessao": "Concessão", "qt_prazo_concessao": 35, "nm_concessionaria": "URBIA GESTÃO DE PARQUES SPE S.A.", "tx_cnpj_concessionaria": "35.814.889/0001-25", "tx_poder_concedente": "Secretaria Municipal do Verde e Meio Ambiente", "an_assinatura": 2019, "qt_area_metro": 22505.08, "tx_numero_contrato": "CONTRATO DE CONCESSÃO N.º 057/SVMA/2019", "qt_investimento_real": 700000.0, "tx_link_contrato": "https://www.prefeitura.sp.gov.br/cidade/secretarias/governo/desestatizacao_projetos/parques/lote_1/index.php?p=341629", "dt_atualizacao": "2024-05-28", "cd_usuario_atualizacao": null }, "geometry": { "type": "MultiPolygon", "coordinates": [ [ [ [ -46.752251939336041, -23.615348620742516 ], [ -46.75163390889572, -23.615623477141604 ], [ -46.751830042397664, -23.615913588137179 ], [ -46.751897940978679, -23.616042941773479 ], [ -46.752312510098001, -23.616769030147285 ], [ -46.752734785877166, -23.616470085588233 ], [ -46.752954238529668, -23.616320386820277 ], [ -46.753171550998196, -23.616182341507667 ], [ -46.753387392217888, -23.616019996176195 ], [ -46.753707528612203, -23.615741233483806 ], [ -46.753959114716629, -23.615549145218118 ], [ -46.754206966708111, -23.615346458319575 ], [ -46.754210648519575, -23.615310602937182 ], [ -46.754201279200622, -23.615274762942505 ], [ -46.753934681503978, -23.615050207185199 ], [ -46.753850721634031, -23.615035033363924 ], [ -46.753743476442352, -23.615037567008368 ], [ -46.753378893067023, -23.615165847915215 ], [ -46.753126577273235, -23.615281558400117 ], [ -46.752997068645186, -23.61534090504523 ], [ -46.752882160693559, -23.615403522660955 ], [ -46.75275848626665, -23.615470203844382 ], [ -46.752638930252012, -23.615539217192634 ], [ -46.752417323210089, -23.615677838862101 ], [ -46.752321770268892, -23.615492252855596 ], [ -46.752251939336041, -23.615348620742516 ] ] ] ] } },
{ "type": "Feature", "properties": { "cd_identificador_concessao": 40, "cd_identificador_equipamento": 24, "nm_equipamento": "Parque Jardim da Felicidade", "nm_parceria": "1º Lote de Parques", "tx_modalidade_concessao": "Concessão", "qt_prazo_concessao": 35, "nm_concessionaria": "URBIA GESTÃO DE PARQUES SPE S.A.", "tx_cnpj_concessionaria": "35.814.889/0001-25", "tx_poder_concedente": "Secretaria Municipal do Verde e Meio Ambiente", "an_assinatura": 2019, "qt_area_metro": 30063.1, "tx_numero_contrato": "CONTRATO DE CONCESSÃO N.º 057/SVMA/2019", "qt_investimento_real": 1600000.0, "tx_link_contrato": "https://www.prefeitura.sp.gov.br/cidade/secretarias/governo/desestatizacao_projetos/parques/lote_1/index.php?p=341629", "dt_atualizacao": "2024-05-28", "cd_usuario_atualizacao": null }, "geometry": { "type": "MultiPolygon", "coordinates": [ [ [ [ -46.725471181522757, -23.492837432258071 ], [ -46.725464599287925, -23.492849244261663 ], [ -46.72543464457371, -23.49295490286007 ], [ -46.725391634982302, -23.493087344769773 ], [ -46.725375757359558, -23.493136454611463 ], [ -46.725354653018734, -23.493202228652095 ], [ -46.725346815045036, -23.493226633458629 ], [ -46.725329361662773, -23.493281052373874 ], [ -46.725320404119778, -23.493308955188525 ], [ -46.725315765569292, -23.493323418564561 ], [ -46.725284463027862, -23.493397008195384 ], [ -46.72527518151044, -23.49341882832244 ], [ -46.725244688079755, -23.493467332456873 ], [ -46.725211873555423, -23.493519546562101 ], [ -46.725187565139024, -23.493553552127501 ], [ -46.725163097983831, -23.493579125353374 ], [ -46.725124948752551, -23.493611135019794 ], [ -46.725104513280556, -23.493626017129081 ], [ -46.725083247708909, -23.493635797402934 ], [ -46.725050207461202, -23.493651875599753 ], [ -46.725025516971385, -23.493662551647812 ], [ -46.724988754060433, -23.493675456344494 ], [ -46.724952726953155, -23.493681706746983 ], [ -46.724917044879334, -23.493684377409526 ], [ -46.724877280745623, -23.493687102290231 ], [ -46.724838265410611, -23.493687931583732 ], [ -46.724807260722898, -23.493686640409869 ], [ -46.724759888500245, -23.493678784968516 ], [ -46.724713914818814, -23.493667049154855 ], [ -46.724664892642167, -23.49365278253287 ], [ -46.724577998966375, -23.493620405410152 ], [ -46.724537603525924, -23.493600950282765 ], [ -46.724416488642277, -23.493533021186835 ], [ -46.724379709795947, -23.493510844049688 ], [ -46.72431648447369, -23.493467477056765 ], [ -46.724216828316756, -23.49339330527685 ], [ -46.724199069343875, -23.493379875430211 ], [ -46.724198001402065, -23.493379065512102 ], [ -46.724183306073279, -23.493369331180826 ], [ -46.724170573942764, -23.493366004539524 ], [ -46.724159522137136, -23.493365404445928 ], [ -46.724156069151924, -23.493366399849432 ], [ -46.724148051187214, -23.493368709985823 ], [ -46.724140210916843, -23.493374142563745 ], [ -46.724135909854645, -23.493380691823528 ], [ -46.724133946964344, -23.493386348318406 ], [ -46.724133656880035, -23.493394153520246 ], [ -46.724137431339201, -23.493407331789061 ], [ -46.724140738379134, -23.493416189821186 ], [ -46.72416129137558, -23.49347128967355 ], [ -46.724188981424611, -23.49358053617765 ], [ -46.724201253000956, -23.493628982204338 ], [ -46.724221940764089, -23.49369293003349 ], [ -46.724233651352293, -23.493729110383295 ], [ -46.724253418083194, -23.493789239645125 ], [ -46.72426692532202, -23.493830312470493 ], [ -46.724291270608227, -23.493912740501372 ], [ -46.724323988526315, -23.49401935774322 ], [ -46.724330600830783, -23.494040694877828 ], [ -46.724363356633262, -23.494138931772021 ], [ -46.724412302341513, -23.494285751885144 ], [ -46.724431463198513, -23.494379813832051 ], [ -46.724474515701104, -23.494486813282489 ], [ -46.724514189412034, -23.494574173574449 ], [ -46.72460217877078, -23.494709499540431 ], [ -46.724702946767266, -23.494829883671127 ], [ -46.724782073409393, -23.49490936629611 ], [ -46.724859707153058, -23.494964411952182 ], [ -46.724961563979015, -23.495036030443334 ], [ -46.725194953492888, -23.495170188420197 ], [ -46.725337168061643, -23.495252187236318 ], [ -46.725350750943342, -23.495260018912365 ], [ -46.72537480793288, -23.49527511262707 ], [ -46.725383534977631, -23.495280632676423 ], [ -46.725479334962841, -23.495341219920959 ], [ -46.725641408162176, -23.495435513686459 ], [ -46.725923085604009, -23.495607829450268 ], [ -46.726106257902281, -23.495717077515952 ], [ -46.726356647615901, -23.495865574640771 ], [ -46.726454009715397, -23.495925755634712 ], [ -46.726601852996779, -23.496009144195781 ], [ -46.726724103549138, -23.496083569502229 ], [ -46.72680499514837, -23.496134550584738 ], [ -46.726846910548907, -23.496166874126597 ], [ -46.726872187210788, -23.496189132977641 ], [ -46.726896016959756, -23.496217566372529 ], [ -46.726896882654778, -23.496218631354001 ], [ -46.726925269676592, -23.496253416542768 ], [ -46.726972185417182, -23.496244949965668 ], [ -46.727027783219654, -23.496219762760674 ], [ -46.727079748126464, -23.496170505527342 ], [ -46.727110968155884, -23.496135691611453 ], [ -46.727175415196392, -23.496051783029788 ], [ -46.727231350661256, -23.495951859155365 ], [ -46.727258232254066, -23.495901949890047 ], [ -46.727285076254496, -23.49585441594613 ], [ -46.72729601424313, -23.495832748916918 ], [ -46.727296467851097, -23.495824734215311 ], [ -46.727284135307791, -23.495794249993988 ], [ -46.727271715875368, -23.495766864048782 ], [ -46.727257462825406, -23.495749034187249 ], [ -46.727238674800923, -23.495737828498282 ], [ -46.727220559443431, -23.495730155136105 ], [ -46.72721350533422, -23.495729799906524 ], [ -46.727121493460622, -23.495750343088552 ], [ -46.72702001121668, -23.495769943722191 ], [ -46.726970059565836, -23.49577158110846 ], [ -46.726942905684496, -23.495770554716803 ], [ -46.726876673822673, -23.495764091978518 ], [ -46.726810677409539, -23.49574940020663 ], [ -46.726750446103559, -23.495730815751266 ], [ -46.726708387096672, -23.495713005091268 ], [ -46.726672499154908, -23.495691649440623 ], [ -46.726627160075822, -23.495652789895907 ], [ -46.726585610391922, -23.495613951546876 ], [ -46.726558814161471, -23.495581008846354 ], [ -46.726520236360578, -23.495526036919465 ], [ -46.726483151171173, -23.495468393597424 ], [ -46.726455913465259, -23.495440639030619 ], [ -46.726438881645606, -23.495425946227744 ], [ -46.726415690359126, -23.495407420693326 ], [ -46.726389337368808, -23.495390456276223 ], [ -46.726336991720089, -23.495366898988813 ], [ -46.726285030456879, -23.495340529070209 ], [ -46.726252845311762, -23.495317046333859 ], [ -46.72623589941842, -23.495298424472502 ], [ -46.72622316463417, -23.4952806318624 ], [ -46.726185498697845, -23.495227997554487 ], [ -46.726161368069199, -23.495173434330884 ], [ -46.726145078878012, -23.495146596843554 ], [ -46.726138618328235, -23.495129722818035 ], [ -46.726120601044578, -23.495082664241714 ], [ -46.726079579159027, -23.49501817447932 ], [ -46.726023898858948, -23.494958831717103 ], [ -46.725955905760749, -23.494904009525627 ], [ -46.725894137124357, -23.494859367328271 ], [ -46.72578149431822, -23.494773763974344 ], [ -46.725757913249716, -23.494750854031601 ], [ -46.725731595023291, -23.494725265383746 ], [ -46.725687311463581, -23.494662906610554 ], [ -46.725654311980414, -23.494600928510582 ], [ -46.725621023522152, -23.494522771705295 ], [ -46.725603298702602, -23.494443566577441 ], [ -46.725583182428792, -23.494353642143562 ], [ -46.725569828741506, -23.494287554442838 ], [ -46.725547935510406, -23.49417921026539 ], [ -46.725517141052428, -23.494056471399311 ], [ -46.725508291147833, -23.494021207638561 ], [ -46.725485824180865, -23.493913908258147 ], [ -46.725476032447112, -23.493855185753464 ], [ -46.725466825458675, -23.493800014621602 ], [ -46.725454289694575, -23.493682437367145 ], [ -46.725451172187832, -23.493621970372118 ], [ -46.725446216769498, -23.493525620141153 ], [ -46.725443928229716, -23.493464150654766 ], [ -46.725442673772974, -23.493412169357192 ], [ -46.725444463953949, -23.493143594994688 ], [ -46.725459406827575, -23.492982838576385 ], [ -46.725465929151731, -23.492927321654989 ], [ -46.725485115480581, -23.492878924656527 ], [ -46.725491835110375, -23.492853602132588 ], [ -46.725491671344393, -23.49284403206271 ], [ -46.725487793748513, -23.492834972689774 ], [ -46.725480339286193, -23.492833935521983 ], [ -46.725471181522757, -23.492837432258071 ] ] ] ] } },
{ "type": "Feature", "properties": { "cd_identificador_concessao": 41, "cd_identificador_equipamento": 14, "nm_equipamento": "Cemitério do Campo Grande", "nm_parceria": "Cemitérios - Bloco 3", "tx_modalidade_concessao": "Concessão", "qt_prazo_concessao": 25, "nm_concessionaria": "CEMITÉRIOS E CREMATÓRIOS SÃO PAULO SPE S/A", "tx_cnpj_concessionaria": "48.222.338/0001-14", "tx_poder_concedente": "São Paulo Regula", "an_assinatura": 2022, "qt_area_metro": 110424.55, "tx_numero_contrato": "CONTRATO DE CONCESSÃO Nº 60/SFMSP/2022", "qt_investimento_real": 17028000.0, "tx_link_contrato": "https://www.prefeitura.sp.gov.br/cidade/secretarias/governo/desestatizacao_projetos/cemiterios_publicos/index.php?p=336623", "dt_atualizacao": "2024-05-28", "cd_usuario_atualizacao": null }, "geometry": { "type": "MultiPolygon", "coordinates": [ [ [ [ -46.689548631754036, -23.667712518830889 ], [ -46.689522497849609, -23.667692937827827 ], [ -46.689496647581372, -23.667672541025805 ], [ -46.689468579262446, -23.667647382503279 ], [ -46.689443850760121, -23.66762272935361 ], [ -46.689416592728065, -23.667591963378054 ], [ -46.689392080562094, -23.66756125775326 ], [ -46.689356026319849, -23.667509728365584 ], [ -46.68932991499566, -23.667469016856653 ], [ -46.689319356647566, -23.667448453268026 ], [ -46.689303155118942, -23.667408356092018 ], [ -46.689283594000578, -23.667350957927908 ], [ -46.689270496173272, -23.667300622991569 ], [ -46.689256828708849, -23.667236478348812 ], [ -46.689250036417782, -23.667196188265038 ], [ -46.689248589124965, -23.667167488612559 ], [ -46.689248318517535, -23.667156502943289 ], [ -46.689247564035796, -23.667125871441122 ], [ -46.689256883047214, -23.66706526875512 ], [ -46.689276171729595, -23.667048082009948 ], [ -46.689318802301202, -23.666894287575126 ], [ -46.689304138665833, -23.666889932466294 ], [ -46.689319038747115, -23.666851663346165 ], [ -46.689336732238139, -23.666817156368914 ], [ -46.689361401063294, -23.666776162019286 ], [ -46.689383323497502, -23.66674269252383 ], [ -46.689408501605669, -23.66671081292483 ], [ -46.68943468663538, -23.666680999244132 ], [ -46.689464593085518, -23.666650874076307 ], [ -46.689495311568365, -23.666622907250147 ], [ -46.689526166362299, -23.666597918835429 ], [ -46.689557337268305, -23.666574642669321 ], [ -46.689582510761632, -23.66655766261195 ], [ -46.689613625407922, -23.666537637852731 ], [ -46.689634249795063, -23.666525222405586 ], [ -46.689662292658682, -23.666510287944305 ], [ -46.689682746524447, -23.666499860953135 ], [ -46.689707407290435, -23.666488755975287 ], [ -46.689749377656966, -23.666474301695793 ], [ -46.689785591325084, -23.666393359023331 ], [ -46.689503041584103, -23.666141252483172 ], [ -46.689474554823562, -23.666114021602876 ], [ -46.689444363996884, -23.666091504905108 ], [ -46.689419938625413, -23.666075156037948 ], [ -46.689391984409802, -23.66605884564725 ], [ -46.689349005899189, -23.6660406221778 ], [ -46.689265133546058, -23.666013814583152 ], [ -46.689163072376672, -23.665998221870392 ], [ -46.688107768331399, -23.665858471522039 ], [ -46.687954285413873, -23.66583757600413 ], [ -46.687511443792253, -23.665777286551609 ], [ -46.68654025868878, -23.665645187600369 ], [ -46.686182163250265, -23.665594363466727 ], [ -46.686142791234374, -23.66578081042622 ], [ -46.68608626122807, -23.666066503450278 ], [ -46.686031785200399, -23.666336552164555 ], [ -46.685978289964169, -23.66659900496979 ], [ -46.685915766813174, -23.666899030592457 ], [ -46.68582409396349, -23.667341776835595 ], [ -46.685771134068823, -23.667600160240809 ], [ -46.685615974924445, -23.667633543930755 ], [ -46.685598200431961, -23.667661820695884 ], [ -46.685386516192224, -23.667645070451929 ], [ -46.685367713917437, -23.667646719808225 ], [ -46.685352770508871, -23.667651126488732 ], [ -46.685338278246839, -23.667660133571292 ], [ -46.685326072975997, -23.667671644179112 ], [ -46.685317688363668, -23.667682932621503 ], [ -46.685310812332219, -23.667697184559618 ], [ -46.685181512993033, -23.668218178622976 ], [ -46.685182804292687, -23.668234779817247 ], [ -46.685186720283475, -23.668249636755625 ], [ -46.685195656413434, -23.6682660644877 ], [ -46.685211534988788, -23.668281062194129 ], [ -46.68523059746795, -23.668292052052962 ], [ -46.688161172133192, -23.668535469378185 ], [ -46.689130364498205, -23.668617552527117 ], [ -46.689204021746605, -23.668627495081768 ], [ -46.689535379828143, -23.667795107340282 ], [ -46.689550658409985, -23.667717643833061 ], [ -46.689550441468036, -23.66771602079741 ], [ -46.689549841712022, -23.667715124337498 ], [ -46.689548631754036, -23.667712518830889 ] ] ] ] } },
{ "type": "Feature", "properties": { "cd_identificador_concessao": 42, "cd_identificador_equipamento": 9, "nm_equipamento": "Baixo do Viaduto Antártica", "nm_parceria": "Baixo do Viaduto Antártica", "tx_modalidade_concessao": "Concessão", "qt_prazo_concessao": 10, "nm_concessionaria": "SOCIAL SERVICE COMUNICAÇÃO MKT DE RESPOSABILIDADE LTDA", "tx_cnpj_concessionaria": "07.303.492/0001-33", "tx_poder_concedente": "Subprefeitura da Lapa", "an_assinatura": 2021, "qt_area_metro": 920.28, "tx_numero_contrato": "CONTRATO DE CONCESSÃO DE USO N° 001/SUB-LA/2020", "qt_investimento_real": 5373000.0, "tx_link_contrato": "https://www.prefeitura.sp.gov.br/cidade/secretarias/governo/desestatizacao_projetos/baixos_viadutos/edital_de_baixos_viadutos/index.php?p=308995", "dt_atualizacao": "2024-05-28", "cd_usuario_atualizacao": null }, "geometry": { "type": "MultiPolygon", "coordinates": [ [ [ [ -46.674287754618597, -23.527901005573572 ], [ -46.674255642793426, -23.52788792741314 ], [ -46.673976133612221, -23.527910631466462 ], [ -46.673905338963365, -23.527910236554877 ], [ -46.673833220978182, -23.527904473632791 ], [ -46.673807801585731, -23.527917415648563 ], [ -46.67379269140784, -23.527940263193496 ], [ -46.673789825991342, -23.527960758124319 ], [ -46.673797073150723, -23.527979732621823 ], [ -46.673911807620513, -23.528153145321085 ], [ -46.67393193100262, -23.528160594441815 ], [ -46.673946377196224, -23.528158843835438 ], [ -46.674214278199464, -23.528012790864548 ], [ -46.674278057499571, -23.527932923320112 ], [ -46.674287754618597, -23.527901005573572 ] ] ] ] } },
{ "type": "Feature", "properties": { "cd_identificador_concessao": 43, "cd_identificador_equipamento": 9, "nm_equipamento": "Baixo do Viaduto Antártica", "nm_parceria": "Baixo do Viaduto Antártica", "tx_modalidade_concessao": "Concessão", "qt_prazo_concessao": 10, "nm_concessionaria": "SOCIAL SERVICE COMUNICAÇÃO MKT DE RESPOSABILIDADE LTDA", "tx_cnpj_concessionaria": "07.303.492/0001-33", "tx_poder_concedente": "Subprefeitura da Lapa", "an_assinatura": 2021, "qt_area_metro": 1546.84, "tx_numero_contrato": "CONTRATO DE CONCESSÃO DE USO N° 001/SUB-LA/2020", "qt_investimento_real": 5373000.0, "tx_link_contrato": "https://www.prefeitura.sp.gov.br/cidade/secretarias/governo/desestatizacao_projetos/baixos_viadutos/edital_de_baixos_viadutos/index.php?p=308995", "dt_atualizacao": "2024-05-28", "cd_usuario_atualizacao": null }, "geometry": { "type": "MultiPolygon", "coordinates": [ [ [ [ -46.674142005592081, -23.527821436300819 ], [ -46.673573741252575, -23.527453968904592 ], [ -46.673452166365962, -23.527375245290294 ], [ -46.673602271500215, -23.527169774346721 ], [ -46.673504320044486, -23.527106691154085 ], [ -46.67348460546517, -23.527099707598094 ], [ -46.673415227419298, -23.527202267881407 ], [ -46.673404847790998, -23.52721761187836 ], [ -46.673343954307491, -23.527307629417578 ], [ -46.673343314726559, -23.527315075026056 ], [ -46.673362577683996, -23.527329745483133 ], [ -46.673403582270709, -23.527365135431147 ], [ -46.673407457161531, -23.527369518566868 ], [ -46.673435224601207, -23.527396852419088 ], [ -46.673526677938426, -23.527527077904974 ], [ -46.673624068732686, -23.527669881763916 ], [ -46.673672661987894, -23.527733202728019 ], [ -46.67371457970394, -23.527772033305549 ], [ -46.673768070173239, -23.527804418254028 ], [ -46.673832236107948, -23.527829102983468 ], [ -46.673910586691932, -23.527844785505696 ], [ -46.673958978306949, -23.527845709807274 ], [ -46.674140840003233, -23.527829937234348 ], [ -46.674142005592081, -23.527821436300819 ] ] ] ] } },
{ "type": "Feature", "properties": { "cd_identificador_concessao": 44, "cd_identificador_equipamento": 9, "nm_equipamento": "Baixo do Viaduto Antártica", "nm_parceria": "Baixo do Viaduto Antártica", "tx_modalidade_concessao": "Concessão", "qt_prazo_concessao": 10, "nm_concessionaria": "SOCIAL SERVICE COMUNICAÇÃO MKT DE RESPOSABILIDADE LTDA", "tx_cnpj_concessionaria": "07.303.492/0001-33", "tx_poder_concedente": "Subprefeitura da Lapa", "an_assinatura": 2021, "qt_area_metro": 404.56, "tx_numero_contrato": "CONTRATO DE CONCESSÃO DE USO N° 001/SUB-LA/2020", "qt_investimento_real": 5373000.0, "tx_link_contrato": "https://www.prefeitura.sp.gov.br/cidade/secretarias/governo/desestatizacao_projetos/baixos_viadutos/edital_de_baixos_viadutos/index.php?p=308995", "dt_atualizacao": "2024-05-28", "cd_usuario_atualizacao": null }, "geometry": { "type": "MultiPolygon", "coordinates": [ [ [ [ -46.673411356266122, -23.527042853917898 ], [ -46.673337010713041, -23.526995341714528 ], [ -46.673326660900294, -23.526998166394854 ], [ -46.673232905140765, -23.52708543560653 ], [ -46.673224775152505, -23.527093311308573 ], [ -46.673219393722945, -23.527098012215067 ], [ -46.673124574757843, -23.527186270881263 ], [ -46.673096109961932, -23.527198131586466 ], [ -46.673095899544805, -23.52720472590244 ], [ -46.673118215595622, -23.527211439242411 ], [ -46.673160145868799, -23.527228055534579 ], [ -46.673226729451812, -23.527273574325925 ], [ -46.673240838118794, -23.527274054745071 ], [ -46.673247837124855, -23.527265305762882 ], [ -46.673321530656402, -23.527163880563965 ], [ -46.673326752264366, -23.527158514679908 ], [ -46.673332265600813, -23.527149105929809 ], [ -46.673405349459252, -23.527048519625104 ], [ -46.673411356266122, -23.527042853917898 ] ] ] ] } },
{ "type": "Feature", "properties": { "cd_identificador_concessao": 45, "cd_identificador_equipamento": 9, "nm_equipamento": "Baixo do Viaduto Antártica", "nm_parceria": "Baixo do Viaduto Antártica", "tx_modalidade_concessao": "Concessão", "qt_prazo_concessao": 10, "nm_concessionaria": "SOCIAL SERVICE COMUNICAÇÃO MKT DE RESPOSABILIDADE LTDA", "tx_cnpj_concessionaria": "07.303.492/0001-33", "tx_poder_concedente": "Subprefeitura da Lapa", "an_assinatura": 2021, "qt_area_metro": 781.05, "tx_numero_contrato": "CONTRATO DE CONCESSÃO DE USO N° 001/SUB-LA/2020", "qt_investimento_real": 5373000.0, "tx_link_contrato": "https://www.prefeitura.sp.gov.br/cidade/secretarias/governo/desestatizacao_projetos/baixos_viadutos/edital_de_baixos_viadutos/index.php?p=308995", "dt_atualizacao": "2024-05-28", "cd_usuario_atualizacao": null }, "geometry": { "type": "MultiPolygon", "coordinates": [ [ [ [ -46.673214378734492, -23.526916471998501 ], [ -46.67313668116924, -23.526867189689511 ], [ -46.67312335705558, -23.526866791126174 ], [ -46.672994338103962, -23.526931871459222 ], [ -46.672984281463613, -23.526937353740884 ], [ -46.672976065395169, -23.526941088649579 ], [ -46.672845167686468, -23.52700711647952 ], [ -46.672734680253178, -23.527062409833889 ], [ -46.672745531985093, -23.527084146304606 ], [ -46.67277816472275, -23.527116755813203 ], [ -46.672802744600048, -23.527132113869268 ], [ -46.67285658150788, -23.527153207667876 ], [ -46.672887689906673, -23.527158201090614 ], [ -46.672918505427774, -23.527155521975708 ], [ -46.673025838033809, -23.527122961509875 ], [ -46.673117702826815, -23.527032431380231 ], [ -46.673124016677328, -23.527028094763629 ], [ -46.673130503692882, -23.527019816478592 ], [ -46.673221450180009, -23.526930191120613 ], [ -46.673214378734492, -23.526916471998501 ] ] ] ] } },
{ "type": "Feature", "properties": { "cd_identificador_concessao": 46, "cd_identificador_equipamento": 9, "nm_equipamento": "Baixo do Viaduto Antártica", "nm_parceria": "Baixo do Viaduto Antártica", "tx_modalidade_concessao": "Concessão", "qt_prazo_concessao": 10, "nm_concessionaria": "SOCIAL SERVICE COMUNICAÇÃO MKT DE RESPOSABILIDADE LTDA", "tx_cnpj_concessionaria": "07.303.492/0001-33", "tx_poder_concedente": "Subprefeitura da Lapa", "an_assinatura": 2021, "qt_area_metro": 125.6, "tx_numero_contrato": "CONTRATO DE CONCESSÃO DE USO N° 001/SUB-LA/2020", "qt_investimento_real": 5373000.0, "tx_link_contrato": "https://www.prefeitura.sp.gov.br/cidade/secretarias/governo/desestatizacao_projetos/baixos_viadutos/edital_de_baixos_viadutos/index.php?p=308995", "dt_atualizacao": "2024-05-28", "cd_usuario_atualizacao": null }, "geometry": { "type": "MultiPolygon", "coordinates": [ [ [ [ -46.673318379370741, -23.526851773504127 ], [ -46.673430603831065, -23.526722609168086 ], [ -46.673430146812812, -23.526709617169775 ], [ -46.673418415559006, -23.52670252343049 ], [ -46.673411239580957, -23.526703445763637 ], [ -46.673408940182533, -23.52670449582147 ], [ -46.673296475845724, -23.52677155743913 ], [ -46.673243353670237, -23.526797683639952 ], [ -46.673241963932881, -23.526810571506502 ], [ -46.673246539576731, -23.526815845188683 ], [ -46.673311907336377, -23.526854531333612 ], [ -46.673318379370741, -23.526851773504127 ] ] ] ] } },
{ "type": "Feature", "properties": { "cd_identificador_concessao": 47, "cd_identificador_equipamento": 9, "nm_equipamento": "Baixo do Viaduto Antártica", "nm_parceria": "Baixo do Viaduto Antártica", "tx_modalidade_concessao": "Concessão", "qt_prazo_concessao": 10, "nm_concessionaria": "SOCIAL SERVICE COMUNICAÇÃO MKT DE RESPOSABILIDADE LTDA", "tx_cnpj_concessionaria": "07.303.492/0001-33", "tx_poder_concedente": "Subprefeitura da Lapa", "an_assinatura": 2021, "qt_area_metro": 73.95, "tx_numero_contrato": "CONTRATO DE CONCESSÃO DE USO N° 001/SUB-LA/2020", "qt_investimento_real": 5373000.0, "tx_link_contrato": "https://www.prefeitura.sp.gov.br/cidade/secretarias/governo/desestatizacao_projetos/baixos_viadutos/edital_de_baixos_viadutos/index.php?p=308995", "dt_atualizacao": "2024-05-28", "cd_usuario_atualizacao": null }, "geometry": { "type": "MultiPolygon", "coordinates": [ [ [ [ -46.673104519555082, -23.526616542923556 ], [ -46.673023443910672, -23.526604408114817 ], [ -46.67297076258663, -23.526591083439779 ], [ -46.672944491341106, -23.526584035846195 ], [ -46.672931872164483, -23.526584171502513 ], [ -46.672927392706015, -23.526587195735491 ], [ -46.672925355852712, -23.526597247992633 ], [ -46.672945545198601, -23.526608668298117 ], [ -46.672971590354429, -23.526626585639214 ], [ -46.673029648466837, -23.526664068226712 ], [ -46.673111711702148, -23.526624897895918 ], [ -46.673111876717705, -23.526622457964802 ], [ -46.673104519555082, -23.526616542923556 ] ] ] ] } },
{ "type": "Feature", "properties": { "cd_identificador_concessao": 48, "cd_identificador_equipamento": 9, "nm_equipamento": "Baixo do Viaduto Antártica", "nm_parceria": "Baixo do Viaduto Antártica", "tx_modalidade_concessao": "Concessão", "qt_prazo_concessao": 10, "nm_concessionaria": "SOCIAL SERVICE COMUNICAÇÃO MKT DE RESPOSABILIDADE LTDA", "tx_cnpj_concessionaria": "07.303.492/0001-33", "tx_poder_concedente": "Subprefeitura da Lapa", "an_assinatura": 2021, "qt_area_metro": 165.79, "tx_numero_contrato": "CONTRATO DE CONCESSÃO DE USO N° 001/SUB-LA/2020", "qt_investimento_real": 5373000.0, "tx_link_contrato": "https://www.prefeitura.sp.gov.br/cidade/secretarias/governo/desestatizacao_projetos/baixos_viadutos/edital_de_baixos_viadutos/index.php?p=308995", "dt_atualizacao": "2024-05-28", "cd_usuario_atualizacao": null }, "geometry": { "type": "MultiPolygon", "coordinates": [ [ [ [ -46.671673113848442, -23.525489203385494 ], [ -46.671359422726084, -23.525516366236403 ], [ -46.67138664059518, -23.52555623954196 ], [ -46.67146207200264, -23.525555270805889 ], [ -46.671559422752729, -23.525545779723476 ], [ -46.671626913629808, -23.525539194207205 ], [ -46.671695871817484, -23.525532475508093 ], [ -46.671710279597875, -23.525531065546858 ], [ -46.671673113848442, -23.525489203385494 ] ] ] ] } },
{ "type": "Feature", "properties": { "cd_identificador_concessao": 49, "cd_identificador_equipamento": 9, "nm_equipamento": "Baixo do Viaduto Antártica", "nm_parceria": "Baixo do Viaduto Antártica", "tx_modalidade_concessao": "Concessão", "qt_prazo_concessao": 10, "nm_concessionaria": "SOCIAL SERVICE COMUNICAÇÃO MKT DE RESPOSABILIDADE LTDA", "tx_cnpj_concessionaria": "07.303.492/0001-33", "tx_poder_concedente": "Subprefeitura da Lapa", "an_assinatura": 2021, "qt_area_metro": 307.71, "tx_numero_contrato": "CONTRATO DE CONCESSÃO DE USO N° 001/SUB-LA/2020", "qt_investimento_real": 5373000.0, "tx_link_contrato": "https://www.prefeitura.sp.gov.br/cidade/secretarias/governo/desestatizacao_projetos/baixos_viadutos/edital_de_baixos_viadutos/index.php?p=308995", "dt_atualizacao": "2024-05-28", "cd_usuario_atualizacao": null }, "geometry": { "type": "MultiPolygon", "coordinates": [ [ [ [ -46.671812957304461, -23.525634709506448 ], [ -46.671479089073415, -23.525648205387672 ], [ -46.671457249439506, -23.525648169039265 ], [ -46.67149576084396, -23.525666312520435 ], [ -46.671576461500059, -23.525682088447638 ], [ -46.671672948815441, -23.525700945640722 ], [ -46.671695328348079, -23.525703432427811 ], [ -46.671706937328977, -23.525707588002174 ], [ -46.671877641365697, -23.525740951569365 ], [ -46.671938601313713, -23.52571973289788 ], [ -46.67194194817197, -23.525712913708663 ], [ -46.671937910981327, -23.525703912770762 ], [ -46.671907142676254, -23.525675301525869 ], [ -46.671872046793759, -23.525653519997899 ], [ -46.671832127251868, -23.525638121297568 ], [ -46.671812957304461, -23.525634709506448 ] ] ] ] } },
{ "type": "Feature", "properties": { "cd_identificador_concessao": 50, "cd_identificador_equipamento": 9, "nm_equipamento": "Baixo do Viaduto Antártica", "nm_parceria": "Baixo do Viaduto Antártica", "tx_modalidade_concessao": "Concessão", "qt_prazo_concessao": 10, "nm_concessionaria": "SOCIAL SERVICE COMUNICAÇÃO MKT DE RESPOSABILIDADE LTDA", "tx_cnpj_concessionaria": "07.303.492/0001-33", "tx_poder_concedente": "Subprefeitura da Lapa", "an_assinatura": 2021, "qt_area_metro": 79.76, "tx_numero_contrato": "CONTRATO DE CONCESSÃO DE USO N° 001/SUB-LA/2020", "qt_investimento_real": 5373000.0, "tx_link_contrato": "https://www.prefeitura.sp.gov.br/cidade/secretarias/governo/desestatizacao_projetos/baixos_viadutos/edital_de_baixos_viadutos/index.php?p=308995", "dt_atualizacao": "2024-05-28", "cd_usuario_atualizacao": null }, "geometry": { "type": "MultiPolygon", "coordinates": [ [ [ [ -46.672101311594368, -23.525832808466006 ], [ -46.672104098839888, -23.52583017781739 ], [ -46.672108995523999, -23.525820878266106 ], [ -46.672118204542556, -23.525801761689223 ], [ -46.672123996532733, -23.525788912673828 ], [ -46.672129902457186, -23.525778879861171 ], [ -46.672141014919305, -23.525765467988172 ], [ -46.672152160240351, -23.525754656463512 ], [ -46.672164260199324, -23.525744990548386 ], [ -46.672191085597497, -23.525720302678803 ], [ -46.672192888988533, -23.525714214997368 ], [ -46.672191267494782, -23.52570989791656 ], [ -46.672189182892836, -23.525708457420158 ], [ -46.672185649548616, -23.525707845209325 ], [ -46.672146885163734, -23.525715413644882 ], [ -46.672101434975822, -23.525727099440672 ], [ -46.672078801449885, -23.525733988854956 ], [ -46.672074769041274, -23.525737283056561 ], [ -46.672071769607619, -23.525741722027373 ], [ -46.6720704886514, -23.525749628198099 ], [ -46.672075414643075, -23.525781397752354 ], [ -46.67208503030691, -23.525829335186877 ], [ -46.672088527782279, -23.525834083623742 ], [ -46.672092657779508, -23.525835411843488 ], [ -46.672101311594368, -23.525832808466006 ] ] ] ] } },
{ "type": "Feature", "properties": { "cd_identificador_concessao": 51, "cd_identificador_equipamento": 9, "nm_equipamento": "Baixo do Viaduto Antártica", "nm_parceria": "Baixo do Viaduto Antártica", "tx_modalidade_concessao": "Concessão", "qt_prazo_concessao": 10, "nm_concessionaria": "SOCIAL SERVICE COMUNICAÇÃO MKT DE RESPOSABILIDADE LTDA", "tx_cnpj_concessionaria": "07.303.492/0001-33", "tx_poder_concedente": "Subprefeitura da Lapa", "an_assinatura": 2021, "qt_area_metro": 300.18, "tx_numero_contrato": "CONTRATO DE CONCESSÃO DE USO N° 001/SUB-LA/2020", "qt_investimento_real": 5373000.0, "tx_link_contrato": "https://www.prefeitura.sp.gov.br/cidade/secretarias/governo/desestatizacao_projetos/baixos_viadutos/edital_de_baixos_viadutos/index.php?p=308995", "dt_atualizacao": "2024-05-28", "cd_usuario_atualizacao": null }, "geometry": { "type": "MultiPolygon", "coordinates": [ [ [ [ -46.672041146645171, -23.525680564298156 ], [ -46.672048218613362, -23.525679106695932 ], [ -46.672107727256908, -23.52565309243257 ], [ -46.672197623515316, -23.525620015103989 ], [ -46.672281097947078, -23.525585598016139 ], [ -46.672328683466475, -23.525567748679212 ], [ -46.672435586116293, -23.525528889741587 ], [ -46.672440021145093, -23.525526458105183 ], [ -46.672441380981823, -23.525522470197814 ], [ -46.672440624831488, -23.525518432787358 ], [ -46.672438402206808, -23.525516144937413 ], [ -46.672432605337626, -23.525516207231682 ], [ -46.672328684460069, -23.525529857887371 ], [ -46.672125741246091, -23.525561188019722 ], [ -46.672039352350829, -23.525575769863185 ], [ -46.671998612248444, -23.52558198689421 ], [ -46.671994556111443, -23.525583403063653 ], [ -46.671990139326034, -23.525587279326398 ], [ -46.671987757454446, -23.525590989243646 ], [ -46.671987583597804, -23.525595831307104 ], [ -46.67198983359787, -23.525600286121605 ], [ -46.672014517218805, -23.525635509682278 ], [ -46.672033391828045, -23.525672159210977 ], [ -46.672036984385016, -23.525677457471094 ], [ -46.672041146645171, -23.525680564298156 ] ] ] ] } },
{ "type": "Feature", "properties": { "cd_identificador_concessao": 52, "cd_identificador_equipamento": 9, "nm_equipamento": "Baixo do Viaduto Antártica", "nm_parceria": "Baixo do Viaduto Antártica", "tx_modalidade_concessao": "Concessão", "qt_prazo_concessao": 10, "nm_concessionaria": "SOCIAL SERVICE COMUNICAÇÃO MKT DE RESPOSABILIDADE LTDA", "tx_cnpj_concessionaria": "07.303.492/0001-33", "tx_poder_concedente": "Subprefeitura da Lapa", "an_assinatura": 2021, "qt_area_metro": 359.42, "tx_numero_contrato": "CONTRATO DE CONCESSÃO DE USO N° 001/SUB-LA/2020", "qt_investimento_real": 5373000.0, "tx_link_contrato": "https://www.prefeitura.sp.gov.br/cidade/secretarias/governo/desestatizacao_projetos/baixos_viadutos/edital_de_baixos_viadutos/index.php?p=308995", "dt_atualizacao": "2024-05-28", "cd_usuario_atualizacao": null }, "geometry": { "type": "MultiPolygon", "coordinates": [ [ [ [ -46.671978511076659, -23.525807885999178 ], [ -46.671930768253844, -23.525792370277266 ], [ -46.67186132892401, -23.525795897558407 ], [ -46.671812203664473, -23.525798399547693 ], [ -46.67175470980164, -23.52579478285098 ], [ -46.671739629967426, -23.525787050746199 ], [ -46.671692337714845, -23.525770783804685 ], [ -46.67185520747082, -23.525956518931821 ], [ -46.671865820297199, -23.525949497588162 ], [ -46.671947818124877, -23.525923566951096 ], [ -46.67197178898568, -23.525916862616555 ], [ -46.672028613166049, -23.525900828516097 ], [ -46.671997024465917, -23.525828348235279 ], [ -46.671990001266856, -23.525818165363891 ], [ -46.671985069575101, -23.525812294525654 ], [ -46.671978511076659, -23.525807885999178 ] ] ] ] } },
{ "type": "Feature", "properties": { "cd_identificador_concessao": 53, "cd_identificador_equipamento": 9, "nm_equipamento": "Baixo do Viaduto Antártica", "nm_parceria": "Baixo do Viaduto Antártica", "tx_modalidade_concessao": "Concessão", "qt_prazo_concessao": 10, "nm_concessionaria": "SOCIAL SERVICE COMUNICAÇÃO MKT DE RESPOSABILIDADE LTDA", "tx_cnpj_concessionaria": "07.303.492/0001-33", "tx_poder_concedente": "Subprefeitura da Lapa", "an_assinatura": 2021, "qt_area_metro": 2280.08, "tx_numero_contrato": "CONTRATO DE CONCESSÃO DE USO N° 001/SUB-LA/2020", "qt_investimento_real": 5373000.0, "tx_link_contrato": "https://www.prefeitura.sp.gov.br/cidade/secretarias/governo/desestatizacao_projetos/baixos_viadutos/edital_de_baixos_viadutos/index.php?p=308995", "dt_atualizacao": "2024-05-28", "cd_usuario_atualizacao": null }, "geometry": { "type": "MultiPolygon", "coordinates": [ [ [ [ -46.672898206330309, -23.52671190529199 ], [ -46.672792877385731, -23.526638743783419 ], [ -46.672497507323939, -23.526438557756467 ], [ -46.672050462869883, -23.52597390975453 ], [ -46.67201174929118, -23.52595903088741 ], [ -46.671998977752864, -23.525964595290947 ], [ -46.671975580925199, -23.525976194417499 ], [ -46.671952775199948, -23.525992227617333 ], [ -46.67193484684708, -23.526013142222823 ], [ -46.671938984592721, -23.526044180759982 ], [ -46.672496957469917, -23.526670205892831 ], [ -46.672567629135862, -23.526808740606988 ], [ -46.672606684411264, -23.526869094185859 ], [ -46.672623546479677, -23.526878214074177 ], [ -46.672648679093619, -23.526871784682989 ], [ -46.672769664764061, -23.526803559943289 ], [ -46.672788417001101, -23.526792985399968 ], [ -46.672907393144186, -23.526725893667468 ], [ -46.672898206330309, -23.52671190529199 ] ] ] ] } },
{ "type": "Feature", "properties": { "cd_identificador_concessao": 54, "cd_identificador_equipamento": 9, "nm_equipamento": "Baixo do Viaduto Antártica", "nm_parceria": "Baixo do Viaduto Antártica", "tx_modalidade_concessao": "Concessão", "qt_prazo_concessao": 10, "nm_concessionaria": "SOCIAL SERVICE COMUNICAÇÃO MKT DE RESPOSABILIDADE LTDA", "tx_cnpj_concessionaria": "07.303.492/0001-33", "tx_poder_concedente": "Subprefeitura da Lapa", "an_assinatura": 2021, "qt_area_metro": 7584.86, "tx_numero_contrato": "CONTRATO DE CONCESSÃO DE USO N° 001/SUB-LA/2020", "qt_investimento_real": 5373000.0, "tx_link_contrato": "https://www.prefeitura.sp.gov.br/cidade/secretarias/governo/desestatizacao_projetos/baixos_viadutos/edital_de_baixos_viadutos/index.php?p=308995", "dt_atualizacao": "2024-05-28", "cd_usuario_atualizacao": null }, "geometry": { "type": "MultiPolygon", "coordinates": [ [ [ [ -46.673248090897111, -23.5265620349744 ], [ -46.673368403447796, -23.526495802057909 ], [ -46.672846239105034, -23.525549314583415 ], [ -46.672812775986465, -23.525549759314725 ], [ -46.672707359557464, -23.525558983432859 ], [ -46.672651550668647, -23.525563123098415 ], [ -46.672626590673801, -23.525565703091203 ], [ -46.672606963923485, -23.525568731454058 ], [ -46.672587584049971, -23.52557269630352 ], [ -46.672563213490342, -23.525578520828638 ], [ -46.672543466584656, -23.525584440143426 ], [ -46.67252467614454, -23.525591649527733 ], [ -46.672513080367956, -23.525596262161063 ], [ -46.672510887892514, -23.525597134563125 ], [ -46.672506200872633, -23.525599000006117 ], [ -46.672486889464871, -23.525608382236125 ], [ -46.672470794400411, -23.525618091108079 ], [ -46.672433747601772, -23.52564377382577 ], [ -46.672375410735782, -23.525671486828745 ], [ -46.672276703823741, -23.525732787883523 ], [ -46.672254711634586, -23.525754929788761 ], [ -46.672238001898336, -23.525777357159708 ], [ -46.672214879893993, -23.525834081005708 ], [ -46.67221278435786, -23.525903243042674 ], [ -46.672220622578159, -23.525936017205527 ], [ -46.672238171272483, -23.525973478873752 ], [ -46.672299931000644, -23.526043323851091 ], [ -46.672482879852339, -23.526244669062883 ], [ -46.672569256973524, -23.526323833048401 ], [ -46.672654543508294, -23.526383601952027 ], [ -46.672823263220167, -23.526468570813016 ], [ -46.672924291394857, -23.526513059849442 ], [ -46.673056120612074, -23.526546554664705 ], [ -46.673142132953544, -23.526565485012704 ], [ -46.673195251755388, -23.526570387165442 ], [ -46.673224192968313, -23.526569391447278 ], [ -46.673248090897111, -23.5265620349744 ] ] ] ] } },
{ "type": "Feature", "properties": { "cd_identificador_concessao": 55, "cd_identificador_equipamento": 7, "nm_equipamento": "Baixo do Viaduto Lapa", "nm_parceria": "Baixo do Viaduto Lapa", "tx_modalidade_concessao": "Concessão", "qt_prazo_concessao": 10, "nm_concessionaria": "VIVA A LAPA CONCESSIONARIA SPE LTDA", "tx_cnpj_concessionaria": "45.930.672/0001-34", "tx_poder_concedente": "Subprefeitura da Lapa", "an_assinatura": 2022, "qt_area_metro": 5261.61, "tx_numero_contrato": "CONTRATO 001/SUB-LA/2023", "qt_investimento_real": 5193000.0, "tx_link_contrato": "https://www.prefeitura.sp.gov.br/cidade/secretarias/governo/desestatizacao_projetos/baixos_viadutos/viaduto_lapa/index.php?p=342074", "dt_atualizacao": "2024-05-28", "cd_usuario_atualizacao": null }, "geometry": { "type": "MultiPolygon", "coordinates": [ [ [ [ -46.699574693654519, -23.520664436559407 ], [ -46.699571466912381, -23.520654256884125 ], [ -46.699402810128205, -23.520726665952079 ], [ -46.699420616876012, -23.520778409265713 ], [ -46.699434514359567, -23.52077291106967 ], [ -46.699441303897238, -23.520787772212213 ], [ -46.699426282129252, -23.520793138609722 ], [ -46.699465913602943, -23.520897693670289 ], [ -46.699498613164707, -23.520935528247087 ], [ -46.699572552054946, -23.520959474728652 ], [ -46.699697996952402, -23.520962702049506 ], [ -46.700519118565701, -23.520677064494379 ], [ -46.700557711035252, -23.520662483621368 ], [ -46.700601149687166, -23.520634846404811 ], [ -46.700641262178479, -23.520604428117306 ], [ -46.700666118105069, -23.520581689581473 ], [ -46.700675087671527, -23.52057248920929 ], [ -46.700695957375096, -23.520544376144731 ], [ -46.700718514174788, -23.520513427243511 ], [ -46.700737815365024, -23.520485186829792 ], [ -46.700756469272008, -23.520443155448383 ], [ -46.700772657550708, -23.520386052629203 ], [ -46.700775793773488, -23.520367958101613 ], [ -46.700777193673453, -23.520343071275533 ], [ -46.700775303650907, -23.520299334470913 ], [ -46.700772996920328, -23.520278337533259 ], [ -46.700761690041318, -23.520231070911571 ], [ -46.700755031620176, -23.52021086120461 ], [ -46.70074596217394, -23.520189755911172 ], [ -46.700729045640465, -23.520164864251623 ], [ -46.700713470845912, -23.520151021090456 ], [ -46.700700841977778, -23.520148577672792 ], [ -46.700496622969389, -23.520237285931717 ], [ -46.700519788519983, -23.520281654265634 ], [ -46.700378074678667, -23.520344547298485 ], [ -46.700156460008508, -23.520440681821334 ], [ -46.700091834325121, -23.520461711159616 ], [ -46.700023666294541, -23.520492940889604 ], [ -46.699956495341354, -23.520561436203998 ], [ -46.699876717617968, -23.52058713043192 ], [ -46.699806957978971, -23.520595152494582 ], [ -46.699746538381291, -23.52062383898658 ], [ -46.69965787248394, -23.520632920204331 ], [ -46.699574693654519, -23.520664436559407 ] ] ] ] } },
{ "type": "Feature", "properties": { "cd_identificador_concessao": 56, "cd_identificador_equipamento": 7, "nm_equipamento": "Baixo do Viaduto Lapa", "nm_parceria": "Baixo do Viaduto Lapa", "tx_modalidade_concessao": "Concessão", "qt_prazo_concessao": 10, "nm_concessionaria": "VIVA A LAPA CONCESSIONARIA SPE LTDA", "tx_cnpj_concessionaria": "45.930.672/0001-34", "tx_poder_concedente": "Subprefeitura da Lapa", "an_assinatura": 2022, "qt_area_metro": 1252.17, "tx_numero_contrato": "CONTRATO 001/SUB-LA/2023", "qt_investimento_real": 5193000.0, "tx_link_contrato": "https://www.prefeitura.sp.gov.br/cidade/secretarias/governo/desestatizacao_projetos/baixos_viadutos/viaduto_lapa/index.php?p=342074", "dt_atualizacao": "2024-05-28", "cd_usuario_atualizacao": null }, "geometry": { "type": "MultiPolygon", "coordinates": [ [ [ [ -46.700752035039478, -23.520646779181089 ], [ -46.700756202053491, -23.52065402999467 ], [ -46.700758870965842, -23.520655128736859 ], [ -46.700764759738888, -23.520655453550084 ], [ -46.700880415618187, -23.520614457212311 ], [ -46.70094185626192, -23.520591607820656 ], [ -46.700971631485722, -23.520579796118398 ], [ -46.700975908182777, -23.520577293187916 ], [ -46.700977746376594, -23.520574022253754 ], [ -46.700978712706892, -23.520569966196131 ], [ -46.700979020818693, -23.520563461136337 ], [ -46.700978066335686, -23.520556247463823 ], [ -46.700964201052408, -23.520501495798328 ], [ -46.700950508226782, -23.52044797034381 ], [ -46.700909698383008, -23.52027171472761 ], [ -46.700889461309998, -23.520184451970511 ], [ -46.700871370423727, -23.520105690199454 ], [ -46.700863516569704, -23.52006149226299 ], [ -46.700862506558728, -23.520031667750594 ], [ -46.700862903940397, -23.520013819871959 ], [ -46.700865087170399, -23.519994724381625 ], [ -46.700869675475083, -23.5199737965849 ], [ -46.700878173294491, -23.519946179892969 ], [ -46.701038927077107, -23.519745372096253 ], [ -46.701083574131317, -23.519717306169394 ], [ -46.701098645401167, -23.519710459169076 ], [ -46.701115024920625, -23.519704825967782 ], [ -46.701133020445468, -23.519699969755457 ], [ -46.701151700817981, -23.519696586997753 ], [ -46.701165470445069, -23.519695136173702 ], [ -46.701179490848695, -23.519694910705223 ], [ -46.70119564244844, -23.519695926161567 ], [ -46.701212836495777, -23.51969880849002 ], [ -46.701229563340334, -23.519701912645811 ], [ -46.701247953250423, -23.519706407323632 ], [ -46.701263524157213, -23.5197110050505 ], [ -46.701275889045327, -23.519716071262327 ], [ -46.701285472238425, -23.519721095634981 ], [ -46.701294673059401, -23.519726846596591 ], [ -46.701313103485887, -23.519740587675312 ], [ -46.701370905574606, -23.519782108538184 ], [ -46.701374939647216, -23.519782064444858 ], [ -46.701377271022508, -23.519780594141888 ], [ -46.70137884385673, -23.519778012393882 ], [ -46.701378937677305, -23.519776169222339 ], [ -46.701378235648221, -23.519773359495538 ], [ -46.701376794112356, -23.51977091905702 ], [ -46.701273576903269, -23.519682468333258 ], [ -46.70120895859823, -23.519625670706155 ], [ -46.701166198693436, -23.519590270354296 ], [ -46.701153060893404, -23.519582973107727 ], [ -46.70108864842495, -23.519548278932895 ], [ -46.701077388553337, -23.519543850798399 ], [ -46.701067448071178, -23.519541503234688 ], [ -46.701056312483495, -23.519540649671825 ], [ -46.701046451084686, -23.519541407607075 ], [ -46.701036305601711, -23.51954444423885 ], [ -46.701028092697271, -23.519548507246068 ], [ -46.701021424891934, -23.519553925947971 ], [ -46.701014942061484, -23.519561545979887 ], [ -46.700982176086541, -23.519611894836498 ], [ -46.700946376769259, -23.519665482529899 ], [ -46.700815737904215, -23.519891597721603 ], [ -46.700814159972083, -23.519909025053977 ], [ -46.700813096017917, -23.519923773851673 ], [ -46.700813426253482, -23.51993727931789 ], [ -46.700815552184437, -23.519956399964222 ], [ -46.700820531107688, -23.5199841583613 ], [ -46.700827342292506, -23.520014280691633 ], [ -46.700838450994318, -23.520067906641643 ], [ -46.700848741116829, -23.520118796375286 ], [ -46.700858703430356, -23.520162465585884 ], [ -46.700867864797075, -23.520204770967588 ], [ -46.700873911613755, -23.5202302782202 ], [ -46.700878531752231, -23.52025450072323 ], [ -46.700881262077324, -23.520271880977962 ], [ -46.700883161385313, -23.520291654267634 ], [ -46.700883959048298, -23.520317146636767 ], [ -46.700884129128788, -23.520342573622674 ], [ -46.700882550845591, -23.520366069205433 ], [ -46.70088023322996, -23.520386899948676 ], [ -46.700877044680375, -23.520407017798423 ], [ -46.700870461507975, -23.52043121823991 ], [ -46.700856188658626, -23.520472768314583 ], [ -46.700839921300805, -23.520511522782108 ], [ -46.700827466932438, -23.520536076340758 ], [ -46.700815987248873, -23.52055722391982 ], [ -46.700805631490049, -23.520574385960149 ], [ -46.700793640038384, -23.520592288283176 ], [ -46.700784480037449, -23.52060495831229 ], [ -46.700755847683936, -23.520638646526056 ], [ -46.700753314705537, -23.520642719700813 ], [ -46.700752035039478, -23.520646779181089 ] ] ] ] } },
{ "type": "Feature", "properties": { "cd_identificador_concessao": 57, "cd_identificador_equipamento": 7, "nm_equipamento": "Baixo do Viaduto Lapa", "nm_parceria": "Baixo do Viaduto Lapa", "tx_modalidade_concessao": "Concessão", "qt_prazo_concessao": 10, "nm_concessionaria": "VIVA A LAPA CONCESSIONARIA SPE LTDA", "tx_cnpj_concessionaria": "45.930.672/0001-34", "tx_poder_concedente": "Subprefeitura da Lapa", "an_assinatura": 2022, "qt_area_metro": 325.06, "tx_numero_contrato": "CONTRATO 001/SUB-LA/2023", "qt_investimento_real": 5193000.0, "tx_link_contrato": "https://www.prefeitura.sp.gov.br/cidade/secretarias/governo/desestatizacao_projetos/baixos_viadutos/viaduto_lapa/index.php?p=342074", "dt_atualizacao": "2024-05-28", "cd_usuario_atualizacao": null }, "geometry": { "type": "MultiPolygon", "coordinates": [ [ [ [ -46.700749437874293, -23.519833041464071 ], [ -46.700810967929137, -23.519730210696615 ], [ -46.700841273324102, -23.51967991756414 ], [ -46.700886591960227, -23.519603050732425 ], [ -46.700913547681601, -23.519557403854925 ], [ -46.70091291868404, -23.519544991348926 ], [ -46.700906377701116, -23.519541538909479 ], [ -46.700885507772888, -23.519543372595184 ], [ -46.70085541579423, -23.519555563897111 ], [ -46.700827136142983, -23.519573506328371 ], [ -46.700767227996991, -23.519621129251352 ], [ -46.700713702777669, -23.51967890401616 ], [ -46.700653514617066, -23.51974666051537 ], [ -46.700749437874293, -23.519833041464071 ] ] ] ] } },
{ "type": "Feature", "properties": { "cd_identificador_concessao": 58, "cd_identificador_equipamento": 7, "nm_equipamento": "Baixo do Viaduto Lapa", "nm_parceria": "Baixo do Viaduto Lapa", "tx_modalidade_concessao": "Concessão", "qt_prazo_concessao": 10, "nm_concessionaria": "VIVA A LAPA CONCESSIONARIA SPE LTDA", "tx_cnpj_concessionaria": "45.930.672/0001-34", "tx_poder_concedente": "Subprefeitura da Lapa", "an_assinatura": 2022, "qt_area_metro": 67.84, "tx_numero_contrato": "CONTRATO 001/SUB-LA/2023", "qt_investimento_real": 5193000.0, "tx_link_contrato": "https://www.prefeitura.sp.gov.br/cidade/secretarias/governo/desestatizacao_projetos/baixos_viadutos/viaduto_lapa/index.php?p=342074", "dt_atualizacao": "2024-05-28", "cd_usuario_atualizacao": null }, "geometry": { "type": "MultiPolygon", "coordinates": [ [ [ [ -46.701189068897101, -23.519504487024083 ], [ -46.701188268118116, -23.51950008907269 ], [ -46.701185313691369, -23.519495750778713 ], [ -46.701131948664411, -23.519406285539219 ], [ -46.701129278612996, -23.519402738787562 ], [ -46.701125928181177, -23.519401113858937 ], [ -46.701122047533069, -23.519400903424767 ], [ -46.701119124498945, -23.519402055105214 ], [ -46.701115391518627, -23.519404190890892 ], [ -46.70108012690654, -23.519455181120389 ], [ -46.701078222465753, -23.51945939191269 ], [ -46.701077519164194, -23.519462578204188 ], [ -46.701077995938228, -23.519466148925257 ], [ -46.701079643969038, -23.519469417882451 ], [ -46.701081948068868, -23.519471921139054 ], [ -46.701085694800362, -23.519473902942885 ], [ -46.701103838828992, -23.51948060367825 ], [ -46.701120992113296, -23.519486412225813 ], [ -46.701135801492875, -23.519492715953707 ], [ -46.701149635445503, -23.519499319304419 ], [ -46.701165380916315, -23.519508357958383 ], [ -46.701174560364528, -23.519512447617899 ], [ -46.70118008643864, -23.519512676188413 ], [ -46.701183829632818, -23.519511334940773 ], [ -46.701187481034076, -23.519508947201409 ], [ -46.701189068897101, -23.519504487024083 ] ] ] ] } },
{ "type": "Feature", "properties": { "cd_identificador_concessao": 59, "cd_identificador_equipamento": 7, "nm_equipamento": "Baixo do Viaduto Lapa", "nm_parceria": "Baixo do Viaduto Lapa", "tx_modalidade_concessao": "Concessão", "qt_prazo_concessao": 10, "nm_concessionaria": "VIVA A LAPA CONCESSIONARIA SPE LTDA", "tx_cnpj_concessionaria": "45.930.672/0001-34", "tx_poder_concedente": "Subprefeitura da Lapa", "an_assinatura": 2022, "qt_area_metro": 1545.35, "tx_numero_contrato": "CONTRATO 001/SUB-LA/2023", "qt_investimento_real": 5193000.0, "tx_link_contrato": "https://www.prefeitura.sp.gov.br/cidade/secretarias/governo/desestatizacao_projetos/baixos_viadutos/viaduto_lapa/index.php?p=342074", "dt_atualizacao": "2024-05-28", "cd_usuario_atualizacao": null }, "geometry": { "type": "MultiPolygon", "coordinates": [ [ [ [ -46.700915867530398, -23.519447346678145 ], [ -46.700942551130133, -23.519442121613309 ], [ -46.70097233227947, -23.519440034218164 ], [ -46.700981614480291, -23.519433321083316 ], [ -46.701019150339008, -23.519373131442645 ], [ -46.701053877202575, -23.519316873507055 ], [ -46.700985208355128, -23.519281446534876 ], [ -46.700941289146179, -23.519277745507306 ], [ -46.700669873295972, -23.519400513851632 ], [ -46.700452429091975, -23.519556603009381 ], [ -46.700415393471062, -23.519601634501022 ], [ -46.700099323583579, -23.519741360656464 ], [ -46.699909480700555, -23.519825283133112 ], [ -46.699235060622485, -23.520109944279966 ], [ -46.699289011591112, -23.520213084467581 ], [ -46.699336464802755, -23.520172729177474 ], [ -46.699321731689217, -23.520145792076057 ], [ -46.699396054653221, -23.520100506821752 ], [ -46.699414194344534, -23.520087442722183 ], [ -46.699423607524004, -23.520079964505193 ], [ -46.699439487388105, -23.520070858645802 ], [ -46.699460273409152, -23.520063174307204 ], [ -46.699485383558368, -23.520060031918497 ], [ -46.699545994466071, -23.520046258232973 ], [ -46.699576406082713, -23.52003379766488 ], [ -46.699599050173831, -23.52001855367779 ], [ -46.699612026568651, -23.520004808390603 ], [ -46.699629841304869, -23.519994124347399 ], [ -46.699642571692095, -23.519988904478797 ], [ -46.69966806192636, -23.519980758999505 ], [ -46.699701911169385, -23.519973013934287 ], [ -46.699719439909899, -23.5199677416628 ], [ -46.699733944303553, -23.519962256567013 ], [ -46.699753360580679, -23.519951718920268 ], [ -46.699797082908631, -23.519923870373731 ], [ -46.699829084322786, -23.519896805409754 ], [ -46.699843670656527, -23.519883862017075 ], [ -46.699853889836191, -23.519876866669911 ], [ -46.699870134549236, -23.519868494328769 ], [ -46.6998878304613, -23.519862400719884 ], [ -46.699928206769691, -23.51985081465477 ], [ -46.699959383894466, -23.519842607022099 ], [ -46.699994106931008, -23.51983370506149 ], [ -46.700431298255907, -23.519638572637653 ], [ -46.70051383716212, -23.519593316984604 ], [ -46.700557035355139, -23.519569810210104 ], [ -46.700570313601503, -23.519564105010609 ], [ -46.700578485456255, -23.519563221426719 ], [ -46.700587969623676, -23.51956391211418 ], [ -46.70059924776092, -23.519570143333876 ], [ -46.700758379954614, -23.519485598417425 ], [ -46.70078211994884, -23.519507305123327 ], [ -46.70086375981969, -23.519466592820056 ], [ -46.700915867530398, -23.519447346678145 ] ] ] ] } },
{ "type": "Feature", "properties": { "cd_identificador_concessao": 60, "cd_identificador_equipamento": 7, "nm_equipamento": "Baixo do Viaduto Lapa", "nm_parceria": "Baixo do Viaduto Lapa", "tx_modalidade_concessao": "Concessão", "qt_prazo_concessao": 10, "nm_concessionaria": "VIVA A LAPA CONCESSIONARIA SPE LTDA", "tx_cnpj_concessionaria": "45.930.672/0001-34", "tx_poder_concedente": "Subprefeitura da Lapa", "an_assinatura": 2022, "qt_area_metro": 319.72, "tx_numero_contrato": "CONTRATO 001/SUB-LA/2023", "qt_investimento_real": 5193000.0, "tx_link_contrato": "https://www.prefeitura.sp.gov.br/cidade/secretarias/governo/desestatizacao_projetos/baixos_viadutos/viaduto_lapa/index.php?p=342074", "dt_atualizacao": "2024-05-28", "cd_usuario_atualizacao": null }, "geometry": { "type": "MultiPolygon", "coordinates": [ [ [ [ -46.701409261385415, -23.520582369794216 ], [ -46.70145870189242, -23.520585390670941 ], [ -46.701447148632255, -23.520521267952045 ], [ -46.70142396129809, -23.520391478543271 ], [ -46.701403957361734, -23.520323369835921 ], [ -46.701379483905576, -23.520279555871529 ], [ -46.701328599197147, -23.520227212661826 ], [ -46.701319092527562, -23.520231725078798 ], [ -46.701326491413042, -23.520249277339694 ], [ -46.701338699796615, -23.520268980382806 ], [ -46.701355916977555, -23.520306261808084 ], [ -46.701361519714226, -23.520370120328455 ], [ -46.701345888942427, -23.520456250770309 ], [ -46.701310850134888, -23.520520553510288 ], [ -46.70126832740425, -23.520560692148177 ], [ -46.701318664094032, -23.520570651212179 ], [ -46.701351464032328, -23.520575852824077 ], [ -46.701409261385415, -23.520582369794216 ] ] ] ] } },
{ "type": "Feature", "properties": { "cd_identificador_concessao": 61, "cd_identificador_equipamento": 34, "nm_equipamento": "Cemitério de Santana", "nm_parceria": "Cemitérios - Bloco 1", "tx_modalidade_concessao": "Concessão", "qt_prazo_concessao": 25, "nm_concessionaria": "CONCESSIONÁRIA DE CEMITÉRIOS E SERVIÇOS FUNERÁRIOS SPE S/A", "tx_cnpj_concessionaria": "44.615.216/0001-37", "tx_poder_concedente": "São Paulo Regula", "an_assinatura": 2022, "qt_area_metro": 40918.7, "tx_numero_contrato": "CONTRATO DE CONCESSÃO Nº 53/SFMSP/2022", "qt_investimento_real": 4512000.0, "tx_link_contrato": "https://www.prefeitura.sp.gov.br/cidade/secretarias/governo/desestatizacao_projetos/cemiterios_publicos/index.php?p=336623", "dt_atualizacao": "2024-05-28", "cd_usuario_atualizacao": null }, "geometry": { "type": "MultiPolygon", "coordinates": [ [ [ [ -46.640440027818322, -23.496452010759633 ], [ -46.64034162271745, -23.496399679451983 ], [ -46.640192592629042, -23.496328032412617 ], [ -46.640130755933377, -23.496298303582684 ], [ -46.640048548120667, -23.496263481157097 ], [ -46.640052895870028, -23.496257186384025 ], [ -46.639905504895836, -23.496173888903957 ], [ -46.639894184052373, -23.496189540275981 ], [ -46.639803368865167, -23.496149101143946 ], [ -46.639567965474996, -23.496046104438314 ], [ -46.639553693256076, -23.496039419579329 ], [ -46.639520518119177, -23.496023879836496 ], [ -46.639383407594799, -23.495959657709836 ], [ -46.639351438969342, -23.495920073666287 ], [ -46.639199100529119, -23.4957314451622 ], [ -46.639168427663833, -23.495693465679423 ], [ -46.638275784518036, -23.496253788419146 ], [ -46.6379674093454, -23.496425790411418 ], [ -46.637966120505439, -23.496422914250086 ], [ -46.637869336557415, -23.49647623567747 ], [ -46.637851932100901, -23.496487688549085 ], [ -46.63784818547115, -23.496492957418621 ], [ -46.637830029798465, -23.49651849289506 ], [ -46.63778941455277, -23.496575615180038 ], [ -46.637728246470914, -23.49667132982681 ], [ -46.637729008737544, -23.496682302722856 ], [ -46.637799838353168, -23.496759869283061 ], [ -46.637865673399112, -23.496838933176921 ], [ -46.638030602700027, -23.497026186211691 ], [ -46.638208210247299, -23.49722515353746 ], [ -46.638333123807868, -23.497368903394822 ], [ -46.638655515598714, -23.497722102809789 ], [ -46.638664376881856, -23.497729233872668 ], [ -46.638736515557248, -23.497760550787429 ], [ -46.638986930875312, -23.49786743626672 ], [ -46.639562437423166, -23.498118040398378 ], [ -46.639576608192343, -23.498117457786794 ], [ -46.639765314844269, -23.49774454093345 ], [ -46.640019983265482, -23.497248875285663 ], [ -46.640275861812732, -23.496772015776742 ], [ -46.640440027818322, -23.496452010759633 ] ] ] ] } },
{ "type": "Feature", "properties": { "cd_identificador_concessao": 62, "cd_identificador_equipamento": 19, "nm_equipamento": "Cemitério Vila Formosa II", "nm_parceria": "Cemitérios - Bloco 1", "tx_modalidade_concessao": "Concessão", "qt_prazo_concessao": 25, "nm_concessionaria": "CONCESSIONÁRIA DE CEMITÉRIOS E SERVIÇOS FUNERÁRIOS SPE S/A", "tx_cnpj_concessionaria": "44.615.216/0001-37", "tx_poder_concedente": "São Paulo Regula", "an_assinatura": 2022, "qt_area_metro": 360539.76, "tx_numero_contrato": "CONTRATO DE CONCESSÃO Nº 53/SFMSP/2022", "qt_investimento_real": 73606000.0, "tx_link_contrato": "https://www.prefeitura.sp.gov.br/cidade/secretarias/governo/desestatizacao_projetos/cemiterios_publicos/index.php?p=336623", "dt_atualizacao": "2024-05-28", "cd_usuario_atualizacao": null }, "geometry": { "type": "MultiPolygon", "coordinates": [ [ [ [ -46.525247820178613, -23.557152970497725 ], [ -46.524825387967482, -23.557387086995927 ], [ -46.52492865552189, -23.557546326232121 ], [ -46.524824778062673, -23.557600604051533 ], [ -46.52403705313418, -23.558015783029404 ], [ -46.524027019152442, -23.558138290403505 ], [ -46.523195900016589, -23.558530546497366 ], [ -46.523767335890874, -23.559443014424069 ], [ -46.523000086574733, -23.55981564924658 ], [ -46.522923987741549, -23.559727069017395 ], [ -46.522218741891436, -23.560135713433098 ], [ -46.522320982341391, -23.560302626938501 ], [ -46.521893190875929, -23.560551626722599 ], [ -46.521952730442372, -23.5606755039936 ], [ -46.522050222679042, -23.560893858364075 ], [ -46.522096909088134, -23.561005787451229 ], [ -46.522126451204663, -23.561082809419521 ], [ -46.522153785565855, -23.561158669984614 ], [ -46.522178938119758, -23.561233070883084 ], [ -46.522218645393892, -23.561354830365566 ], [ -46.522249272044817, -23.561468144807733 ], [ -46.522285018973022, -23.561628774745255 ], [ -46.522350575984966, -23.561876890446889 ], [ -46.522380544842832, -23.561996008950779 ], [ -46.522367629743734, -23.561998275687827 ], [ -46.52238714379417, -23.562064522910983 ], [ -46.522415345374228, -23.562157794993432 ], [ -46.522437955188764, -23.562235092468288 ], [ -46.522463101377419, -23.56230890636737 ], [ -46.52250284395825, -23.562426023649131 ], [ -46.52254700440826, -23.56254055100943 ], [ -46.522590845020197, -23.562655370465006 ], [ -46.522651513669601, -23.562805659921853 ], [ -46.522699132723716, -23.562920198498471 ], [ -46.522731011543229, -23.562989857320119 ], [ -46.522751672956232, -23.563035013951186 ], [ -46.52277936411307, -23.56309416420493 ], [ -46.522805253367657, -23.563142323772084 ], [ -46.522832828054867, -23.56319391652147 ], [ -46.522864084288749, -23.563247884374988 ], [ -46.522904359233337, -23.563317648734273 ], [ -46.522969165791793, -23.563424017685634 ], [ -46.523011459711491, -23.563489599112824 ], [ -46.52306700037601, -23.563575712802269 ], [ -46.523130780806049, -23.563665285735805 ], [ -46.523210678613708, -23.563772003379182 ], [ -46.523266610032294, -23.563841858033651 ], [ -46.523329335735056, -23.563917254099184 ], [ -46.523417216324184, -23.564022963235708 ], [ -46.523561124437173, -23.564183038389579 ], [ -46.523703452163062, -23.56432158182195 ], [ -46.523769401684035, -23.564382560305223 ], [ -46.523826587465017, -23.564434566957573 ], [ -46.523996219017668, -23.56457903743199 ], [ -46.524083781156676, -23.564644328210388 ], [ -46.524238770787548, -23.564761949435017 ], [ -46.524482882888258, -23.564924662292171 ], [ -46.524683131790439, -23.565044620579918 ], [ -46.524910905752854, -23.565178640152116 ], [ -46.525144079365155, -23.565315306541894 ], [ -46.525462613935765, -23.56550465930199 ], [ -46.525782270202917, -23.565696899182164 ], [ -46.526073168347928, -23.565889520050298 ], [ -46.526267703986385, -23.566043839546658 ], [ -46.526367922327516, -23.566131725679419 ], [ -46.52645114928464, -23.566207415701054 ], [ -46.526494253298154, -23.566250465748308 ], [ -46.526554652425212, -23.566310784031614 ], [ -46.526672008094479, -23.566444583755725 ], [ -46.527795233507661, -23.565397293608644 ], [ -46.527709431295705, -23.56530316463633 ], [ -46.527626186984719, -23.565232225927385 ], [ -46.52753115463414, -23.565131856070693 ], [ -46.527436293263342, -23.565046257941763 ], [ -46.527371265921019, -23.564966698081008 ], [ -46.527292551765314, -23.564891493666327 ], [ -46.527096303548838, -23.564749908081275 ], [ -46.526992383204828, -23.564672840639815 ], [ -46.526899958164002, -23.564599881196003 ], [ -46.526775654098628, -23.564542008300759 ], [ -46.526692752256579, -23.564500612635673 ], [ -46.526591243565825, -23.564434073703065 ], [ -46.526491975472162, -23.564363291701476 ], [ -46.526467595022659, -23.564234790808285 ], [ -46.526512624409897, -23.564168923191495 ], [ -46.526544186417134, -23.564126403290679 ], [ -46.52656890498492, -23.56408606109019 ], [ -46.526613983054645, -23.564024413963022 ], [ -46.526674866433723, -23.563943617119197 ], [ -46.526740718549988, -23.563896539402776 ], [ -46.526852063198994, -23.563823688846448 ], [ -46.526945483942249, -23.563784782236169 ], [ -46.527040998714668, -23.563728971026062 ], [ -46.527159796407609, -23.563706698964801 ], [ -46.527278545253509, -23.563680206300749 ], [ -46.527424374735602, -23.563619679503407 ], [ -46.527526878974982, -23.563574351809105 ], [ -46.527621392686314, -23.563432019739277 ], [ -46.527665322933913, -23.563271190277579 ], [ -46.52770029133341, -23.563127332853263 ], [ -46.527739740535466, -23.562974989397969 ], [ -46.527748409384181, -23.562932694269215 ], [ -46.527791607109435, -23.562708557078718 ], [ -46.527812595724981, -23.562543732062469 ], [ -46.527795589659043, -23.56226109265657 ], [ -46.527784626583426, -23.562105023648833 ], [ -46.527763872049981, -23.561894177950261 ], [ -46.527750876104463, -23.561760289125768 ], [ -46.527736735580646, -23.561626411545355 ], [ -46.52770804218185, -23.561421975331413 ], [ -46.527666379922948, -23.561184953845917 ], [ -46.527655334122059, -23.561120692233629 ], [ -46.527248070648795, -23.560450744921422 ], [ -46.527024102361935, -23.56008352057049 ], [ -46.526923166919609, -23.559917951271373 ], [ -46.526686510354722, -23.559530044409179 ], [ -46.526392266092287, -23.559037288100477 ], [ -46.52618313594224, -23.55869564483109 ], [ -46.525937964472185, -23.558291908218809 ], [ -46.525598084946331, -23.557736329443827 ], [ -46.525458663288681, -23.55750129559765 ], [ -46.525247820178613, -23.557152970497725 ] ] ] ] } },
{ "type": "Feature", "properties": { "cd_identificador_concessao": 63, "cd_identificador_equipamento": 6, "nm_equipamento": "Mercado Kinjo Yamato", "nm_parceria": "Mercado Paulistano e Kinjo Yamato", "tx_modalidade_concessao": "Concessão", "qt_prazo_concessao": 25, "nm_concessionaria": "MERCADO SP SPE S.A.", "tx_cnpj_concessionaria": "34.468.985/0001-04", "tx_poder_concedente": "São Paulo Regula", "an_assinatura": 2021, "qt_area_metro": 4899.92, "tx_numero_contrato": "CONTRATO DE CONCESSÃO 001/CC/ABAST/2021", "qt_investimento_real": 16299903.0, "tx_link_contrato": "https://www.prefeitura.sp.gov.br/cidade/secretarias/governo/desestatizacao_projetos/mercados/index.php?p=341571", "dt_atualizacao": "2024-05-28", "cd_usuario_atualizacao": null }, "geometry": { "type": "MultiPolygon", "coordinates": [ [ [ [ -46.630702272677972, -23.541088435753117 ], [ -46.630685277996157, -23.540890360281548 ], [ -46.630646083442485, -23.540450242829767 ], [ -46.630644997575637, -23.540443679230183 ], [ -46.630642820044578, -23.540437388953471 ], [ -46.630639634750459, -23.540431503865996 ], [ -46.630635516868999, -23.54042616314976 ], [ -46.630630562954401, -23.540421492217323 ], [ -46.630624888958138, -23.540417600925871 ], [ -46.630618541511176, -23.54041477595133 ], [ -46.630265212781495, -23.540360528950202 ], [ -46.630212814448107, -23.540352483916863 ], [ -46.630174382866642, -23.540556933299378 ], [ -46.630091987635659, -23.540586874410547 ], [ -46.629726648252216, -23.540719917415018 ], [ -46.629745114138231, -23.540763791967318 ], [ -46.629754049958059, -23.540785025280417 ], [ -46.629794759517296, -23.540881749771895 ], [ -46.629804446038342, -23.540904765027303 ], [ -46.629824618152661, -23.540952688048076 ], [ -46.630191943521176, -23.540820288611965 ], [ -46.630235908151541, -23.54080444198939 ], [ -46.630251067491706, -23.540865868159276 ], [ -46.630266870150514, -23.540929897557511 ], [ -46.630282291831691, -23.540992422464839 ], [ -46.630297762978834, -23.541055381417877 ], [ -46.630313454820154, -23.541119238379117 ], [ -46.630702272677972, -23.541088435753117 ] ] ] ] } },
{ "type": "Feature", "properties": { "cd_identificador_concessao": 64, "cd_identificador_equipamento": 2, "nm_equipamento": "Mercado de Santo Amaro", "nm_parceria": "Mercado de Santo Amaro", "tx_modalidade_concessao": "Concessão", "qt_prazo_concessao": 25, "nm_concessionaria": "MERCADO DE SANTO AMARO CONCESSIONARIA FENIX S.A.", "tx_cnpj_concessionaria": "34.049.945/0001-10", "tx_poder_concedente": "São Paulo Regula", "an_assinatura": 2019, "qt_area_metro": 9205.65, "tx_numero_contrato": "CONTRATO DE CONCESSÃO Nº 01/2019-SGM", "qt_investimento_real": 21342000.0, "tx_link_contrato": "https://www.prefeitura.sp.gov.br/cidade/secretarias/governo/desestatizacao_projetos/novos_ceus/index.php?p=342078", "dt_atualizacao": "2024-05-28", "cd_usuario_atualizacao": null }, "geometry": { "type": "MultiPolygon", "coordinates": [ [ [ [ -46.700475035311577, -23.650700085967113 ], [ -46.700350275992029, -23.650519007022172 ], [ -46.700337198811418, -23.650500026430478 ], [ -46.700261477855697, -23.650390122676136 ], [ -46.700358555573764, -23.650331988243863 ], [ -46.700455728870551, -23.650273672080214 ], [ -46.700556683325459, -23.650213216862955 ], [ -46.700657275530176, -23.650152897099957 ], [ -46.70070356741283, -23.650125194243607 ], [ -46.700754352888289, -23.65009476241627 ], [ -46.700841994298699, -23.650042239505453 ], [ -46.700785670082233, -23.649969533992113 ], [ -46.700286648882368, -23.65026712895898 ], [ -46.700219636945633, -23.650168512018567 ], [ -46.700089495158188, -23.649976990571705 ], [ -46.700062154487298, -23.649936942416378 ], [ -46.700023917847155, -23.649881336252903 ], [ -46.699967821036303, -23.649799510547158 ], [ -46.699958195470934, -23.649785758467278 ], [ -46.699893917524264, -23.649694961591106 ], [ -46.699859647317268, -23.649646588471157 ], [ -46.699824415198719, -23.649596850572703 ], [ -46.699756445488205, -23.649500870361852 ], [ -46.699266293757589, -23.649795845466361 ], [ -46.699342395345504, -23.649904725649737 ], [ -46.699361586745496, -23.649925826056094 ], [ -46.699439850811807, -23.650035224768825 ], [ -46.699536778238354, -23.650178192843413 ], [ -46.699833875131056, -23.650616408636463 ], [ -46.699883135295394, -23.650688650153693 ], [ -46.700042095369412, -23.650920873920793 ], [ -46.700067964671462, -23.650927723887975 ], [ -46.700475035311577, -23.650700085967113 ] ] ] ] } },
{ "type": "Feature", "properties": { "cd_identificador_concessao": 65, "cd_identificador_equipamento": null, "nm_equipamento": "CEU Cidade Ademar", "nm_parceria": null, "tx_modalidade_concessao": "Parceria público-privada (PPP)", "qt_prazo_concessao": 25, "nm_concessionaria": "SPE INTEGRA S/A", "tx_cnpj_concessionaria": "47.732.462/0001-67", "tx_poder_concedente": "Secetaria Municipal de Educação", "an_assinatura": 2022, "qt_area_metro": 19541.29, "tx_numero_contrato": "CONTRATO Nº. 416/SME/2022", "qt_investimento_real": 76009.0, "tx_link_contrato": "https://www.prefeitura.sp.gov.br/cidade/secretarias/governo/desestatizacao_projetos/novos_ceus/index.php?p=342078", "dt_atualizacao": "2024-05-28", "cd_usuario_atualizacao": null }, "geometry": { "type": "MultiPolygon", "coordinates": [ [ [ [ -46.668130065302073, -23.671565054756481 ], [ -46.667736648115145, -23.671816087434728 ], [ -46.66759133632759, -23.671907772025161 ], [ -46.667374369171426, -23.672046913313761 ], [ -46.667192343183139, -23.672165902375852 ], [ -46.667120801049414, -23.672209918317787 ], [ -46.667013828253673, -23.672275733074667 ], [ -46.666875350578863, -23.67236491258738 ], [ -46.666715317441522, -23.672471286022731 ], [ -46.666551337093409, -23.672575361176193 ], [ -46.666411752388868, -23.672662648670215 ], [ -46.666265186064081, -23.672756061302135 ], [ -46.666209196495089, -23.672791698491753 ], [ -46.666348864807688, -23.672976307685076 ], [ -46.66648786193327, -23.673167333499602 ], [ -46.666561390934518, -23.673275809906634 ], [ -46.666622944452698, -23.673366618656175 ], [ -46.666824099810931, -23.673657931515788 ], [ -46.666912453499705, -23.673539576309192 ], [ -46.666669864323154, -23.673381930576788 ], [ -46.667214300723472, -23.672667777935004 ], [ -46.667610413319409, -23.672904887414962 ], [ -46.668777203978095, -23.671942137701038 ], [ -46.668682112913785, -23.671888891404766 ], [ -46.668554498105188, -23.6718068282646 ], [ -46.668422457273159, -23.671708197352761 ], [ -46.668303056317995, -23.671613819702095 ], [ -46.668249348945977, -23.671572207831478 ], [ -46.668210631956917, -23.67155574850198 ], [ -46.668177628607587, -23.671556103932225 ], [ -46.668130065302073, -23.671565054756481 ] ] ] ] } },
{ "type": "Feature", "properties": { "cd_identificador_concessao": 66, "cd_identificador_equipamento": null, "nm_equipamento": "CEU Cidade Líder", "nm_parceria": null, "tx_modalidade_concessao": "Parceria público-privada (PPP)", "qt_prazo_concessao": 25, "nm_concessionaria": "SPE INTEGRA S/A", "tx_cnpj_concessionaria": "47.732.462/0001-67", "tx_poder_concedente": "Secetaria Municipal de Educação", "an_assinatura": 2022, "qt_area_metro": 13590.25, "tx_numero_contrato": "CONTRATO Nº. 416/SME/2022", "qt_investimento_real": 96994.0, "tx_link_contrato": "https://www.prefeitura.sp.gov.br/cidade/secretarias/governo/desestatizacao_projetos/novos_ceus/index.php?p=342078", "dt_atualizacao": "2024-05-28", "cd_usuario_atualizacao": null }, "geometry": { "type": "MultiPolygon", "coordinates": [ [ [ [ -46.506049377788841, -23.553843875035856 ], [ -46.506030711190817, -23.55394733523379 ], [ -46.506029806585545, -23.553988298141725 ], [ -46.506019600881693, -23.55403658471063 ], [ -46.506015973894009, -23.554062568290405 ], [ -46.50601421221392, -23.55407518888611 ], [ -46.506013533627524, -23.554080112665154 ], [ -46.506012855041085, -23.554085036444206 ], [ -46.506008482270062, -23.554085566452464 ], [ -46.505994142439192, -23.554085699015314 ], [ -46.50599417417623, -23.554224382902227 ], [ -46.505996976782761, -23.554224380141196 ], [ -46.505995493283656, -23.554333598038173 ], [ -46.506042642223505, -23.554347585055389 ], [ -46.506086157766312, -23.554374201439746 ], [ -46.506138365415055, -23.554415693845964 ], [ -46.506264665183757, -23.554519824168903 ], [ -46.506377944497416, -23.554613319559991 ], [ -46.506458014029718, -23.554680745350289 ], [ -46.506557020797118, -23.554770118199379 ], [ -46.506639378633139, -23.554852644492662 ], [ -46.506698664614582, -23.554917963285945 ], [ -46.506787584074871, -23.55498588832166 ], [ -46.506885714603868, -23.555032915545056 ], [ -46.506941129340781, -23.555054578112991 ], [ -46.506941326443439, -23.554962076400003 ], [ -46.506947353545904, -23.554878916559232 ], [ -46.506962233966817, -23.554803585334994 ], [ -46.506994049693432, -23.554707644384095 ], [ -46.50703368912427, -23.554607670387899 ], [ -46.507077003031128, -23.554516234725128 ], [ -46.507123103071784, -23.55441817669508 ], [ -46.507167840040417, -23.554326067681611 ], [ -46.507208239720001, -23.554230043488321 ], [ -46.507250092608736, -23.55413598380467 ], [ -46.507306117020761, -23.554029915103737 ], [ -46.507376433266217, -23.553922388767603 ], [ -46.507436126590797, -23.553843082339469 ], [ -46.507436403369006, -23.553837117602068 ], [ -46.507391472785045, -23.553822486383762 ], [ -46.50683736693319, -23.553642036229586 ], [ -46.506721927278498, -23.553605941217167 ], [ -46.506672667140386, -23.553598193380271 ], [ -46.506626932078753, -23.553595815332567 ], [ -46.5066061829448, -23.553600342067671 ], [ -46.506587370241945, -23.553605106509618 ], [ -46.506463554617476, -23.55366452328229 ], [ -46.506289926613661, -23.553749916114668 ], [ -46.506115830794748, -23.553835539059669 ], [ -46.506091028242814, -23.553840256704358 ], [ -46.506065929373896, -23.553843729174776 ], [ -46.506049377788841, -23.553843875035856 ] ] ] ] } },
{ "type": "Feature", "properties": { "cd_identificador_concessao": 67, "cd_identificador_equipamento": null, "nm_equipamento": "CEU Ermelino Matarazzo", "nm_parceria": null, "tx_modalidade_concessao": "Parceria público-privada (PPP)", "qt_prazo_concessao": 25, "nm_concessionaria": "SPE INTEGRA S/A", "tx_cnpj_concessionaria": "47.732.462/0001-67", "tx_poder_concedente": "Secetaria Municipal de Educação", "an_assinatura": 2022, "qt_area_metro": 19578.52, "tx_numero_contrato": "CONTRATO Nº. 416/SME/2022", "qt_investimento_real": 99564.0, "tx_link_contrato": "https://www.prefeitura.sp.gov.br/cidade/secretarias/governo/desestatizacao_projetos/novos_ceus/index.php?p=342078", "dt_atualizacao": "2024-05-28", "cd_usuario_atualizacao": null }, "geometry": { "type": "MultiPolygon", "coordinates": [ [ [ [ -46.482154907631887, -23.488144792056559 ], [ -46.48194933924772, -23.488142268258262 ], [ -46.481920687181201, -23.487882020242061 ], [ -46.481612127605061, -23.487809643409829 ], [ -46.481349664342773, -23.487750923676156 ], [ -46.481326806284997, -23.487817095542169 ], [ -46.481288074717817, -23.48780658122266 ], [ -46.481251856260592, -23.487924984193889 ], [ -46.481184538642246, -23.487908757694825 ], [ -46.481198369263467, -23.487985487577731 ], [ -46.481209220777068, -23.488061107891731 ], [ -46.481211533076809, -23.488110321965323 ], [ -46.481210258101704, -23.488145184034313 ], [ -46.481204970370953, -23.488181068605677 ], [ -46.481194900512193, -23.488213964275459 ], [ -46.481203857750394, -23.488226079777313 ], [ -46.481155576034794, -23.488319727777078 ], [ -46.481141579127296, -23.488320131742658 ], [ -46.481067952341121, -23.488405414244909 ], [ -46.481032625876914, -23.488424714732968 ], [ -46.481002567859761, -23.488437950612703 ], [ -46.480955754475531, -23.488457089331892 ], [ -46.480897759782323, -23.488477129011631 ], [ -46.480847565472715, -23.488488993892663 ], [ -46.480809777760101, -23.488496577649673 ], [ -46.480788043085525, -23.488683442306474 ], [ -46.48077476041351, -23.488786357374114 ], [ -46.48077328836731, -23.488813229034768 ], [ -46.480776745973806, -23.488835258482087 ], [ -46.480785329637925, -23.488868274884744 ], [ -46.480792930553669, -23.488900966484959 ], [ -46.480805024676144, -23.48893357023157 ], [ -46.48082269404231, -23.488971792352398 ], [ -46.480840789480702, -23.489004330033175 ], [ -46.480869906096373, -23.489035652181176 ], [ -46.480903880601964, -23.489065347761052 ], [ -46.480939318799315, -23.489097223912264 ], [ -46.480998042548293, -23.489140663968197 ], [ -46.481071434777618, -23.489193844300804 ], [ -46.481190141302498, -23.489275962100287 ], [ -46.481285622667272, -23.489340170308271 ], [ -46.481343907133827, -23.489379396619412 ], [ -46.482372623634959, -23.489216438674408 ], [ -46.482353876035113, -23.489192161562322 ], [ -46.482337732342451, -23.489168708574123 ], [ -46.482320795828407, -23.489140901239811 ], [ -46.482304476404025, -23.489112239135991 ], [ -46.482295961028925, -23.489089743090027 ], [ -46.482286070980038, -23.489065146908061 ], [ -46.482278166433645, -23.489041236242311 ], [ -46.482271308110505, -23.489012818275253 ], [ -46.482241969856453, -23.488792700181413 ], [ -46.482200874888385, -23.488507997100509 ], [ -46.482154907631887, -23.488144792056559 ] ] ] ] } },
{ "type": "Feature", "properties": { "cd_identificador_concessao": 68, "cd_identificador_equipamento": null, "nm_equipamento": "CEU Grajaú", "nm_parceria": null, "tx_modalidade_concessao": "Parceria público-privada (PPP)", "qt_prazo_concessao": 25, "nm_concessionaria": "SPE INTEGRA S/A", "tx_cnpj_concessionaria": "47.732.462/0001-67", "tx_poder_concedente": "Secetaria Municipal de Educação", "an_assinatura": 2022, "qt_area_metro": 15287.47, "tx_numero_contrato": "CONTRATO Nº. 416/SME/2022", "qt_investimento_real": 53300.0, "tx_link_contrato": "https://www.prefeitura.sp.gov.br/cidade/secretarias/governo/desestatizacao_projetos/novos_ceus/index.php?p=342078", "dt_atualizacao": "2024-05-28", "cd_usuario_atualizacao": null }, "geometry": { "type": "MultiPolygon", "coordinates": [ [ [ [ -46.698077652733026, -23.754887362504981 ], [ -46.698072643599893, -23.754811295598873 ], [ -46.698075431616189, -23.754769095371092 ], [ -46.698082326503027, -23.754725856713499 ], [ -46.698100903037819, -23.754645376807908 ], [ -46.698118144400127, -23.754582971355021 ], [ -46.698137187668024, -23.754523345359601 ], [ -46.698142691766179, -23.754509017632984 ], [ -46.698189233899669, -23.754421457898445 ], [ -46.698258979671628, -23.75430005189326 ], [ -46.698371345835682, -23.75410747599938 ], [ -46.698414353253995, -23.754033768086124 ], [ -46.698109287564584, -23.753875894713296 ], [ -46.698326205812336, -23.753586505618024 ], [ -46.698245324503787, -23.753595419120547 ], [ -46.698214532887633, -23.753596389684979 ], [ -46.698189989655802, -23.753595034087994 ], [ -46.69816856417448, -23.753592018836788 ], [ -46.698138063005224, -23.753585130188643 ], [ -46.698115999799178, -23.753578329385761 ], [ -46.698094408297166, -23.753570078612384 ], [ -46.697983500552198, -23.753513145113477 ], [ -46.697809019589279, -23.753418171950806 ], [ -46.697640834094095, -23.753324483884789 ], [ -46.697628847662877, -23.753330664721151 ], [ -46.697539842966755, -23.753376556493034 ], [ -46.697494962008818, -23.753399698405747 ], [ -46.697429930143592, -23.753433230269927 ], [ -46.697382480332905, -23.753457696165498 ], [ -46.697340393228053, -23.753479396870876 ], [ -46.697299809214194, -23.753503607616068 ], [ -46.697257924578878, -23.753528592956862 ], [ -46.697220560848635, -23.753550881959594 ], [ -46.69717879010296, -23.75357580101381 ], [ -46.697133545889436, -23.75360279084321 ], [ -46.697092665843151, -23.753627177260089 ], [ -46.697052345541906, -23.753651229732885 ], [ -46.697010676939293, -23.753676087121899 ], [ -46.69696943075531, -23.753701671281799 ], [ -46.696927791544411, -23.753727965885972 ], [ -46.696851291427961, -23.7537762753919 ], [ -46.696768596743127, -23.75382849692296 ], [ -46.696689641479701, -23.753878357564517 ], [ -46.696754295657989, -23.753968753704417 ], [ -46.696766276327715, -23.753962120597365 ], [ -46.696788149973116, -23.753977076766567 ], [ -46.696884161887297, -23.754042726953081 ], [ -46.696981331355708, -23.754111618733511 ], [ -46.697062773669309, -23.754169360627927 ], [ -46.697111298081332, -23.754203763332981 ], [ -46.69714487505933, -23.754227764350254 ], [ -46.697185326102534, -23.75425668066439 ], [ -46.697220523100498, -23.754281840461729 ], [ -46.697260005744198, -23.754310063964734 ], [ -46.697301390588002, -23.754339646325576 ], [ -46.697342211037743, -23.754368825821238 ], [ -46.697378159664439, -23.754394522726919 ], [ -46.69741753314689, -23.754422115293131 ], [ -46.697452833713818, -23.754446857616806 ], [ -46.697494880333174, -23.754476325194297 ], [ -46.697532518386502, -23.754502705120093 ], [ -46.697573063161457, -23.754531120037928 ], [ -46.697612265484473, -23.754558595236269 ], [ -46.697629621491025, -23.754570739346676 ], [ -46.697648736313681, -23.754584155401702 ], [ -46.697688999976428, -23.754612373814965 ], [ -46.697728093441832, -23.75463977252069 ], [ -46.697809569812094, -23.754697215626404 ], [ -46.697847565618467, -23.75472416583823 ], [ -46.69787521320945, -23.754742778730691 ], [ -46.697965509729109, -23.754807820951541 ], [ -46.69797428207832, -23.75481409241203 ], [ -46.698000423280867, -23.754832585452789 ], [ -46.698048641909388, -23.754866822339835 ], [ -46.698077652733026, -23.754887362504981 ] ] ] ] } },
{ "type": "Feature", "properties": { "cd_identificador_concessao": 69, "cd_identificador_equipamento": 56, "nm_equipamento": "Complexo do Anhembi", "nm_parceria": "Complexo do Anhembi", "tx_modalidade_concessao": "Concessão", "qt_prazo_concessao": 30, "nm_concessionaria": "SPE GL EVENTS CENTRO DE CONVENCOES ANHEMBI S.A.", "tx_cnpj_concessionaria": "41,542832/0001-17", "tx_poder_concedente": "SP Turis", "an_assinatura": 2021, "qt_area_metro": 134577.9, "tx_numero_contrato": "CONTRATO GCO/CCN 014/2021", "qt_investimento_real": 66173700.0, "tx_link_contrato": "https://www.prefeitura.sp.gov.br/cidade/secretarias/governo/desestatizacao_projetos/sp_turis/index.php?p=341657", "dt_atualizacao": "2024-05-28", "cd_usuario_atualizacao": null }, "geometry": { "type": "MultiPolygon", "coordinates": [ [ [ [ -46.650293287433264, -23.516452261549311 ], [ -46.650335906535268, -23.516430430381146 ], [ -46.650378352393325, -23.516394704454886 ], [ -46.650426313822443, -23.516324967866623 ], [ -46.650442089733346, -23.516279396302522 ], [ -46.650451060916346, -23.51622999579191 ], [ -46.650454963876896, -23.516191160274023 ], [ -46.650453406134439, -23.516147903622972 ], [ -46.650447884806489, -23.516114270133379 ], [ -46.650442828545735, -23.516091233277489 ], [ -46.650423901714291, -23.516039591015083 ], [ -46.650406937946997, -23.516004805557305 ], [ -46.650379566919199, -23.515964712249669 ], [ -46.6503470440542, -23.515926118397601 ], [ -46.650307261614678, -23.515889624279641 ], [ -46.650266200692222, -23.515857406001611 ], [ -46.65022400624548, -23.515834807960353 ], [ -46.650170578937804, -23.515816085575185 ], [ -46.650086375580202, -23.51580462464095 ], [ -46.650015965725004, -23.515799880491976 ], [ -46.649958503930144, -23.515796877384759 ], [ -46.649882560470495, -23.515794431335202 ], [ -46.649770494617208, -23.515791428895913 ], [ -46.649619173119689, -23.515787903189121 ], [ -46.649466764883464, -23.515785183514982 ], [ -46.648303043753693, -23.515760331259663 ], [ -46.6477959902629, -23.515751891631172 ], [ -46.647409418448412, -23.515742834674285 ], [ -46.647049272128271, -23.515735736699689 ], [ -46.646743968485985, -23.515728924700806 ], [ -46.64651100326396, -23.51572445347993 ], [ -46.646286762858566, -23.515719943828792 ], [ -46.646219029402999, -23.515718583106132 ], [ -46.645867714413761, -23.515712138519493 ], [ -46.645713966272986, -23.515708770112809 ], [ -46.645645241971373, -23.515707266098669 ], [ -46.645405844568536, -23.515702138785784 ], [ -46.645168966330118, -23.51569799587692 ], [ -46.644815398846674, -23.515690750953048 ], [ -46.644566204617384, -23.515685292395393 ], [ -46.644468783997937, -23.515681914690308 ], [ -46.644306114524028, -23.515673013239493 ], [ -46.644232177948638, -23.515665784250647 ], [ -46.64412230383342, -23.51565632499879 ], [ -46.643849913968943, -23.515625102946071 ], [ -46.643166385476555, -23.515511673813947 ], [ -46.642970589700717, -23.515478485877985 ], [ -46.64274739095498, -23.515440313140449 ], [ -46.642515163608685, -23.515400573753354 ], [ -46.642272804765391, -23.515358773611812 ], [ -46.642036337917176, -23.515318283549572 ], [ -46.641966191643689, -23.515322129815775 ], [ -46.641903857884884, -23.51532423207771 ], [ -46.641830587308412, -23.515328833658849 ], [ -46.641731973225141, -23.515336592166072 ], [ -46.641645894817543, -23.515344435153686 ], [ -46.641597709032233, -23.515350289204697 ], [ -46.641581919029676, -23.515353110615631 ], [ -46.641564643866936, -23.515356200533891 ], [ -46.641539188476855, -23.51536297077163 ], [ -46.64151804936624, -23.515370345677873 ], [ -46.641503494560531, -23.515378012370398 ], [ -46.641490531456867, -23.515387685071129 ], [ -46.641482408771488, -23.515396006368547 ], [ -46.641473752991416, -23.515405561409978 ], [ -46.641466987013843, -23.51541589119406 ], [ -46.641460235365059, -23.515427376708015 ], [ -46.641455519434501, -23.51543876851543 ], [ -46.641452677186123, -23.515449634869377 ], [ -46.641450472335357, -23.515461361413706 ], [ -46.641449151589931, -23.515487527151784 ], [ -46.641449127827713, -23.515540896605362 ], [ -46.641449103448323, -23.515603693721399 ], [ -46.641449042362581, -23.515725134133756 ], [ -46.64144938400846, -23.515746369848515 ], [ -46.641452917276709, -23.515797552579809 ], [ -46.641458227244122, -23.515871978685997 ], [ -46.641466958958816, -23.51598227327106 ], [ -46.641473550992565, -23.51607164006883 ], [ -46.641476276710272, -23.516108238312331 ], [ -46.641476958680556, -23.516114272406615 ], [ -46.641478741383594, -23.516130101823663 ], [ -46.641481640631163, -23.51614278594635 ], [ -46.641486241976843, -23.516156111335626 ], [ -46.641500116709466, -23.516182044606978 ], [ -46.64151165216186, -23.516196227004031 ], [ -46.641525529509273, -23.516209734523333 ], [ -46.64152340845245, -23.516417445393333 ], [ -46.641536286458987, -23.516609700430969 ], [ -46.641526724661936, -23.516622010248533 ], [ -46.641520833720698, -23.516633414447799 ], [ -46.641518053667923, -23.516642979780258 ], [ -46.641518773155816, -23.516669412972522 ], [ -46.641524778073027, -23.51675801837105 ], [ -46.641548273551599, -23.517043309347734 ], [ -46.641554515176978, -23.517144681116026 ], [ -46.641558633220171, -23.517206685020049 ], [ -46.641562124988674, -23.51725924981297 ], [ -46.641565663787389, -23.517301213727993 ], [ -46.641582611301345, -23.517389648111312 ], [ -46.641613224663125, -23.51742780824101 ], [ -46.641656442158236, -23.517454076762199 ], [ -46.641700659682868, -23.517467507071657 ], [ -46.641803884461794, -23.51747176327806 ], [ -46.641880370761562, -23.517469887608598 ], [ -46.642271796389956, -23.517437965425387 ], [ -46.643273307335086, -23.51732967364547 ], [ -46.644314510847941, -23.517169469868108 ], [ -46.644712517237942, -23.517107540936482 ], [ -46.64514077878377, -23.517054911996905 ], [ -46.646005706553176, -23.516973079087133 ], [ -46.646496650118976, -23.516927266457571 ], [ -46.6478860913193, -23.516796046953402 ], [ -46.64823345438915, -23.516763507369575 ], [ -46.648771731587217, -23.516702220901532 ], [ -46.649626340632196, -23.51658943629138 ], [ -46.649924556404912, -23.516537411585382 ], [ -46.650293287433264, -23.516452261549311 ] ] ] ] } },
{ "type": "Feature", "properties": { "cd_identificador_concessao": 70, "cd_identificador_equipamento": 57, "nm_equipamento": "Complexo do Anhembi", "nm_parceria": "Complexo do Anhembi", "tx_modalidade_concessao": "Concessão", "qt_prazo_concessao": 30, "nm_concessionaria": "SPE GL EVENTS CENTRO DE CONVENCOES ANHEMBI S.A.", "tx_cnpj_concessionaria": "41,542832/0001-17", "tx_poder_concedente": "SP Turis", "an_assinatura": 2021, "qt_area_metro": 260026.03, "tx_numero_contrato": "CONTRATO GCO/CCN 014/2021", "qt_investimento_real": 66173700.0, "tx_link_contrato": "https://www.prefeitura.sp.gov.br/cidade/secretarias/governo/desestatizacao_projetos/sp_turis/index.php?p=341657", "dt_atualizacao": "2024-05-28", "cd_usuario_atualizacao": null }, "geometry": { "type": "MultiPolygon", "coordinates": [ [ [ [ -46.640777374537372, -23.515104091608485 ], [ -46.640080183478148, -23.514987939699509 ], [ -46.637112854882297, -23.514478489625009 ], [ -46.636680774061276, -23.514404716523867 ], [ -46.636355099322927, -23.51435090893925 ], [ -46.636107994966991, -23.514311335767516 ], [ -46.635661441324707, -23.514255784822769 ], [ -46.635319697636419, -23.514223228961125 ], [ -46.634906102027763, -23.514191426893738 ], [ -46.634667590907171, -23.514186400984109 ], [ -46.634313080923299, -23.514178074205276 ], [ -46.633917838819009, -23.514177704500398 ], [ -46.633718649780533, -23.514182807004378 ], [ -46.633552195073349, -23.514193590109933 ], [ -46.632646491512496, -23.514252791284989 ], [ -46.631719576292916, -23.514313715619735 ], [ -46.631239862388576, -23.514350370384303 ], [ -46.630887281484959, -23.514366112893867 ], [ -46.63082854890451, -23.514371246379749 ], [ -46.630778074097847, -23.514383823751995 ], [ -46.630740718982381, -23.51440078192956 ], [ -46.630739613305607, -23.514401496691363 ], [ -46.631047639018057, -23.516066263435491 ], [ -46.63144514950671, -23.516043660184231 ], [ -46.633562399042226, -23.515922172516152 ], [ -46.633733404062937, -23.515913286227189 ], [ -46.634448225752415, -23.515880961720857 ], [ -46.6344827630491, -23.515875280263788 ], [ -46.634501833700519, -23.515862669388579 ], [ -46.634522739182728, -23.5158429474473 ], [ -46.634535911339704, -23.515819760799655 ], [ -46.63453564078786, -23.515753969556812 ], [ -46.634529567309016, -23.515691910845973 ], [ -46.634504569077841, -23.515557955961977 ], [ -46.634503639500664, -23.515546117911011 ], [ -46.634490190531864, -23.515472065807582 ], [ -46.634488746673398, -23.515469335742001 ], [ -46.634485754910457, -23.515468139025213 ], [ -46.634463842565538, -23.515470030660058 ], [ -46.634449255657877, -23.515418024536832 ], [ -46.634559748878232, -23.515409459598128 ], [ -46.634650567676246, -23.515402419590917 ], [ -46.634698855503075, -23.5160487560155 ], [ -46.634820246442004, -23.517673520658128 ], [ -46.634837955722311, -23.517795953401212 ], [ -46.634852789925269, -23.517841845117868 ], [ -46.634908742669005, -23.517916437083965 ], [ -46.634951945578102, -23.517948874411886 ], [ -46.634994904779269, -23.517961579641934 ], [ -46.635045043201075, -23.517977968433073 ], [ -46.635118071853668, -23.517980818757774 ], [ -46.635194959410001, -23.517986730917155 ], [ -46.635290684168503, -23.517983846555204 ], [ -46.635873843613261, -23.517897664916049 ], [ -46.635928878328784, -23.517891313483187 ], [ -46.63629904178196, -23.517851391577672 ], [ -46.63703765001258, -23.517799143770219 ], [ -46.637161751557748, -23.517790054259851 ], [ -46.637285619273086, -23.51776206217842 ], [ -46.637539809960664, -23.517740483518285 ], [ -46.637960974214749, -23.517665993110764 ], [ -46.638160697040512, -23.517628305736462 ], [ -46.638093134872484, -23.516568684520376 ], [ -46.64007387012127, -23.516448807901895 ], [ -46.640080508733767, -23.516545417840529 ], [ -46.641053464049151, -23.51648565361003 ], [ -46.641089004318417, -23.516470057734765 ], [ -46.64110900315692, -23.516459141875252 ], [ -46.641135457773629, -23.516433764899404 ], [ -46.64116214781982, -23.516224492289584 ], [ -46.64115669540854, -23.51612523436166 ], [ -46.641153610559655, -23.516069929066621 ], [ -46.641149929843856, -23.516048710489187 ], [ -46.641135546149812, -23.515858484859347 ], [ -46.641123659891683, -23.515721204768994 ], [ -46.641116059588661, -23.515607358333984 ], [ -46.641135612409037, -23.515376200272534 ], [ -46.641114549143786, -23.515294821435933 ], [ -46.641068059523725, -23.515233562391966 ], [ -46.641020254271069, -23.515197920489673 ], [ -46.640777374537372, -23.515104091608485 ] ] ] ] } },
{ "type": "Feature", "properties": { "cd_identificador_concessao": 71, "cd_identificador_equipamento": 47, "nm_equipamento": "Terminal Amaral Gurgel", "nm_parceria": "Terminais Urbanos - Bloco Noroeste", "tx_modalidade_concessao": "Parceria público-privada (PPP)", "qt_prazo_concessao": 30, "nm_concessionaria": "SPE SP TERMINAIS NOROESTE S.A.", "tx_cnpj_concessionaria": "44.765.258/0001-54", "tx_poder_concedente": "Secretaria Municipal de Mobilidade e Trânsito", "an_assinatura": 2022, "qt_area_metro": 10022.0, "tx_numero_contrato": "CONTRATO 002/SMT.SETRAM/2022", "qt_investimento_real": 3637000.0, "tx_link_contrato": "https://www.prefeitura.sp.gov.br/cidade/secretarias/governo/desestatizacao_projetos/terminal/index.php?p=342509", "dt_atualizacao": "2024-05-28", "cd_usuario_atualizacao": null }, "geometry": { "type": "MultiPolygon", "coordinates": [ [ [ [ -46.648805876622291, -23.538706383850389 ], [ -46.648705472071427, -23.538587761583592 ], [ -46.648635459756562, -23.538569008214473 ], [ -46.648557099940568, -23.538516713765276 ], [ -46.648120983296991, -23.539529245435958 ], [ -46.648025909613693, -23.53949321150138 ], [ -46.648007529790256, -23.53953498965183 ], [ -46.647943523946921, -23.539684941791272 ], [ -46.647832765849316, -23.539946727949797 ], [ -46.647805491333003, -23.540014652731468 ], [ -46.647708966199204, -23.540260489579182 ], [ -46.647680493097219, -23.540339449393215 ], [ -46.647661273414791, -23.540392750993746 ], [ -46.647643329867037, -23.540442509323643 ], [ -46.647492302490384, -23.54041953268456 ], [ -46.647470847119173, -23.540415860846153 ], [ -46.647437816869285, -23.540565106560088 ], [ -46.647462732372666, -23.540549490077517 ], [ -46.64748785055793, -23.540544837590343 ], [ -46.647513197312193, -23.540542619599506 ], [ -46.647542857581499, -23.540547179297391 ], [ -46.647562043739313, -23.54055964807592 ], [ -46.647564437313335, -23.540582042398995 ], [ -46.647552176838907, -23.5406162891544 ], [ -46.647441055750107, -23.540777328101235 ], [ -46.647417276100768, -23.540820469762615 ], [ -46.647353071747325, -23.54119162902709 ], [ -46.647349091853521, -23.541219019269008 ], [ -46.647349235252122, -23.541235832506786 ], [ -46.647405293625489, -23.541237675730791 ], [ -46.647406016488986, -23.541253264370351 ], [ -46.647418173512392, -23.541253135616312 ], [ -46.647421769939598, -23.541287214422308 ], [ -46.64757206304148, -23.541368963406477 ], [ -46.647599271391279, -23.541375482240785 ], [ -46.647637243731616, -23.541376438571039 ], [ -46.647664079175797, -23.541366406633028 ], [ -46.647693357043586, -23.541340265140672 ], [ -46.647756383545428, -23.541255730325481 ], [ -46.647758289855965, -23.541108354502498 ], [ -46.647715157132524, -23.541095854742537 ], [ -46.647738122512955, -23.541072217031882 ], [ -46.647752952922964, -23.541032094430332 ], [ -46.647744970004034, -23.540985390111718 ], [ -46.647729736375936, -23.540947891154961 ], [ -46.647770897230558, -23.540944906267985 ], [ -46.647745761394098, -23.540812503108722 ], [ -46.647775676003668, -23.540702201619251 ], [ -46.64778553532993, -23.540673043639067 ], [ -46.647862577877859, -23.540508960701199 ], [ -46.647875834535526, -23.540478586417763 ], [ -46.647939721359961, -23.540490388751127 ], [ -46.64801283857193, -23.540506865420031 ], [ -46.648104808537887, -23.540316828916868 ], [ -46.648104021255016, -23.540294198503595 ], [ -46.64810347925939, -23.540210181684927 ], [ -46.648102377068312, -23.540121753065304 ], [ -46.648112524401363, -23.5400302016171 ], [ -46.648117632102114, -23.539984118794905 ], [ -46.648136126622902, -23.539924564628897 ], [ -46.648172472186921, -23.53982506390059 ], [ -46.648227752469587, -23.539689889165256 ], [ -46.648293949698385, -23.53953764784692 ], [ -46.648366536939115, -23.539561491595201 ], [ -46.648315281707319, -23.539679859834983 ], [ -46.648410282790969, -23.539582838477777 ], [ -46.64843484570509, -23.539432951252302 ], [ -46.648482646873148, -23.539366160456787 ], [ -46.648468515544174, -23.539335117621953 ], [ -46.648509026205389, -23.539277176992382 ], [ -46.648484442193237, -23.539245148313885 ], [ -46.648516514797137, -23.539114209435343 ], [ -46.648590737364486, -23.539104106340339 ], [ -46.64858900519031, -23.539004289591247 ], [ -46.648542493040843, -23.539010620570295 ], [ -46.648554942912362, -23.538971104915298 ], [ -46.648567410677181, -23.538957869707065 ], [ -46.648647316854372, -23.538907522349898 ], [ -46.648738039220042, -23.538838133646532 ], [ -46.648777484034248, -23.538772200181306 ], [ -46.648799057765636, -23.538753576925924 ], [ -46.648792361193536, -23.538746458986697 ], [ -46.648789366031913, -23.538739423662218 ], [ -46.648800301646652, -23.538726148384264 ], [ -46.648807051347227, -23.538716329161414 ], [ -46.648807458378535, -23.538706577164451 ], [ -46.648805876622291, -23.538706383850389 ] ] ] ] } },
{ "type": "Feature", "properties": { "cd_identificador_concessao": 72, "cd_identificador_equipamento": 46, "nm_equipamento": "Terminal Campo Limpo", "nm_parceria": "Terminais Urbanos - Bloco Noroeste", "tx_modalidade_concessao": "Parceria público-privada (PPP)", "qt_prazo_concessao": 30, "nm_concessionaria": "SPE SP TERMINAIS NOROESTE S.A.", "tx_cnpj_concessionaria": "44.765.258/0001-54", "tx_poder_concedente": "Secretaria Municipal de Mobilidade e Trânsito", "an_assinatura": 2022, "qt_area_metro": 18982.1, "tx_numero_contrato": "CONTRATO 002/SMT.SETRAM/2022", "qt_investimento_real": 11549000.0, "tx_link_contrato": "https://www.prefeitura.sp.gov.br/cidade/secretarias/governo/desestatizacao_projetos/terminal/index.php?p=342509", "dt_atualizacao": "2024-05-28", "cd_usuario_atualizacao": null }, "geometry": { "type": "MultiPolygon", "coordinates": [ [ [ [ -46.771525082940215, -23.631414633921246 ], [ -46.771986296730219, -23.631919845087914 ], [ -46.771999029568775, -23.631926653441759 ], [ -46.771992414041605, -23.631919794913873 ], [ -46.771988630117626, -23.631908945251588 ], [ -46.77198655208602, -23.631889696947049 ], [ -46.771989037623179, -23.631871653373356 ], [ -46.771995146385109, -23.63185252100785 ], [ -46.771999066397413, -23.631839698013636 ], [ -46.772004805069258, -23.631826854239694 ], [ -46.77201191055461, -23.631814204327352 ], [ -46.772017455723137, -23.631803876509263 ], [ -46.772023958148552, -23.631797098892839 ], [ -46.773195531968533, -23.631270066467675 ], [ -46.773281390489615, -23.631432478181235 ], [ -46.773303106839514, -23.631421521708031 ], [ -46.773371550005344, -23.63139037199727 ], [ -46.773395978194138, -23.631376734029935 ], [ -46.773434500226919, -23.63135358186155 ], [ -46.773463505699318, -23.631337710854265 ], [ -46.773503810727611, -23.631307083299678 ], [ -46.773533952992665, -23.631282475615571 ], [ -46.773559385146271, -23.631265884243128 ], [ -46.773605414483242, -23.631237488379057 ], [ -46.773683021683077, -23.63119538537082 ], [ -46.773708022716271, -23.631183970257357 ], [ -46.773755835926401, -23.631158352277414 ], [ -46.773784942508229, -23.63114570007448 ], [ -46.77380528154292, -23.631139179125849 ], [ -46.77381003498882, -23.631137654713996 ], [ -46.773837987910539, -23.631134961088627 ], [ -46.77387771859744, -23.631136203373966 ], [ -46.773906282796666, -23.63113930708327 ], [ -46.774028263860686, -23.631149338146109 ], [ -46.774176725648822, -23.631159939372413 ], [ -46.774291973510394, -23.631166403522812 ], [ -46.774293489228803, -23.630806501913444 ], [ -46.774035742757214, -23.630306701595678 ], [ -46.771525082940215, -23.631414633921246 ] ] ] ] } },
{ "type": "Feature", "properties": { "cd_identificador_concessao": 73, "cd_identificador_equipamento": 50, "nm_equipamento": "Terminal Casa Verde", "nm_parceria": "Terminais Urbanos - Bloco Noroeste", "tx_modalidade_concessao": "Parceria público-privada (PPP)", "qt_prazo_concessao": 30, "nm_concessionaria": "SPE SP TERMINAIS NOROESTE S.A.", "tx_cnpj_concessionaria": "44.765.258/0001-54", "tx_poder_concedente": "Secretaria Municipal de Mobilidade e Trânsito", "an_assinatura": 2022, "qt_area_metro": 2226.47, "tx_numero_contrato": "CONTRATO 002/SMT.SETRAM/2022", "qt_investimento_real": 2571000.0, "tx_link_contrato": "https://www.prefeitura.sp.gov.br/cidade/secretarias/governo/desestatizacao_projetos/terminal/index.php?p=342509", "dt_atualizacao": "2024-05-28", "cd_usuario_atualizacao": null }, "geometry": { "type": "MultiPolygon", "coordinates": [ [ [ [ -46.662645365046615, -23.496609529690048 ], [ -46.662656484604319, -23.49661082876127 ], [ -46.662665503753246, -23.496608601351667 ], [ -46.662676131806478, -23.496603503201854 ], [ -46.662683866831678, -23.496592575281092 ], [ -46.662699028156155, -23.496419709428871 ], [ -46.662715875829008, -23.496307888301445 ], [ -46.6627263254192, -23.49628076721071 ], [ -46.662737576745108, -23.496265259527235 ], [ -46.662749307408482, -23.49625205847731 ], [ -46.662777017144961, -23.496237300087341 ], [ -46.662805685678357, -23.496212268586607 ], [ -46.66281985643483, -23.496186723580866 ], [ -46.662701020226606, -23.496012908869464 ], [ -46.662372215087629, -23.495991098563859 ], [ -46.662237993036285, -23.495979816194794 ], [ -46.662228379737002, -23.495976044783131 ], [ -46.662215329128252, -23.495967542060864 ], [ -46.6622001565608, -23.495960037249304 ], [ -46.662185491589426, -23.495957872944661 ], [ -46.662175233386009, -23.495958108823903 ], [ -46.662167770924277, -23.495961105227977 ], [ -46.662163407237394, -23.495966822802917 ], [ -46.662163262356813, -23.49597166457793 ], [ -46.662167481460472, -23.495978618025866 ], [ -46.66224449215968, -23.496085789399359 ], [ -46.662360184850023, -23.496237193637697 ], [ -46.662533842437512, -23.496469025890466 ], [ -46.6625655404969, -23.496507571960628 ], [ -46.662576264053044, -23.496519449717958 ], [ -46.662645365046615, -23.496609529690048 ] ] ] ] } },
{ "type": "Feature", "properties": { "cd_identificador_concessao": 74, "cd_identificador_equipamento": 55, "nm_equipamento": "Terminal Jardim Britânia", "nm_parceria": "Terminais Urbanos - Bloco Noroeste", "tx_modalidade_concessao": "Parceria público-privada (PPP)", "qt_prazo_concessao": 30, "nm_concessionaria": "SPE SP TERMINAIS NOROESTE S.A.", "tx_cnpj_concessionaria": "44.765.258/0001-54", "tx_poder_concedente": "Secretaria Municipal de Mobilidade e Trânsito", "an_assinatura": 2022, "qt_area_metro": 2531.13, "tx_numero_contrato": "CONTRATO 002/SMT.SETRAM/2022", "qt_investimento_real": 2303000.0, "tx_link_contrato": "https://www.prefeitura.sp.gov.br/cidade/secretarias/governo/desestatizacao_projetos/terminal/index.php?p=342509", "dt_atualizacao": "2024-05-28", "cd_usuario_atualizacao": null }, "geometry": { "type": "MultiPolygon", "coordinates": [ [ [ [ -46.787048792451884, -23.432770492278973 ], [ -46.787071763651461, -23.432624449981681 ], [ -46.787079349067376, -23.432571411585563 ], [ -46.787093232899515, -23.432486795628531 ], [ -46.787153405010251, -23.432119825368101 ], [ -46.787196606505439, -23.431854636185854 ], [ -46.787215599201062, -23.431738049925841 ], [ -46.787225176287023, -23.431675209296763 ], [ -46.787256873657597, -23.431467112660066 ], [ -46.787264337235534, -23.431418121062155 ], [ -46.787278359261897, -23.43132560231097 ], [ -46.787295413877352, -23.431199529706344 ], [ -46.787307602429173, -23.431114972218925 ], [ -46.787292587550041, -23.431112630345961 ], [ -46.787285129141928, -23.431131988129199 ], [ -46.787144482309934, -23.431308725773068 ], [ -46.787131113223829, -23.43136124945093 ], [ -46.786929584272677, -23.432581906637498 ], [ -46.78692746869541, -23.432627179067183 ], [ -46.786938109548025, -23.432675657180674 ], [ -46.787002172220596, -23.432780083965959 ], [ -46.787025865827459, -23.432820033338107 ], [ -46.787043344549794, -23.432828317268626 ], [ -46.787048792451884, -23.432770492278973 ] ] ] ] } },
{ "type": "Feature", "properties": { "cd_identificador_concessao": 75, "cd_identificador_equipamento": 7, "nm_equipamento": "Terminal Lapa", "nm_parceria": "Terminais Urbanos - Bloco Noroeste", "tx_modalidade_concessao": "Parceria público-privada (PPP)", "qt_prazo_concessao": 10, "nm_concessionaria": "SPE SP TERMINAIS NOROESTE S.A.", "tx_cnpj_concessionaria": "44.765.258/0001-54", "tx_poder_concedente": "Secretaria Municipal de Mobilidade e Trânsito", "an_assinatura": 2022, "qt_area_metro": 10667.98, "tx_numero_contrato": "CONTRATO 002/SMT.SETRAM/2022", "qt_investimento_real": 34838000.0, "tx_link_contrato": "https://www.prefeitura.sp.gov.br/cidade/secretarias/governo/desestatizacao_projetos/terminal/index.php?p=342509", "dt_atualizacao": "2024-05-28", "cd_usuario_atualizacao": null }, "geometry": { "type": "MultiPolygon", "coordinates": [ [ [ [ -46.700746332119635, -23.520130514935218 ], [ -46.700732699155957, -23.52004706383401 ], [ -46.700719738388102, -23.519979023596161 ], [ -46.700715862368838, -23.51995344371354 ], [ -46.700740272976219, -23.519828994647963 ], [ -46.700653514617066, -23.51974666051537 ], [ -46.700520449934146, -23.519628875737933 ], [ -46.700551636965081, -23.519608942654621 ], [ -46.700559362254843, -23.519618815100927 ], [ -46.7005807463484, -23.519602355504098 ], [ -46.70057403966306, -23.519593947018603 ], [ -46.700568669245584, -23.519588381917409 ], [ -46.700559710731056, -23.519583685753556 ], [ -46.700551110147813, -23.519583503136779 ], [ -46.700539235575583, -23.519585292341269 ], [ -46.700431298255907, -23.519638572637653 ], [ -46.699994106931008, -23.51983370506149 ], [ -46.699959383894466, -23.519842607022099 ], [ -46.699928206769691, -23.51985081465477 ], [ -46.699906956525091, -23.519856947085209 ], [ -46.6998878304613, -23.519862400719884 ], [ -46.699870134549236, -23.519868494328769 ], [ -46.699853889836191, -23.519876866669911 ], [ -46.699843670656527, -23.519883862017075 ], [ -46.699829084322786, -23.519896805409754 ], [ -46.699797082908631, -23.519923870373731 ], [ -46.699753360580679, -23.519951718920268 ], [ -46.699733944303553, -23.519962256567013 ], [ -46.699719439909899, -23.5199677416628 ], [ -46.699701911169385, -23.519973013934287 ], [ -46.69966806192636, -23.519980758999505 ], [ -46.699642571692095, -23.519988904478797 ], [ -46.699629841304869, -23.519994124347399 ], [ -46.699612026568651, -23.520004808390603 ], [ -46.699599050173831, -23.52001855367779 ], [ -46.699576406082713, -23.52003379766488 ], [ -46.699545994466071, -23.520046258232973 ], [ -46.699514800428481, -23.52005315478069 ], [ -46.699485383558368, -23.520060031918497 ], [ -46.699460273409152, -23.520063174307204 ], [ -46.699439487388105, -23.520070858645802 ], [ -46.699423607524004, -23.520079964505193 ], [ -46.699414194344534, -23.520087442722183 ], [ -46.699396054653221, -23.520100506821752 ], [ -46.699321731689217, -23.520145792076057 ], [ -46.699336464802755, -23.520172729177474 ], [ -46.699289011591112, -23.520213084467581 ], [ -46.699242821356258, -23.520346774175128 ], [ -46.699228957590833, -23.520383614958472 ], [ -46.699222521126799, -23.520400959870454 ], [ -46.699218250020223, -23.520416104881569 ], [ -46.699216614379623, -23.520429053890105 ], [ -46.69921459455486, -23.520454793763076 ], [ -46.699216518223331, -23.520482585577767 ], [ -46.699219318324616, -23.520499314939936 ], [ -46.699223776382418, -23.520517037577712 ], [ -46.699233675085317, -23.520543586473554 ], [ -46.699286963350879, -23.520672894181679 ], [ -46.699347349840323, -23.520821065574619 ], [ -46.699441303897238, -23.520787772212213 ], [ -46.699434514359567, -23.52077291106967 ], [ -46.699420616876012, -23.520778409265713 ], [ -46.699402810128205, -23.520726665952079 ], [ -46.699571466912381, -23.520654256884125 ], [ -46.699574693654519, -23.520664436559407 ], [ -46.69965787248394, -23.520632920204331 ], [ -46.699746538381291, -23.52062383898658 ], [ -46.699806957978971, -23.520595152494582 ], [ -46.699876717617968, -23.52058713043192 ], [ -46.699956495341354, -23.520561436203998 ], [ -46.700023666294541, -23.520492940889604 ], [ -46.700091834325121, -23.520461711159616 ], [ -46.700156460008508, -23.520440681821334 ], [ -46.700519788519983, -23.520281654265634 ], [ -46.700496622969389, -23.520237285931717 ], [ -46.700700841977778, -23.520148577672792 ], [ -46.700713470845912, -23.520151021090456 ], [ -46.700729045640465, -23.520164864251623 ], [ -46.70074596217394, -23.520189755911172 ], [ -46.700755031620176, -23.52021086120461 ], [ -46.700761690041318, -23.520231070911571 ], [ -46.700772996920328, -23.520278337533259 ], [ -46.700757327675532, -23.520186834864159 ], [ -46.700746332119635, -23.520130514935218 ] ] ] ] } },
{ "type": "Feature", "properties": { "cd_identificador_concessao": 76, "cd_identificador_equipamento": 49, "nm_equipamento": "Terminal Pinheiros", "nm_parceria": "Terminais Urbanos - Bloco Noroeste", "tx_modalidade_concessao": "Parceria público-privada (PPP)", "qt_prazo_concessao": 30, "nm_concessionaria": "SPE SP TERMINAIS NOROESTE S.A.", "tx_cnpj_concessionaria": "44.765.258/0001-54", "tx_poder_concedente": "Secretaria Municipal de Mobilidade e Trânsito", "an_assinatura": 2022, "qt_area_metro": 18168.73, "tx_numero_contrato": "CONTRATO 002/SMT.SETRAM/2022", "qt_investimento_real": 16715000.0, "tx_link_contrato": "https://www.prefeitura.sp.gov.br/cidade/secretarias/governo/desestatizacao_projetos/terminal/index.php?p=342509", "dt_atualizacao": "2024-05-28", "cd_usuario_atualizacao": null }, "geometry": { "type": "MultiPolygon", "coordinates": [ [ [ [ -46.702252604004684, -23.567153471654617 ], [ -46.70237390336225, -23.566840381991906 ], [ -46.702407546769024, -23.566735103304076 ], [ -46.702447140710255, -23.566609684345657 ], [ -46.702519462591546, -23.566381733100002 ], [ -46.702574390602521, -23.56623205427006 ], [ -46.702659529019485, -23.565991973088707 ], [ -46.702653578485005, -23.565966111150136 ], [ -46.702686535291569, -23.565792172448585 ], [ -46.70265083208448, -23.565799496183374 ], [ -46.70257667926959, -23.565821467387792 ], [ -46.702517173924441, -23.565826044722129 ], [ -46.702186690391464, -23.565748230039802 ], [ -46.702141832515927, -23.565737244437557 ], [ -46.7012611534062, -23.565815974586762 ], [ -46.701233689400738, -23.565858086061859 ], [ -46.701227738866159, -23.565969773017539 ], [ -46.701279462743237, -23.56669207636223 ], [ -46.701305095814988, -23.567212061533006 ], [ -46.701379248629834, -23.567266989543988 ], [ -46.701394811566338, -23.567247764740078 ], [ -46.701473541715401, -23.567158048988816 ], [ -46.701530300660089, -23.567083896173958 ], [ -46.70158248227051, -23.567032630030393 ], [ -46.701672198021825, -23.566954815348083 ], [ -46.701758251905652, -23.566903549204504 ], [ -46.701856206858729, -23.567013405226604 ], [ -46.702252604004684, -23.567153471654617 ] ] ] ] } },
{ "type": "Feature", "properties": { "cd_identificador_concessao": 77, "cd_identificador_equipamento": 51, "nm_equipamento": "Terminal Pirituba", "nm_parceria": "Terminais Urbanos - Bloco Noroeste", "tx_modalidade_concessao": "Parceria público-privada (PPP)", "qt_prazo_concessao": 30, "nm_concessionaria": "SPE SP TERMINAIS NOROESTE S.A.", "tx_cnpj_concessionaria": "44.765.258/0001-54", "tx_poder_concedente": "Secretaria Municipal de Mobilidade e Trânsito", "an_assinatura": 2022, "qt_area_metro": 14254.94, "tx_numero_contrato": "CONTRATO 002/SMT.SETRAM/2022", "qt_investimento_real": 8090000.0, "tx_link_contrato": "https://www.prefeitura.sp.gov.br/cidade/secretarias/governo/desestatizacao_projetos/terminal/index.php?p=342509", "dt_atualizacao": "2024-05-28", "cd_usuario_atualizacao": null }, "geometry": { "type": "MultiPolygon", "coordinates": [ [ [ [ -46.725353802987513, -23.485954829127657 ], [ -46.725361391017479, -23.485966159140737 ], [ -46.725399277229116, -23.486006627881174 ], [ -46.725466985231144, -23.486075734914731 ], [ -46.725531811130487, -23.486140033703467 ], [ -46.725616815706907, -23.486226214653872 ], [ -46.725691111169169, -23.486301967010661 ], [ -46.725862176596941, -23.486469693559663 ], [ -46.726004731365187, -23.486601584187873 ], [ -46.726200832676966, -23.486412268388612 ], [ -46.726683961168256, -23.486856719458626 ], [ -46.726575392968009, -23.48695035953126 ], [ -46.726884812338916, -23.487224494237104 ], [ -46.727158570540801, -23.48680761123638 ], [ -46.727161030891082, -23.486806337814631 ], [ -46.727166442076566, -23.486800859788477 ], [ -46.727171001452938, -23.486790117637213 ], [ -46.727175373351301, -23.486770997649884 ], [ -46.727177943156398, -23.486751825396631 ], [ -46.727178318373284, -23.486732532987162 ], [ -46.727177254820532, -23.486711017065645 ], [ -46.727174419291423, -23.486691760244707 ], [ -46.727167025734282, -23.486671325854438 ], [ -46.727150090892643, -23.486639944401613 ], [ -46.727132346195162, -23.486618541131058 ], [ -46.727057071042019, -23.486551830451621 ], [ -46.726973505583771, -23.486480010285042 ], [ -46.726915893723159, -23.486431452893914 ], [ -46.726863429496028, -23.486387245112475 ], [ -46.726738038265054, -23.486279190064991 ], [ -46.726606343113275, -23.486168188707353 ], [ -46.726511611002145, -23.486086865927717 ], [ -46.726401208209168, -23.485993020402578 ], [ -46.726371175737178, -23.485967761872043 ], [ -46.726269694992382, -23.485882414037356 ], [ -46.726222106540042, -23.485842703164327 ], [ -46.726167453499968, -23.485795774224485 ], [ -46.726105834591209, -23.485744696344682 ], [ -46.726058805993098, -23.48570436516917 ], [ -46.726004653962498, -23.485659814558801 ], [ -46.725961942535861, -23.485621711113779 ], [ -46.72590658770676, -23.485575006567348 ], [ -46.725866070639576, -23.485543019247263 ], [ -46.725824282496539, -23.485515669396616 ], [ -46.72578577561039, -23.485493701245751 ], [ -46.725760850926193, -23.485480251549681 ], [ -46.725742277567583, -23.485473377654827 ], [ -46.725716622171603, -23.485469977498894 ], [ -46.725666141222113, -23.485472775996207 ], [ -46.725607058090418, -23.485482604841284 ], [ -46.725555043553584, -23.485493944686763 ], [ -46.725512663048455, -23.485505322318797 ], [ -46.725483017024516, -23.485514247230686 ], [ -46.725460244919724, -23.485524017092992 ], [ -46.725451395095263, -23.485527817419968 ], [ -46.725432248278963, -23.485537059512094 ], [ -46.725411288758266, -23.485551450762166 ], [ -46.725398404878817, -23.485560479022951 ], [ -46.725375881678879, -23.485581100281898 ], [ -46.725356290825175, -23.485602502288494 ], [ -46.72534893491855, -23.485610872843612 ], [ -46.725339186914979, -23.485626151319718 ], [ -46.72533189003061, -23.485643208674013 ], [ -46.725322957739394, -23.48566700251984 ], [ -46.725315851206261, -23.485698686506826 ], [ -46.725309739204867, -23.485728553464934 ], [ -46.725306511344499, -23.485751345022162 ], [ -46.725304280261298, -23.485784528203418 ], [ -46.725308417992714, -23.485813595391182 ], [ -46.725336214266001, -23.485915291491455 ], [ -46.725353802987513, -23.485954829127657 ] ] ] ] } },
{ "type": "Feature", "properties": { "cd_identificador_concessao": 78, "cd_identificador_equipamento": 48, "nm_equipamento": "Terminal Princesa isabel", "nm_parceria": "Terminais Urbanos - Bloco Noroeste", "tx_modalidade_concessao": "Parceria público-privada (PPP)", "qt_prazo_concessao": 30, "nm_concessionaria": "SPE SP TERMINAIS NOROESTE S.A.", "tx_cnpj_concessionaria": "44.765.258/0001-54", "tx_poder_concedente": "Secretaria Municipal de Mobilidade e Trânsito", "an_assinatura": 2022, "qt_area_metro": 10638.02, "tx_numero_contrato": "CONTRATO 002/SMT.SETRAM/2022", "qt_investimento_real": 7577000.0, "tx_link_contrato": "https://www.prefeitura.sp.gov.br/cidade/secretarias/governo/desestatizacao_projetos/terminal/index.php?p=342509", "dt_atualizacao": "2024-05-28", "cd_usuario_atualizacao": null }, "geometry": { "type": "MultiPolygon", "coordinates": [ [ [ [ -46.644547477594386, -23.535126447886022 ], [ -46.644642263980707, -23.535109010816718 ], [ -46.64497076186823, -23.534668201018849 ], [ -46.645236465007748, -23.534289370298659 ], [ -46.645245247508463, -23.534271036242995 ], [ -46.645248734944467, -23.534260072714275 ], [ -46.645248699221661, -23.534249327046609 ], [ -46.645246832069923, -23.534240948620596 ], [ -46.645243197723858, -23.534232227669996 ], [ -46.645223679064053, -23.534214192879539 ], [ -46.644661254698441, -23.533855764965825 ], [ -46.644616012014104, -23.533826931769461 ], [ -46.644609128073135, -23.533822544472397 ], [ -46.644584194958071, -23.533818021961761 ], [ -46.644571807546527, -23.533822126224759 ], [ -46.644371423262186, -23.534074383263054 ], [ -46.644289676605588, -23.534155887717414 ], [ -46.64394955933254, -23.534646937051523 ], [ -46.64396260020127, -23.534750557334291 ], [ -46.644547477594386, -23.535126447886022 ] ] ] ] } },
{ "type": "Feature", "properties": { "cd_identificador_concessao": 79, "cd_identificador_equipamento": 52, "nm_equipamento": "Terminal Cachoerinha", "nm_parceria": "Terminais Urbanos - Bloco Noroeste", "tx_modalidade_concessao": "Parceria público-privada (PPP)", "qt_prazo_concessao": 30, "nm_concessionaria": "SPE SP TERMINAIS NOROESTE S.A.", "tx_cnpj_concessionaria": "44.765.258/0001-54", "tx_poder_concedente": "Secretaria Municipal de Mobilidade e Trânsito", "an_assinatura": 2022, "qt_area_metro": 18430.97, "tx_numero_contrato": "CONTRATO 002/SMT.SETRAM/2022", "qt_investimento_real": 7913000.0, "tx_link_contrato": "https://www.prefeitura.sp.gov.br/cidade/secretarias/governo/desestatizacao_projetos/terminal/index.php?p=342509", "dt_atualizacao": "2024-05-28", "cd_usuario_atualizacao": null }, "geometry": { "type": "MultiPolygon", "coordinates": [ [ [ [ -46.671077766048661, -23.475945148104614 ], [ -46.671176155298262, -23.475766264379281 ], [ -46.671083428210622, -23.475630332449153 ], [ -46.671010325242477, -23.475595076289995 ], [ -46.670983201209587, -23.475581334004932 ], [ -46.67079864423728, -23.475494093154179 ], [ -46.670697701243363, -23.475438753907905 ], [ -46.67059143865729, -23.475368336862989 ], [ -46.670493532756964, -23.475289847425834 ], [ -46.670451020895904, -23.475250560750354 ], [ -46.670451020895904, -23.475250560750354 ], [ -46.670408588503363, -23.475211363513321 ], [ -46.67032619492435, -23.475120860013753 ], [ -46.670259294657697, -23.475035500261814 ], [ -46.670192792224427, -23.474928860885285 ], [ -46.670181835222458, -23.474907675860663 ], [ -46.670174349895767, -23.474893199255128 ], [ -46.67014286335354, -23.474832302302005 ], [ -46.670106142196552, -23.474745968953759 ], [ -46.670070753575729, -23.47463484224086 ], [ -46.670042442668482, -23.474519810854925 ], [ -46.670006997471731, -23.47430776235613 ], [ -46.669979934978564, -23.474254556909109 ], [ -46.669957350497882, -23.474230453219217 ], [ -46.66994351329533, -23.474219981842921 ], [ -46.669921093394954, -23.474210505432595 ], [ -46.66989956163642, -23.47420625706555 ], [ -46.66934314091317, -23.474244978321046 ], [ -46.669006913193996, -23.474265555370501 ], [ -46.668893010622376, -23.474272915550248 ], [ -46.668893696799124, -23.474277992141623 ], [ -46.668889305860688, -23.474724974787591 ], [ -46.669084042820693, -23.474722213844874 ], [ -46.669201156932807, -23.474833394566797 ], [ -46.669234431818744, -23.474866847625567 ], [ -46.669260052591412, -23.474885627163456 ], [ -46.669279606549189, -23.474899956523128 ], [ -46.669329981133849, -23.474923076417266 ], [ -46.669432268812727, -23.474963989874713 ], [ -46.669492347125527, -23.474983393682418 ], [ -46.66951623174068, -23.474992565493206 ], [ -46.669532888537844, -23.47499993641242 ], [ -46.669549591647218, -23.47501409760206 ], [ -46.66956107232857, -23.475030229141563 ], [ -46.669561492943124, -23.47505237719869 ], [ -46.669533589619711, -23.475122194123358 ], [ -46.669223846080342, -23.475463248297324 ], [ -46.669353140177016, -23.475554433117399 ], [ -46.669502031123379, -23.475659440990256 ], [ -46.66969580359676, -23.475793978449932 ], [ -46.6697350267616, -23.475750939193137 ], [ -46.669812398576482, -23.475466710754318 ], [ -46.670034891842704, -23.47557192300572 ], [ -46.670107507063186, -23.475564158279933 ], [ -46.670192760008391, -23.475517165581419 ], [ -46.670247184793269, -23.475491839492374 ], [ -46.670252447748474, -23.475489977046433 ], [ -46.670260755978688, -23.475490502084273 ], [ -46.670335188836461, -23.475548979252999 ], [ -46.670418457147058, -23.475612527020122 ], [ -46.670483930569731, -23.475656073743163 ], [ -46.670560090144981, -23.475701618999597 ], [ -46.67077050016276, -23.475808160660328 ], [ -46.670910000841907, -23.475872496087174 ], [ -46.671077766048661, -23.475945148104614 ] ] ] ] } },
{ "type": "Feature", "properties": { "cd_identificador_concessao": 80, "cd_identificador_equipamento": 45, "nm_equipamento": "Terminal Água Espraiada", "nm_parceria": "Terminais Urbanos - Bloco Sul", "tx_modalidade_concessao": "Parceria público-privada (PPP)", "qt_prazo_concessao": 30, "nm_concessionaria": "SPE SÃO PAULO SUL S.A.", "tx_cnpj_concessionaria": "45.404.560/0001-40", "tx_poder_concedente": "Secretaria Municipal de Mobilidade e Trânsito", "an_assinatura": 2022, "qt_area_metro": 3749.28, "tx_numero_contrato": "CONTRATO 003/SMT.SETRAM/2022", "qt_investimento_real": 3990000.0, "tx_link_contrato": "https://www.prefeitura.sp.gov.br/cidade/secretarias/governo/desestatizacao_projetos/terminal/index.php?p=342509", "dt_atualizacao": "2024-05-28", "cd_usuario_atualizacao": null }, "geometry": { "type": "MultiPolygon", "coordinates": [ [ [ [ -46.695716739981613, -23.613435660509712 ], [ -46.695708803123956, -23.613421457209647 ], [ -46.695695577452774, -23.613421601726404 ], [ -46.694568240046223, -23.61372055721737 ], [ -46.694599651086385, -23.613815685800141 ], [ -46.694659208449771, -23.613984349706339 ], [ -46.695175203481504, -23.613851784868711 ], [ -46.695708248496686, -23.613707220042933 ], [ -46.695802349311784, -23.613684951886018 ], [ -46.695716739981613, -23.613435660509712 ] ] ] ] } },
{ "type": "Feature", "properties": { "cd_identificador_concessao": 81, "cd_identificador_equipamento": 45, "nm_equipamento": "Terminal Água Espraiada", "nm_parceria": "Terminais Urbanos - Bloco Sul", "tx_modalidade_concessao": "Parceria público-privada (PPP)", "qt_prazo_concessao": 30, "nm_concessionaria": "SPE SÃO PAULO SUL S.A.", "tx_cnpj_concessionaria": "45.404.560/0001-40", "tx_poder_concedente": "Secretaria Municipal de Mobilidade e Trânsito", "an_assinatura": 2022, "qt_area_metro": 1343.37, "tx_numero_contrato": "CONTRATO 003/SMT.SETRAM/2022", "qt_investimento_real": null, "tx_link_contrato": "https://www.prefeitura.sp.gov.br/cidade/secretarias/governo/desestatizacao_projetos/terminal/index.php?p=342509", "dt_atualizacao": "2024-05-28", "cd_usuario_atualizacao": null }, "geometry": { "type": "MultiPolygon", "coordinates": [ [ [ [ -46.696127675476703, -23.613674704223076 ], [ -46.6961187850426, -23.613675011541002 ], [ -46.696114840927301, -23.613669800963883 ], [ -46.695986905119952, -23.613315944990855 ], [ -46.695961818842676, -23.613324835196234 ], [ -46.696065129509044, -23.613631515175083 ], [ -46.69609368083885, -23.61370668413047 ], [ -46.696102963344615, -23.613713514605216 ], [ -46.696210547513893, -23.613694623778372 ], [ -46.696876638138313, -23.61355717554591 ], [ -46.696921323525011, -23.613529388474582 ], [ -46.696959544466281, -23.613504435824655 ], [ -46.696981396673046, -23.61348674560659 ], [ -46.697016680312842, -23.61344622162278 ], [ -46.697028292895872, -23.613427076298009 ], [ -46.697038169562532, -23.613394057245415 ], [ -46.69704029159017, -23.613358226901603 ], [ -46.697040235705003, -23.613328577818589 ], [ -46.697037628674913, -23.613316480697982 ], [ -46.697025761055045, -23.6132852762243 ], [ -46.697009262338732, -23.613250970775823 ], [ -46.696986007153455, -23.613215266894276 ], [ -46.69696648297149, -23.613188975557847 ], [ -46.69694826114214, -23.613170839456174 ], [ -46.696882302387365, -23.613114712550104 ], [ -46.696851204708558, -23.613090675489104 ], [ -46.696790102671237, -23.613048981648657 ], [ -46.696761179032919, -23.613034377429251 ], [ -46.69672841950964, -23.613022967354603 ], [ -46.696705600475468, -23.613021955959727 ], [ -46.696621021708062, -23.613049796767793 ], [ -46.696033230455143, -23.61325377401657 ], [ -46.69601205884409, -23.61325914043049 ], [ -46.695956180188951, -23.613276562909125 ], [ -46.69594857866727, -23.613288414239058 ], [ -46.695961793795703, -23.61332475742671 ], [ -46.69598687779034, -23.613315867886158 ], [ -46.695994818932633, -23.613301778624461 ], [ -46.696060774121577, -23.613287608362032 ], [ -46.696124979966591, -23.613296993703006 ], [ -46.696578252725466, -23.613146616925388 ], [ -46.696620916415739, -23.613130179295528 ], [ -46.696655054913464, -23.613080421426123 ], [ -46.696666947824369, -23.61306650950787 ], [ -46.696691355325207, -23.613058046908691 ], [ -46.696717604633697, -23.613050930126633 ], [ -46.696737471483701, -23.613052919460497 ], [ -46.696759470404743, -23.613061084828185 ], [ -46.696781523443114, -23.613073452548537 ], [ -46.696815306033194, -23.613093467467301 ], [ -46.696855264449091, -23.613122573499158 ], [ -46.696921640110695, -23.613176486027477 ], [ -46.696942534997092, -23.613195489312563 ], [ -46.696958600892103, -23.613213067801428 ], [ -46.696980458233369, -23.613246829154715 ], [ -46.696997396882082, -23.613278218567167 ], [ -46.697009774293427, -23.613309605319401 ], [ -46.697015592009983, -23.613336335488132 ], [ -46.697014755099026, -23.613358716303559 ], [ -46.697014003122966, -23.613381397455729 ], [ -46.697009400058789, -23.61340332610208 ], [ -46.697001726536335, -23.613424244154636 ], [ -46.696988028884078, -23.613443908095185 ], [ -46.696954284609696, -23.613480002145327 ], [ -46.696901790538732, -23.613512308414631 ], [ -46.696870511831406, -23.6135285255917 ], [ -46.696839243242792, -23.613534322298712 ], [ -46.696772251192314, -23.613526710471046 ], [ -46.696302055300805, -23.613614797502478 ], [ -46.696216037198063, -23.613664912229108 ], [ -46.696127675476703, -23.613674704223076 ] ] ] ] } },
{ "type": "Feature", "properties": { "cd_identificador_concessao": 82, "cd_identificador_equipamento": 43, "nm_equipamento": "Terminal Capelinha", "nm_parceria": "Terminais Urbanos - Bloco Sul", "tx_modalidade_concessao": "Parceria público-privada (PPP)", "qt_prazo_concessao": 30, "nm_concessionaria": "SPE SÃO PAULO SUL S.A.", "tx_cnpj_concessionaria": "45.404.560/0001-40", "tx_poder_concedente": "Secretaria Municipal de Mobilidade e Trânsito", "an_assinatura": 2022, "qt_area_metro": 29201.94, "tx_numero_contrato": "CONTRATO 003/SMT.SETRAM/2022", "qt_investimento_real": 16206000.0, "tx_link_contrato": "https://www.prefeitura.sp.gov.br/cidade/secretarias/governo/desestatizacao_projetos/terminal/index.php?p=342509", "dt_atualizacao": "2024-05-28", "cd_usuario_atualizacao": null }, "geometry": { "type": "MultiPolygon", "coordinates": [ [ [ [ -46.763450439814193, -23.654186813001381 ], [ -46.76338350153128, -23.654122018371304 ], [ -46.762648976902128, -23.653389389815501 ], [ -46.762299302041072, -23.653614776701019 ], [ -46.761911089447402, -23.65386850301617 ], [ -46.761158364009177, -23.654359971765889 ], [ -46.760949845448238, -23.654497788062148 ], [ -46.760813791269356, -23.65459342435032 ], [ -46.760656307234832, -23.654706550889784 ], [ -46.760762020074402, -23.654806209052534 ], [ -46.76088411930526, -23.654901776467472 ], [ -46.760969885567654, -23.654960333558119 ], [ -46.761669961007556, -23.655393028155082 ], [ -46.761723303604626, -23.655347173506851 ], [ -46.761992322279937, -23.655161186981623 ], [ -46.762388303038513, -23.654901683220238 ], [ -46.762628284628086, -23.654749059537931 ], [ -46.763123346930072, -23.654414924639592 ], [ -46.763229509540011, -23.65434915388763 ], [ -46.763397269764859, -23.654227690825088 ], [ -46.763450439814193, -23.654186813001381 ] ] ] ] } },
{ "type": "Feature", "properties": { "cd_identificador_concessao": 83, "cd_identificador_equipamento": 41, "nm_equipamento": "Terminal Grajau", "nm_parceria": "Terminais Urbanos - Bloco Sul", "tx_modalidade_concessao": "Parceria público-privada (PPP)", "qt_prazo_concessao": 30, "nm_concessionaria": "SPE SÃO PAULO SUL S.A.", "tx_cnpj_concessionaria": "45.404.560/0001-40", "tx_poder_concedente": "Secretaria Municipal de Mobilidade e Trânsito", "an_assinatura": 2022, "qt_area_metro": 22803.78, "tx_numero_contrato": "CONTRATO 003/SMT.SETRAM/2022", "qt_investimento_real": 17302000.0, "tx_link_contrato": "https://www.prefeitura.sp.gov.br/cidade/secretarias/governo/desestatizacao_projetos/terminal/index.php?p=342509", "dt_atualizacao": "2024-05-28", "cd_usuario_atualizacao": null }, "geometry": { "type": "MultiPolygon", "coordinates": [ [ [ [ -46.699079744245907, -23.73903990863602 ], [ -46.696346703171194, -23.735726996353936 ], [ -46.696267363176119, -23.735781580694592 ], [ -46.695987455615644, -23.735445954303636 ], [ -46.695800686310321, -23.735204158410991 ], [ -46.695623772904995, -23.735326409748545 ], [ -46.695605046694986, -23.735356634231355 ], [ -46.695606032284964, -23.735390467599256 ], [ -46.695614409799994, -23.735423398735595 ], [ -46.695628700854968, -23.735459036531314 ], [ -46.695649891039992, -23.735505500984466 ], [ -46.695666153275049, -23.735541589868731 ], [ -46.695682415510127, -23.735570460968884 ], [ -46.695710997620168, -23.735612414274868 ], [ -46.695755349170234, -23.735669705326952 ], [ -46.695837645935413, -23.735774362931796 ], [ -46.695884954255526, -23.735833909462581 ], [ -46.695927827420526, -23.735890298197674 ], [ -46.695966041176561, -23.735942969452644 ], [ -46.696019410207683, -23.736011823979826 ], [ -46.696140714860917, -23.736152843827025 ], [ -46.696421608011434, -23.736478092919363 ], [ -46.696773082776531, -23.736886678318022 ], [ -46.697072237450676, -23.737241423230191 ], [ -46.697355454537941, -23.73757834007187 ], [ -46.697723079608565, -23.738037111970058 ], [ -46.69785810543884, -23.738211237360957 ], [ -46.698093449316445, -23.738511648906389 ], [ -46.698371292634612, -23.738846016739089 ], [ -46.698734787745273, -23.739288914979003 ], [ -46.699079744245907, -23.73903990863602 ] ] ] ] } },
{ "type": "Feature", "properties": { "cd_identificador_concessao": 84, "cd_identificador_equipamento": 54, "nm_equipamento": "Terminal Guarapiranga", "nm_parceria": "Terminais Urbanos - Bloco Sul", "tx_modalidade_concessao": "Parceria público-privada (PPP)", "qt_prazo_concessao": 30, "nm_concessionaria": "SPE SÃO PAULO SUL S.A.", "tx_cnpj_concessionaria": "45.404.560/0001-40", "tx_poder_concedente": "Secretaria Municipal de Mobilidade e Trânsito", "an_assinatura": 2022, "qt_area_metro": 14455.42, "tx_numero_contrato": "CONTRATO 003/SMT.SETRAM/2022", "qt_investimento_real": 6861000.0, "tx_link_contrato": "https://www.prefeitura.sp.gov.br/cidade/secretarias/governo/desestatizacao_projetos/terminal/index.php?p=342509", "dt_atualizacao": "2024-05-28", "cd_usuario_atualizacao": null }, "geometry": { "type": "MultiPolygon", "coordinates": [ [ [ [ -46.735792594160138, -23.668221005640291 ], [ -46.735717010845306, -23.667521844112102 ], [ -46.735497470017094, -23.66734017456745 ], [ -46.735405727081599, -23.667309455915117 ], [ -46.73518298744402, -23.667277029904518 ], [ -46.735081199416655, -23.667268646064631 ], [ -46.734857155810317, -23.66726798060898 ], [ -46.734850514851132, -23.667287102835616 ], [ -46.734945562921695, -23.66769874190323 ], [ -46.734945562921695, -23.66769874190323 ], [ -46.735067920043214, -23.668351347787493 ], [ -46.735136363968046, -23.668836301361498 ], [ -46.735157120348234, -23.668972578456721 ], [ -46.735154237541984, -23.669080548564164 ], [ -46.735122074651024, -23.669124560152792 ], [ -46.735080877228654, -23.669128274019247 ], [ -46.735733121891869, -23.669328828105133 ], [ -46.735615194156189, -23.668359502922694 ], [ -46.735792594160138, -23.668221005640291 ] ] ] ] } },
{ "type": "Feature", "properties": { "cd_identificador_concessao": 85, "cd_identificador_equipamento": 42, "nm_equipamento": "Terminal Jardim Ângela", "nm_parceria": "Terminais Urbanos - Bloco Sul", "tx_modalidade_concessao": "Parceria público-privada (PPP)", "qt_prazo_concessao": 30, "nm_concessionaria": "SPE SÃO PAULO SUL S.A.", "tx_cnpj_concessionaria": "45.404.560/0001-40", "tx_poder_concedente": "Secretaria Municipal de Mobilidade e Trânsito", "an_assinatura": 2022, "qt_area_metro": 6441.67, "tx_numero_contrato": "CONTRATO 003/SMT.SETRAM/2022", "qt_investimento_real": 3636000.0, "tx_link_contrato": "https://www.prefeitura.sp.gov.br/cidade/secretarias/governo/desestatizacao_projetos/terminal/index.php?p=342509", "dt_atualizacao": "2024-05-28", "cd_usuario_atualizacao": null }, "geometry": { "type": "MultiPolygon", "coordinates": [ [ [ [ -46.774687544987003, -23.690964432696511 ], [ -46.774559472462244, -23.690828881183275 ], [ -46.774416757256255, -23.690709248247042 ], [ -46.774205953391245, -23.690499556611371 ], [ -46.77402706181735, -23.690317263732332 ], [ -46.773935362408196, -23.690226348545707 ], [ -46.773754759863543, -23.690026379591366 ], [ -46.77362360447696, -23.689873624047149 ], [ -46.773529007745161, -23.690081006370193 ], [ -46.773432064605672, -23.690292072534795 ], [ -46.773593390914549, -23.690453193615415 ], [ -46.77380651656383, -23.690668655496268 ], [ -46.774355079586229, -23.691216883084852 ], [ -46.774637146345256, -23.690960637218392 ], [ -46.774687544987003, -23.690964432696511 ] ] ] ] } },
{ "type": "Feature", "properties": { "cd_identificador_concessao": 86, "cd_identificador_equipamento": 44, "nm_equipamento": "Terminal João Dias", "nm_parceria": "Terminais Urbanos - Bloco Sul", "tx_modalidade_concessao": "Parceria público-privada (PPP)", "qt_prazo_concessao": 30, "nm_concessionaria": "SPE SÃO PAULO SUL S.A.", "tx_cnpj_concessionaria": "45.404.560/0001-40", "tx_poder_concedente": "Secretaria Municipal de Mobilidade e Trânsito", "an_assinatura": 2022, "qt_area_metro": 11946.16, "tx_numero_contrato": "CONTRATO 003/SMT.SETRAM/2022", "qt_investimento_real": 7323000.0, "tx_link_contrato": "https://www.prefeitura.sp.gov.br/cidade/secretarias/governo/desestatizacao_projetos/terminal/index.php?p=342509", "dt_atualizacao": "2024-05-28", "cd_usuario_atualizacao": null }, "geometry": { "type": "MultiPolygon", "coordinates": [ [ [ [ -46.735027889768915, -23.643483300658797 ], [ -46.735062421888792, -23.643423389481857 ], [ -46.735088465669918, -23.643373097251352 ], [ -46.735112577361264, -23.643306953384666 ], [ -46.735033308732902, -23.643306253201953 ], [ -46.734842728492588, -23.643351549205224 ], [ -46.734829600750629, -23.643354122230832 ], [ -46.734698343856934, -23.643381067148695 ], [ -46.734565556210562, -23.643405488772558 ], [ -46.734401503486403, -23.643437574264794 ], [ -46.734060529545772, -23.64350459173901 ], [ -46.733910612874965, -23.643533364049652 ], [ -46.733576199812887, -23.643594985367201 ], [ -46.733316705722785, -23.643644210123767 ], [ -46.733059439355259, -23.64369142297496 ], [ -46.732899706528443, -23.643726948115816 ], [ -46.732883195480149, -23.643846975845662 ], [ -46.732887372661779, -23.643902485592506 ], [ -46.732903588451201, -23.643956273446822 ], [ -46.732930287305628, -23.64402105540599 ], [ -46.733005015209386, -23.644069427204965 ], [ -46.733064965684484, -23.644095543172661 ], [ -46.733095245140255, -23.644105125469395 ], [ -46.733119868045691, -23.644110405848132 ], [ -46.733152653291206, -23.644114007645495 ], [ -46.733220781834376, -23.644119198462242 ], [ -46.733315950209608, -23.644116943961425 ], [ -46.733422710805272, -23.644111781965989 ], [ -46.733430170451314, -23.644146990173777 ], [ -46.733506373785794, -23.644151720142258 ], [ -46.733579560930679, -23.644148520771797 ], [ -46.733644465490208, -23.644137874188683 ], [ -46.733715804350709, -23.644125171465461 ], [ -46.733782721197727, -23.644103787869614 ], [ -46.733815109072729, -23.644077234771668 ], [ -46.733980873144773, -23.644103952687733 ], [ -46.733948401634507, -23.644124157449806 ], [ -46.73396158399791, -23.644143851585952 ], [ -46.734002566098816, -23.644144110772622 ], [ -46.73404994696822, -23.644139517370089 ], [ -46.734091221490829, -23.644134362630297 ], [ -46.734195860829566, -23.644111529483165 ], [ -46.73421664561134, -23.644107312310904 ], [ -46.734247025187507, -23.644099387369593 ], [ -46.734276216799614, -23.644090572722675 ], [ -46.734317682052541, -23.644075931937575 ], [ -46.734380017994603, -23.644053291953472 ], [ -46.734368770481254, -23.644034334854332 ], [ -46.734323873435038, -23.644026900495607 ], [ -46.734294335026028, -23.644008183028195 ], [ -46.734269140040261, -23.643971757964657 ], [ -46.734391409474746, -23.643942215095585 ], [ -46.734418112642295, -23.643941916353413 ], [ -46.734493468598409, -23.643919445967498 ], [ -46.734522078508213, -23.64391674488602 ], [ -46.734529027184728, -23.643921032288262 ], [ -46.734538724165212, -23.643925487356988 ], [ -46.734655054628234, -23.643890653507146 ], [ -46.734694448487154, -23.643872752136282 ], [ -46.734714933566103, -23.643858236988237 ], [ -46.734718086179974, -23.643835979151397 ], [ -46.734771178574476, -23.643811575178894 ], [ -46.734801811995965, -23.643782660529947 ], [ -46.734879702747442, -23.643687679425671 ], [ -46.734915828664448, -23.643632373439104 ], [ -46.734978850027716, -23.643553691802623 ], [ -46.735027889768915, -23.643483300658797 ] ] ] ] } },
{ "type": "Feature", "properties": { "cd_identificador_concessao": 87, "cd_identificador_equipamento": 39, "nm_equipamento": "Terminal Paralheiros", "nm_parceria": "Terminais Urbanos - Bloco Sul", "tx_modalidade_concessao": "Parceria público-privada (PPP)", "qt_prazo_concessao": 30, "nm_concessionaria": "SPE SÃO PAULO SUL S.A.", "tx_cnpj_concessionaria": "45.404.560/0001-40", "tx_poder_concedente": "Secretaria Municipal de Mobilidade e Trânsito", "an_assinatura": 2022, "qt_area_metro": 2065.86, "tx_numero_contrato": "CONTRATO 003/SMT.SETRAM/2022", "qt_investimento_real": 2090000.0, "tx_link_contrato": "https://www.prefeitura.sp.gov.br/cidade/secretarias/governo/desestatizacao_projetos/terminal/index.php?p=342509", "dt_atualizacao": "2024-05-28", "cd_usuario_atualizacao": null }, "geometry": { "type": "MultiPolygon", "coordinates": [ [ [ [ -46.727252026195735, -23.828082836167304 ], [ -46.727236660409844, -23.828078818579307 ], [ -46.727218561924211, -23.828075987417957 ], [ -46.727202866694618, -23.828076741209529 ], [ -46.727183362517046, -23.82808042719379 ], [ -46.726780852712984, -23.82818830957428 ], [ -46.726759765678516, -23.828196997645222 ], [ -46.726751594328995, -23.828202579263355 ], [ -46.726751594328995, -23.828202579263355 ], [ -46.726732650025717, -23.82821890052616 ], [ -46.726726079562695, -23.828226775815786 ], [ -46.726723372565985, -23.828235835862767 ], [ -46.726725156196359, -23.828246001403166 ], [ -46.726725156196359, -23.828246001403166 ], [ -46.726752750217436, -23.828355132446973 ], [ -46.726752750217436, -23.828355132446973 ], [ -46.726815784751984, -23.828537332196905 ], [ -46.726819904483236, -23.828531181948758 ], [ -46.726824938608431, -23.828525888308718 ], [ -46.726833589190271, -23.828520915337389 ], [ -46.726899431445631, -23.828503707402401 ], [ -46.727116310563495, -23.828448796465956 ], [ -46.727287958966194, -23.828403566340185 ], [ -46.727293136147154, -23.828403147129823 ], [ -46.727297383587818, -23.828403677429673 ], [ -46.727301525213285, -23.828405111887033 ], [ -46.727305517940152, -23.828407162033812 ], [ -46.727309803642548, -23.828410581413987 ], [ -46.727313272594216, -23.828414587849569 ], [ -46.727272565082103, -23.828103916123624 ], [ -46.727270018267525, -23.828095420612165 ], [ -46.72726332931957, -23.828088416276181 ], [ -46.727252026195735, -23.828082836167304 ] ] ] ] } },
{ "type": "Feature", "properties": { "cd_identificador_concessao": 88, "cd_identificador_equipamento": 40, "nm_equipamento": "Terminal Santo Amaro", "nm_parceria": "Terminais Urbanos - Bloco Sul", "tx_modalidade_concessao": "Parceria público-privada (PPP)", "qt_prazo_concessao": 30, "nm_concessionaria": "SPE SÃO PAULO SUL S.A.", "tx_cnpj_concessionaria": "45.404.560/0001-40", "tx_poder_concedente": "Secretaria Municipal de Mobilidade e Trânsito", "an_assinatura": 2022, "qt_area_metro": 31069.8, "tx_numero_contrato": "CONTRATO 003/SMT.SETRAM/2022", "qt_investimento_real": 11421600.0, "tx_link_contrato": "https://www.prefeitura.sp.gov.br/cidade/secretarias/governo/desestatizacao_projetos/terminal/index.php?p=342509", "dt_atualizacao": "2024-05-28", "cd_usuario_atualizacao": null }, "geometry": { "type": "MultiPolygon", "coordinates": [ [ [ [ -46.712423857828945, -23.654553585783319 ], [ -46.712874852621674, -23.654605131794803 ], [ -46.712967131492455, -23.654615309025377 ], [ -46.713017205599989, -23.654621437723524 ], [ -46.713029859975506, -23.654622110548896 ], [ -46.713058893254221, -23.654623415028087 ], [ -46.7130904572521, -23.654623337036423 ], [ -46.713132335053523, -23.654624860721928 ], [ -46.713200828721135, -23.654630243956024 ], [ -46.71326898365313, -23.654632199524304 ], [ -46.713319988509461, -23.654634525256615 ], [ -46.713384835673125, -23.654638413629808 ], [ -46.713412308966795, -23.654640367384953 ], [ -46.713442648190586, -23.654644095439487 ], [ -46.7134716340437, -23.654649283242154 ], [ -46.714021079178394, -23.654731881663174 ], [ -46.714537108316136, -23.654807804427687 ], [ -46.714778864819998, -23.654839353184649 ], [ -46.715108153211474, -23.654885374098608 ], [ -46.715213356980172, -23.654901908494004 ], [ -46.715994683670303, -23.654999084398714 ], [ -46.716179504568515, -23.654992944017582 ], [ -46.716235551354913, -23.655030502564319 ], [ -46.716318130332027, -23.655040148253121 ], [ -46.71637166290386, -23.654952636764982 ], [ -46.716442985408847, -23.654828300162478 ], [ -46.716444252416316, -23.654818898310779 ], [ -46.716435831739126, -23.654812590787891 ], [ -46.716121812532258, -23.65474608642948 ], [ -46.715438523649041, -23.654603446066236 ], [ -46.714964694953004, -23.654502010281867 ], [ -46.714681781999531, -23.654440706063287 ], [ -46.714591367276071, -23.654418581854888 ], [ -46.714524597136368, -23.654404575274455 ], [ -46.714388127797008, -23.654380891391103 ], [ -46.71438401710936, -23.65438138835998 ], [ -46.71428674822365, -23.654364404409012 ], [ -46.714205238034644, -23.654353115559356 ], [ -46.714124719761031, -23.65434271869001 ], [ -46.713996130713277, -23.65432678808649 ], [ -46.713520481557218, -23.654267860029208 ], [ -46.713489866024567, -23.654265489532797 ], [ -46.713484482335168, -23.654266090851507 ], [ -46.713479996060983, -23.654267856141278 ], [ -46.713465636149436, -23.654330807286492 ], [ -46.713323106487437, -23.654279433262069 ], [ -46.713299110004911, -23.654273467875207 ], [ -46.713280943376368, -23.65427105001692 ], [ -46.713245560463697, -23.654271441157785 ], [ -46.713128117035893, -23.654240863663269 ], [ -46.7130987157066, -23.654233874393963 ], [ -46.713063304973232, -23.654224603755736 ], [ -46.713045559033667, -23.654216853549613 ], [ -46.712857733366, -23.654171341658589 ], [ -46.712673685327609, -23.654107276391183 ], [ -46.712597375650823, -23.654081300692564 ], [ -46.712524821082567, -23.654057631249298 ], [ -46.712487530537707, -23.654047026753695 ], [ -46.71245303257745, -23.654040093672656 ], [ -46.712413853485991, -23.654035018295456 ], [ -46.712170174960299, -23.654006286264316 ], [ -46.711717619976604, -23.653948978468055 ], [ -46.711641031999832, -23.653939259273798 ], [ -46.711552523121604, -23.653921122865867 ], [ -46.711282592271552, -23.653889375277046 ], [ -46.711127489547039, -23.65387137623253 ], [ -46.711117110378005, -23.65387010838792 ], [ -46.711055079776912, -23.653868252363111 ], [ -46.711017357530316, -23.6538696621115 ], [ -46.710973500373839, -23.653874209762623 ], [ -46.710932982717857, -23.653879262332939 ], [ -46.710887501609662, -23.653887078671474 ], [ -46.71081273391124, -23.653904248237293 ], [ -46.710764563608741, -23.653916338304509 ], [ -46.710716374505154, -23.653926983771569 ], [ -46.710696220135326, -23.653930005519712 ], [ -46.710666885380093, -23.653935656982878 ], [ -46.710638210879694, -23.653939314562646 ], [ -46.710610505942846, -23.653942148739926 ], [ -46.710565844668267, -23.653945170059941 ], [ -46.710431830296443, -23.653951886491701 ], [ -46.710035828671728, -23.653969259447813 ], [ -46.709822748965081, -23.65397928579651 ], [ -46.70978486114528, -23.653983044862652 ], [ -46.70977139161517, -23.653987527837788 ], [ -46.709756881496347, -23.653994911878183 ], [ -46.709745621083492, -23.654003433962298 ], [ -46.709736359676107, -23.654014913879802 ], [ -46.709730779354196, -23.654023012103604 ], [ -46.70972873808573, -23.654031883982071 ], [ -46.709728544990327, -23.654039651877223 ], [ -46.709729944762422, -23.654049298491827 ], [ -46.709733791354225, -23.654058647215162 ], [ -46.709737397315102, -23.654064567208504 ], [ -46.709742859666612, -23.654070015224601 ], [ -46.709749890236793, -23.654075445940286 ], [ -46.709757204284344, -23.654080060831994 ], [ -46.7098565297295, -23.65417233483377 ], [ -46.709879787165271, -23.654189325465691 ], [ -46.709974818381426, -23.654290586417893 ], [ -46.709978960788042, -23.654292527304321 ], [ -46.709985258324224, -23.654294354112572 ], [ -46.710080701487335, -23.654306665361961 ], [ -46.710360451218278, -23.654342678069913 ], [ -46.710550944979062, -23.654367032873154 ], [ -46.710550221394897, -23.654371917636393 ], [ -46.710986653973279, -23.654425614248733 ], [ -46.710987222404931, -23.654426349395674 ], [ -46.711012550582865, -23.654428207875203 ], [ -46.711596178076483, -23.654501610266983 ], [ -46.712415070943848, -23.654602270878009 ], [ -46.712423857828945, -23.654553585783319 ] ] ] ] } },
{ "type": "Feature", "properties": { "cd_identificador_concessao": 89, "cd_identificador_equipamento": 40, "nm_equipamento": "Terminal Varginha", "nm_parceria": "Terminais Urbanos - Bloco Sul", "tx_modalidade_concessao": "Parceria público-privada (PPP)", "qt_prazo_concessao": 30, "nm_concessionaria": "SPE SÃO PAULO SUL S.A.", "tx_cnpj_concessionaria": "45.404.560/0001-40", "tx_poder_concedente": "Secretaria Municipal de Mobilidade e Trânsito", "an_assinatura": 2022, "qt_area_metro": 16516.0, "tx_numero_contrato": "CONTRATO 003/SMT.SETRAM/2022", "qt_investimento_real": 8118000.0, "tx_link_contrato": "https://www.prefeitura.sp.gov.br/cidade/secretarias/governo/desestatizacao_projetos/terminal/index.php?p=342509", "dt_atualizacao": "2024-05-28", "cd_usuario_atualizacao": null }, "geometry": { "type": "MultiPolygon", "coordinates": [ [ [ [ -46.716050789496094, -23.766256069182969 ], [ -46.715958715815297, -23.766270874327557 ], [ -46.715940312563482, -23.766449265626299 ], [ -46.716129753048342, -23.767778788451771 ], [ -46.716131047035887, -23.767877413171526 ], [ -46.716131047035887, -23.767877413171526 ], [ -46.716077032700511, -23.767976652554946 ], [ -46.715998820872862, -23.768076160825274 ], [ -46.715201569573608, -23.768708672273277 ], [ -46.715144681489221, -23.76885248999125 ], [ -46.714899546440925, -23.769141584305856 ], [ -46.715044391624332, -23.769278786283991 ], [ -46.715340888291621, -23.768951733781062 ], [ -46.71534128309009, -23.7689159329422 ], [ -46.715492091731143, -23.76877790029716 ], [ -46.715509629784023, -23.768778946102291 ], [ -46.7155365429849, -23.768775338700113 ], [ -46.715663257924412, -23.768672611153956 ], [ -46.715706712037282, -23.768628292064719 ], [ -46.715806925137798, -23.768536090020316 ], [ -46.715862705255581, -23.768456121404729 ], [ -46.716361038954382, -23.768018478542331 ], [ -46.716444867542656, -23.767969161445276 ], [ -46.716541096645798, -23.767906059320232 ], [ -46.716631089706901, -23.767822436131151 ], [ -46.716620397520188, -23.767785661924858 ], [ -46.716634433230503, -23.767622567330161 ], [ -46.716654407424421, -23.767638060168004 ], [ -46.716686008435694, -23.767649288250571 ], [ -46.716724580732048, -23.76764389683893 ], [ -46.716781783666306, -23.767620102105141 ], [ -46.716827976103261, -23.767579060681623 ], [ -46.716854226873238, -23.767525007372377 ], [ -46.716895396187013, -23.767379098226318 ], [ -46.716906335372236, -23.767330486492728 ], [ -46.716920821754584, -23.767223231815588 ], [ -46.716750096646187, -23.7672010392013 ], [ -46.716703326148831, -23.767193604392212 ], [ -46.716631197226413, -23.766702801721578 ], [ -46.716563790872421, -23.766703551021905 ], [ -46.716563790872421, -23.766703551021905 ], [ -46.716500955919408, -23.766394013592567 ], [ -46.716500955919408, -23.766394013592567 ], [ -46.716422223523544, -23.766371422155412 ], [ -46.716406569103661, -23.76636403912379 ], [ -46.716370423780546, -23.766342962997374 ], [ -46.716333757672757, -23.766315131098104 ], [ -46.716295337128706, -23.766285329996521 ], [ -46.716280219813221, -23.766276678263132 ], [ -46.716257010520302, -23.766262687130858 ], [ -46.716236587472537, -23.766254163863291 ], [ -46.71621491511349, -23.766249234122412 ], [ -46.71618936437563, -23.766245142956969 ], [ -46.716148784380891, -23.766248378100475 ], [ -46.716050789496094, -23.766256069182969 ] ] ] ] } },
{ "type": "Feature", "properties": { "cd_identificador_concessao": 90, "cd_identificador_equipamento": 4, "nm_equipamento": "Vale do Anhangabaú", "nm_parceria": "Vale do Anhangabaú", "tx_modalidade_concessao": "Concessão", "qt_prazo_concessao": 10, "nm_concessionaria": "VIVA O VALE CONCESSIONÁRIA SPE S.A.", "tx_cnpj_concessionaria": "42.571.468/0001-86", "tx_poder_concedente": "Secretaria Muncipal de Subprefeituras", "an_assinatura": 2021, "qt_area_metro": 61936.16, "tx_numero_contrato": "CONTRATO DE CONCESSÃO N.º 018/SUB-SÉ/2021", "qt_investimento_real": 6542000.0, "tx_link_contrato": "https://www.prefeitura.sp.gov.br/cidade/secretarias/governo/desestatizacao_projetos/vale_do_anhangabau/index.php?p=341593", "dt_atualizacao": "2024-05-28", "cd_usuario_atualizacao": null }, "geometry": { "type": "MultiPolygon", "coordinates": [ [ [ [ -46.637765425827233, -23.547675749935497 ], [ -46.637718963478903, -23.547713051552574 ], [ -46.6377583622968, -23.547753497659748 ], [ -46.637842236054638, -23.547688021666396 ], [ -46.637835840911194, -23.547676783745302 ], [ -46.637804572137021, -23.547615059326816 ], [ -46.637770816638756, -23.547541477115114 ], [ -46.637760499077004, -23.547506980374173 ], [ -46.637752760318911, -23.547476335721882 ], [ -46.637737238394124, -23.547420547093129 ], [ -46.637720586602576, -23.547340052973077 ], [ -46.637712924980399, -23.547282689791146 ], [ -46.637712017429976, -23.547247597086663 ], [ -46.63771312231863, -23.547226093338438 ], [ -46.637715526128567, -23.547206652880906 ], [ -46.637720566429401, -23.547186552539038 ], [ -46.637728787218705, -23.54716226476733 ], [ -46.637749007477979, -23.547118254883873 ], [ -46.637760518377178, -23.547098628219807 ], [ -46.637772183145643, -23.547083515084491 ], [ -46.637783771228968, -23.54707011851292 ], [ -46.637798577831333, -23.547055604410755 ], [ -46.637824636691512, -23.547032212419513 ], [ -46.637837834280816, -23.54702223040842 ], [ -46.637870707885845, -23.54700337209572 ], [ -46.637888602349442, -23.546995062694442 ], [ -46.637893789336516, -23.546992653828053 ], [ -46.637905491335019, -23.546988154105293 ], [ -46.637930249097458, -23.546978634097851 ], [ -46.637950606193002, -23.546969389402829 ], [ -46.637974252888569, -23.546956859151624 ], [ -46.638002831744899, -23.54693921998339 ], [ -46.638022717639295, -23.546923568729785 ], [ -46.638046765616494, -23.546903900305526 ], [ -46.638066142791075, -23.546886719254029 ], [ -46.638089514736428, -23.54685992400767 ], [ -46.638122593744981, -23.546818126522233 ], [ -46.638157304102684, -23.546773602757611 ], [ -46.638170842507456, -23.5467516068328 ], [ -46.638177420043924, -23.546736998769376 ], [ -46.63818002018639, -23.546725502902014 ], [ -46.63818056699845, -23.546714299571711 ], [ -46.638178638518603, -23.546700955042375 ], [ -46.638174849227568, -23.546687630113315 ], [ -46.638174336631273, -23.546677882789741 ], [ -46.638177111388138, -23.546664669326297 ], [ -46.638182229929079, -23.54665088935748 ], [ -46.638186622036521, -23.546641722492613 ], [ -46.638196586505551, -23.546631684205671 ], [ -46.638223059341428, -23.546610093852632 ], [ -46.638248203567031, -23.546591949003933 ], [ -46.638257025876179, -23.546584885361497 ], [ -46.6382388180701, -23.546566218230478 ], [ -46.63820780867065, -23.546589975661952 ], [ -46.637964816116174, -23.546324181483961 ], [ -46.63833617537334, -23.546053387514664 ], [ -46.638375135553652, -23.546095981168115 ], [ -46.638587622492842, -23.545935441897768 ], [ -46.638402865819565, -23.54572326761512 ], [ -46.638402349982897, -23.54572018072103 ], [ -46.638401781086046, -23.5457171031637 ], [ -46.638401159297416, -23.545714035855124 ], [ -46.638400484801352, -23.545710979704257 ], [ -46.638399757797941, -23.545707935616793 ], [ -46.638398978502181, -23.545704904494674 ], [ -46.638398147145516, -23.545701887236227 ], [ -46.638397263973893, -23.545698884735494 ], [ -46.638396329249204, -23.545695897882158 ], [ -46.638395343248348, -23.545692927561351 ], [ -46.638394306263649, -23.545689974653509 ], [ -46.638393218602261, -23.545687040033325 ], [ -46.638392080586712, -23.545684124570457 ], [ -46.638390892553907, -23.545681229129059 ], [ -46.638389654856134, -23.545678354567084 ], [ -46.638388367859974, -23.54567550173622 ], [ -46.638387031946955, -23.545672671481913 ], [ -46.638385647513012, -23.545669864642878 ], [ -46.638384214968163, -23.545667082050915 ], [ -46.638382734737071, -23.545664324530527 ], [ -46.63838120725849, -23.54566159289875 ], [ -46.638379632984787, -23.545658887965271 ], [ -46.638378012382638, -23.545656210531554 ], [ -46.638376345932237, -23.545653561391013 ], [ -46.638374634127381, -23.545650941328606 ], [ -46.638372877475362, -23.545648351120818 ], [ -46.638371076496703, -23.545645791535069 ], [ -46.638369231725235, -23.545643263329957 ], [ -46.638367343707387, -23.54564076725476 ], [ -46.638365413002802, -23.545638304049017 ], [ -46.638363440183547, -23.545635874442691 ], [ -46.638361425834191, -23.545633479155718 ], [ -46.638359370551811, -23.54563111889793 ], [ -46.638357274945214, -23.545628794368717 ], [ -46.638355139635621, -23.54562650625687 ], [ -46.63835296525555, -23.545624255240568 ], [ -46.638350752449568, -23.545622041986768 ], [ -46.638348501873423, -23.545619867151309 ], [ -46.638346214193724, -23.545617731378702 ], [ -46.638343890088585, -23.545615635301765 ], [ -46.638341530246834, -23.545613579541833 ], [ -46.638339135367545, -23.545611564707791 ], [ -46.638336706160416, -23.545609591396897 ], [ -46.638334243345376, -23.545607660193888 ], [ -46.638331747652273, -23.545605771670967 ], [ -46.638329219820619, -23.545603926387926 ], [ -46.638326660599532, -23.545602124891321 ], [ -46.638324070747203, -23.545600367715156 ], [ -46.638321451031246, -23.545598655380157 ], [ -46.638318802227921, -23.545596988393701 ], [ -46.638316125122245, -23.545595367249764 ], [ -46.638313420507302, -23.5455937924288 ], [ -46.638310689184785, -23.545592264397275 ], [ -46.638307931964, -23.545590783608287 ], [ -46.638305149661882, -23.545589350500414 ], [ -46.638302343103142, -23.54558796549842 ], [ -46.63829951311925, -23.545586629012714 ], [ -46.638036949339728, -23.545243375814227 ], [ -46.637909019954094, -23.545100668833001 ], [ -46.637297367703233, -23.545513720124568 ], [ -46.637091446563538, -23.545258072572988 ], [ -46.63703686212142, -23.545192635580396 ], [ -46.636959170775292, -23.545096287212953 ], [ -46.636893340788404, -23.545016520031727 ], [ -46.636827758855617, -23.544933047782639 ], [ -46.63679434804871, -23.544892272672254 ], [ -46.636770459764776, -23.544863119582821 ], [ -46.636743026040712, -23.544829639452377 ], [ -46.636683729661847, -23.544739599167485 ], [ -46.636603285561591, -23.544602823789255 ], [ -46.636660007632734, -23.544571093145048 ], [ -46.636766320468709, -23.544511621480787 ], [ -46.636830325429244, -23.544475816420896 ], [ -46.636933918462169, -23.544417562561726 ], [ -46.637015915243417, -23.544371453230681 ], [ -46.637073174929043, -23.544339254433797 ], [ -46.637197718971159, -23.544269219295806 ], [ -46.637350737618092, -23.544180532026569 ], [ -46.637375964352643, -23.544165910988394 ], [ -46.637516440410614, -23.544084494057692 ], [ -46.637559357946394, -23.544059703740526 ], [ -46.637608124217245, -23.544031534099556 ], [ -46.637661645147048, -23.544000618837288 ], [ -46.63774508501438, -23.543952362796563 ], [ -46.637824558909557, -23.543906400632679 ], [ -46.637934980080267, -23.543842541375685 ], [ -46.637944804433737, -23.543837019737126 ], [ -46.637952021446985, -23.543834505554976 ], [ -46.63796014336976, -23.543833878206687 ], [ -46.637968602726232, -23.543836769122631 ], [ -46.637974341147441, -23.543841404449328 ], [ -46.637979701251538, -23.543847127396202 ], [ -46.637990791798501, -23.543864931167626 ], [ -46.638037121592347, -23.543834977495997 ], [ -46.638024233153587, -23.543810994163444 ], [ -46.638017849873641, -23.54379897036042 ], [ -46.638014874778499, -23.543792876578479 ], [ -46.63800698684711, -23.54377420298697 ], [ -46.638004539984621, -23.543767915104759 ], [ -46.638000308109, -23.543755109518564 ], [ -46.637998486107435, -23.543748645960111 ], [ -46.637996373505842, -23.543735402249894 ], [ -46.637994723183851, -23.54372210364706 ], [ -46.637994247932802, -23.543708727476101 ], [ -46.63799408880805, -23.543702036941067 ], [ -46.637994913848196, -23.543688688446576 ], [ -46.63799742439037, -23.543668808542268 ], [ -46.638001472488405, -23.543649083458881 ], [ -46.638005578012937, -23.543636242740082 ], [ -46.638013503245276, -23.543617547183569 ], [ -46.638016019371811, -23.543611289005298 ], [ -46.638017733909919, -23.543604804642637 ], [ -46.638018379535715, -23.543598149254162 ], [ -46.638017598060983, -23.543591505944708 ], [ -46.638015419772842, -23.543585132193577 ], [ -46.638011929243397, -23.54357927567586 ], [ -46.638007261987269, -23.543574163759125 ], [ -46.638001599203164, -23.543569994903933 ], [ -46.637995153850113, -23.543566948255151 ], [ -46.637981670216767, -23.543562018029807 ], [ -46.637961267443458, -23.543555009268623 ], [ -46.637954466226567, -23.543552672913627 ], [ -46.637934721663271, -23.54354422689801 ], [ -46.637928201684673, -23.543541305593134 ], [ -46.637903731013857, -23.543526984951658 ], [ -46.637885378014147, -23.543516244467984 ], [ -46.637873929947844, -23.543508013272692 ], [ -46.637868215205614, -23.543503885037303 ], [ -46.637863129832077, -23.543499234045683 ], [ -46.637858289391119, -23.543494379612177 ], [ -46.637853631536892, -23.543489341728897 ], [ -46.63784061705514, -23.543473264465465 ], [ -46.637836303561741, -23.543467889596155 ], [ -46.637818966936784, -23.54344227163261 ], [ -46.63778952117972, -23.543462542766733 ], [ -46.637842597527744, -23.543532781464478 ], [ -46.637846910527514, -23.543540953624746 ], [ -46.637848345377378, -23.543546085788769 ], [ -46.637848028580272, -23.543552139427778 ], [ -46.637846169428904, -23.543560195974532 ], [ -46.63784297162308, -23.543570885405149 ], [ -46.637838681988818, -23.543580412393165 ], [ -46.637832880821108, -23.54358652378215 ], [ -46.637558894516715, -23.543741327198934 ], [ -46.637339735355788, -23.543865153395267 ], [ -46.637226288640598, -23.543927779847426 ], [ -46.637047399332197, -23.544026531740805 ], [ -46.636478451686983, -23.544350584097828 ], [ -46.636409914398818, -23.544245090962512 ], [ -46.636246376934714, -23.543955222815256 ], [ -46.636243723332278, -23.543946581635236 ], [ -46.636243731868966, -23.543939357299163 ], [ -46.636257777098017, -23.543864445821185 ], [ -46.6362618327992, -23.543842813495775 ], [ -46.636278887091493, -23.543780415264767 ], [ -46.636283036584416, -23.543762087947883 ], [ -46.636308843579847, -23.543648097789671 ], [ -46.636329712622285, -23.543555920812175 ], [ -46.636364631096086, -23.543401685138637 ], [ -46.636376502736582, -23.543349246766613 ], [ -46.63639729740629, -23.543257398363629 ], [ -46.636400886948827, -23.543243371749384 ], [ -46.636414563154844, -23.543189936407405 ], [ -46.636432707119972, -23.543119042723262 ], [ -46.636502660769288, -23.543017709113649 ], [ -46.636505850225376, -23.542987059573363 ], [ -46.636487737935539, -23.542986583286527 ], [ -46.636458366492718, -23.542986496133825 ], [ -46.636429006477051, -23.542987256188869 ], [ -46.636407011245183, -23.542988381794125 ], [ -46.636385050703815, -23.542989982932966 ], [ -46.636363136938805, -23.542992058724376 ], [ -46.636341282010051, -23.542994608025985 ], [ -46.636322133711197, -23.542997263859139 ], [ -46.636319497944946, -23.542997629434854 ], [ -46.63629779673213, -23.543001121288047 ], [ -46.636276190314426, -23.543005081664024 ], [ -46.636254690582689, -23.54300950838326 ], [ -46.636233309368983, -23.54301439900949 ], [ -46.636212058440201, -23.543019750851318 ], [ -46.63619094949135, -23.543025560963446 ], [ -46.6361699941396, -23.54303182614839 ], [ -46.63616173310173, -23.54303451114221 ], [ -46.636148261279033, -23.543039902419405 ], [ -46.636135015654098, -23.543045751006836 ], [ -46.636122014470544, -23.543052048849081 ], [ -46.636109275634965, -23.543058787272088 ], [ -46.636096816693033, -23.543065956994784 ], [ -46.636084654804542, -23.543073548142242 ], [ -46.636072806720527, -23.543081550259089 ], [ -46.636061288759628, -23.543089952323825 ], [ -46.63605011678569, -23.543098742763956 ], [ -46.636039306186291, -23.543107909472504 ], [ -46.636028871851202, -23.543117439823899 ], [ -46.636018828151933, -23.543127320691603 ], [ -46.636009188921811, -23.543137538466734 ], [ -46.635999967437364, -23.54314807907587 ], [ -46.635991176399777, -23.543158928001496 ], [ -46.635982827917111, -23.543170070301041 ], [ -46.635974933488015, -23.543181490627916 ], [ -46.635967503985903, -23.543193173252732 ], [ -46.635960549643571, -23.543205102084627 ], [ -46.635892940942803, -23.543337115081226 ], [ -46.635884799053372, -23.543350494572678 ], [ -46.635873522833641, -23.543367947060649 ], [ -46.63586169178518, -23.543385084292023 ], [ -46.63584931626184, -23.543401891269074 ], [ -46.635836407093471, -23.543418353283453 ], [ -46.635822975577369, -23.543434455928871 ], [ -46.635814565649184, -23.543443943827103 ], [ -46.635809033467645, -23.543450185113112 ], [ -46.635794592965297, -23.543465527070758 ], [ -46.63578103853601, -23.543479095164859 ], [ -46.635779666707784, -23.543480468375762 ], [ -46.635767014879953, -23.543492404280357 ], [ -46.635764267757509, -23.543494995952301 ], [ -46.635748409590299, -23.543509097086709 ], [ -46.635732106084305, -23.543522759438382 ], [ -46.635715371507068, -23.543535971051014 ], [ -46.635698220503755, -23.543548720362743 ], [ -46.635680668083801, -23.543560996215597 ], [ -46.635662729607652, -23.543572787866857 ], [ -46.635653414982436, -23.543579235066698 ], [ -46.635641375815098, -23.543586990811022 ], [ -46.635629025588656, -23.543594318770648 ], [ -46.635616382164919, -23.543601208347535 ], [ -46.635603463829199, -23.543607649577467 ], [ -46.63559028926479, -23.543613633144837 ], [ -46.635576877525601, -23.543619150395756 ], [ -46.635563248008374, -23.543624193350755 ], [ -46.635549420424951, -23.543628754716789 ], [ -46.635542438597454, -23.543630852714724 ], [ -46.635530525208694, -23.543636597073156 ], [ -46.635523875190607, -23.543639468716194 ], [ -46.635517131954245, -23.54364214910181 ], [ -46.635510301964644, -23.543644635659973 ], [ -46.635503391770314, -23.543646926006819 ], [ -46.635496407996655, -23.543649017946205 ], [ -46.635489357339665, -23.543650909472504 ], [ -46.63548224655915, -23.543652598772262 ], [ -46.635475082472851, -23.543654084225697 ], [ -46.635467871949714, -23.543655364408643 ], [ -46.635460015489748, -23.543656510217428 ], [ -46.635453339283302, -23.543657304251319 ], [ -46.635446031073698, -23.543657962051107 ], [ -46.635438704281079, -23.543658410862506 ], [ -46.635431365929975, -23.543658650255033 ], [ -46.63542402305653, -23.543658679999201 ], [ -46.635416682700715, -23.543658500066517 ], [ -46.635409351900414, -23.543658110629387 ], [ -46.635402037684209, -23.543657512061479 ], [ -46.63539474706478, -23.543656704936421 ], [ -46.63538748703229, -23.543655690028125 ], [ -46.635380286389449, -23.543654363228026 ], [ -46.635373134892212, -23.543652826879296 ], [ -46.635366039708408, -23.543651082521897 ], [ -46.635359007949361, -23.543649131904214 ], [ -46.635352046663222, -23.54364697698125 ], [ -46.635345162827036, -23.543644619913024 ], [ -46.635338363340509, -23.543642063061757 ], [ -46.635331655018675, -23.543639308990478 ], [ -46.635325044585343, -23.54363636045932 ], [ -46.635318538665942, -23.543633220423708 ], [ -46.635312143781434, -23.543629892030772 ], [ -46.635305866341191, -23.543626378616473 ], [ -46.635299712637178, -23.543622683702608 ], [ -46.635293688837272, -23.543618810992221 ], [ -46.635287800978901, -23.543614764367096 ], [ -46.635282054963476, -23.543610547883123 ], [ -46.635276456550208, -23.543606165766263 ], [ -46.635271011350312, -23.543601622408922 ], [ -46.635265724821465, -23.543596922364706 ], [ -46.635260602262342, -23.543592070344491 ], [ -46.635253886396733, -23.543585213519986 ], [ -46.635140282579002, -23.543410587382684 ], [ -46.635047794212525, -23.543263733061298 ], [ -46.634991139347115, -23.543137001743123 ], [ -46.634957663847828, -23.543147384527987 ], [ -46.635094566766071, -23.543386755875915 ], [ -46.635249999254867, -23.543641032337174 ], [ -46.635242485188648, -23.543659970290317 ], [ -46.635257939679434, -23.543653432196955 ], [ -46.635334643389584, -23.543778605501949 ], [ -46.635527702718591, -23.544098755366459 ], [ -46.635561836691664, -23.544155358726378 ], [ -46.635596614195258, -23.544213068747077 ], [ -46.635633519761541, -23.54427430980644 ], [ -46.635667211326364, -23.544330218844362 ], [ -46.635721147883984, -23.544419849061416 ], [ -46.635721914379786, -23.544419669023178 ], [ -46.635722683895438, -23.544419502364274 ], [ -46.635723456197383, -23.544419349135168 ], [ -46.635724231051398, -23.54441920938249 ], [ -46.635725008222174, -23.544419083148455 ], [ -46.635725787474009, -23.544418970471575 ], [ -46.635726568570405, -23.544418871385929 ], [ -46.635727351274291, -23.544418785921565 ], [ -46.635728135348081, -23.544418714104452 ], [ -46.635728920554023, -23.544418655956516 ], [ -46.635729706653741, -23.544418611495065 ], [ -46.635730493408609, -23.544418580733989 ], [ -46.635731280580025, -23.544418563682392 ], [ -46.635732067928878, -23.544418560345484 ], [ -46.635732855216467, -23.544418570724265 ], [ -46.635733642203867, -23.544418594815632 ], [ -46.635734428652185, -23.544418632612171 ], [ -46.635735214322779, -23.544418684102563 ], [ -46.635735998977239, -23.544418749271177 ], [ -46.635736782377407, -23.54441882809812 ], [ -46.635737564285456, -23.544418920559526 ], [ -46.635738344464407, -23.544419026627267 ], [ -46.635739122677307, -23.544419146269259 ], [ -46.635739898687959, -23.544419279449237 ], [ -46.635740672261065, -23.544419426126613 ], [ -46.635741443161677, -23.544419586256975 ], [ -46.635742211156, -23.544419759791772 ], [ -46.635742976010846, -23.544419946678278 ], [ -46.635743737494245, -23.544420146859789 ], [ -46.635744495374894, -23.544420360275598 ], [ -46.635745249422975, -23.544420586860877 ], [ -46.635745999409806, -23.544420826547032 ], [ -46.635746745107447, -23.544421079260957 ], [ -46.635747486289972, -23.544421344926402 ], [ -46.635748222732168, -23.544421623462366 ], [ -46.63574895421084, -23.544421914784689 ], [ -46.635749680503643, -23.544422218804694 ], [ -46.635750401390411, -23.544422535430233 ], [ -46.635751116652408, -23.544422864565067 ], [ -46.635751826072529, -23.54442320610957 ], [ -46.635752529435372, -23.544423559959963 ], [ -46.635753226527747, -23.544423926009042 ], [ -46.635753917137883, -23.544424304145256 ], [ -46.635754601056426, -23.544424694254396 ], [ -46.635755278075521, -23.544425096217765 ], [ -46.635755947990027, -23.544425509913495 ], [ -46.635756610596431, -23.544425935215873 ], [ -46.635757265693798, -23.544426371996089 ], [ -46.635757913083324, -23.54442682012148 ], [ -46.635758552568404, -23.544427279456144 ], [ -46.635759183955152, -23.54442774986051 ], [ -46.635759807051862, -23.544428231191855 ], [ -46.635760421669559, -23.544428723304424 ], [ -46.635806667795762, -23.544496672048652 ], [ -46.635806995512063, -23.544497430250438 ], [ -46.635807310006662, -23.544498194031121 ], [ -46.635807611184823, -23.544498963160176 ], [ -46.635807898955434, -23.544499737405484 ], [ -46.635808173231752, -23.544500516533361 ], [ -46.635808433931032, -23.544501300308688 ], [ -46.635808680974456, -23.544502088494831 ], [ -46.635808914287558, -23.544502880853788 ], [ -46.635809133799988, -23.544503677146459 ], [ -46.635809339445323, -23.544504477132623 ], [ -46.635809531161485, -23.544505280570739 ], [ -46.635809708890839, -23.544506087218132 ], [ -46.635809872579429, -23.544506896831454 ], [ -46.635810022178099, -23.544507709166425 ], [ -46.635810157641508, -23.544508523977708 ], [ -46.635810278928886, -23.544509341019392 ], [ -46.635810386003591, -23.544510160044883 ], [ -46.635810478833285, -23.544510980806997 ], [ -46.635810557390023, -23.544511803057969 ], [ -46.635810621649959, -23.544512626549619 ], [ -46.635810671593859, -23.544513451033279 ], [ -46.63581070720651, -23.54451427626033 ], [ -46.635810728477175, -23.544515101981371 ], [ -46.63581073539963, -23.544515927947408 ], [ -46.635810727971489, -23.544516753908972 ], [ -46.635810706195159, -23.544517579616976 ], [ -46.635810670077234, -23.544518404822014 ], [ -46.63581061962855, -23.544519229274929 ], [ -46.635810554864328, -23.544520052726956 ], [ -46.635810475804057, -23.544520874929827 ], [ -46.635810382471853, -23.544521695634852 ], [ -46.635810274895732, -23.544522514594689 ], [ -46.635810153107983, -23.544523331562008 ], [ -46.635810017145708, -23.544524146290076 ], [ -46.635809867049659, -23.544524958533277 ], [ -46.635809702865267, -23.544525768046253 ], [ -46.635809524642227, -23.544526574584832 ], [ -46.635809332434029, -23.544527377905265 ], [ -46.635809126298895, -23.544528177765301 ], [ -46.635808906298976, -23.544528973923516 ], [ -46.635808672500737, -23.544529766139476 ], [ -46.635808424974684, -23.54453055417412 ], [ -46.635808163795645, -23.544531337789628 ], [ -46.635807889042184, -23.544532116749469 ], [ -46.635807600797492, -23.544532890818342 ], [ -46.635807299148496, -23.544533659762998 ], [ -46.635806984186345, -23.544534423350921 ], [ -46.635806656005855, -23.544535181351758 ], [ -46.635806314706258, -23.544535933536906 ], [ -46.635805960390606, -23.544536679679062 ], [ -46.635805593165841, -23.544537419553329 ], [ -46.635805213142611, -23.544538152935854 ], [ -46.635804820435816, -23.544538879605916 ], [ -46.635804415163896, -23.544539599343725 ], [ -46.635803997449344, -23.544540311932082 ], [ -46.635803567418023, -23.544541017156096 ], [ -46.635803125199807, -23.544541714802733 ], [ -46.635802670928335, -23.544542404661524 ], [ -46.635802204740422, -23.544543086524161 ], [ -46.635801726777011, -23.544543760184894 ], [ -46.635801237182307, -23.544544425440368 ], [ -46.635800736104095, -23.544545082089837 ], [ -46.635800223693586, -23.544545729934928 ], [ -46.635799700105473, -23.544546368780225 ], [ -46.635799165497922, -23.544546998432807 ], [ -46.635798620032034, -23.544547618702694 ], [ -46.635870455394247, -23.54466796590506 ], [ -46.635855423545806, -23.544695937353289 ], [ -46.635778782288362, -23.544739459480681 ], [ -46.635675853026079, -23.544797909706332 ], [ -46.635611222968663, -23.544834610369289 ], [ -46.635573696934458, -23.544855920991107 ], [ -46.635433193728389, -23.544935707466621 ], [ -46.635407766249799, -23.544946338209886 ], [ -46.635422998259813, -23.544962896271468 ], [ -46.635540092663241, -23.545089252424397 ], [ -46.635557585631339, -23.545110336092279 ], [ -46.635588850989592, -23.545148159753392 ], [ -46.635610854115434, -23.545182476930673 ], [ -46.635637469802816, -23.545169521347194 ], [ -46.63564151387348, -23.545140130316284 ], [ -46.635729580036468, -23.545091212586193 ], [ -46.635790168299273, -23.545057558762913 ], [ -46.635850755550869, -23.545023904927991 ], [ -46.635887925426196, -23.545003258101026 ], [ -46.635936946491846, -23.545014933411597 ], [ -46.636021530073585, -23.545165049424003 ], [ -46.636043478691704, -23.545204002858277 ], [ -46.636097088415084, -23.545299146639117 ], [ -46.636110395214267, -23.545322762688194 ], [ -46.636128768578679, -23.545355371999186 ], [ -46.636186499556686, -23.54545782847563 ], [ -46.636191163502644, -23.545466105353601 ], [ -46.636209679121258, -23.545498965311584 ], [ -46.636402138669773, -23.545840528795562 ], [ -46.636361432129668, -23.545859824246897 ], [ -46.636415359574784, -23.545959837866153 ], [ -46.636287175258659, -23.54597033027169 ], [ -46.636286543949197, -23.546019484460029 ], [ -46.636460888878553, -23.546007363386916 ], [ -46.63648828864256, -23.545993426669533 ], [ -46.636716214315207, -23.546397930135669 ], [ -46.636398462328309, -23.546546429447897 ], [ -46.636506660571435, -23.546743210071963 ], [ -46.636824974875744, -23.546590950605331 ], [ -46.637058995485461, -23.547011557154551 ], [ -46.637124425021142, -23.546972269444073 ], [ -46.637435309015515, -23.547328670641615 ], [ -46.637765425827233, -23.547675749935497 ] ] ] ] } },
{ "type": "Feature", "properties": { "cd_identificador_concessao": 91, "cd_identificador_equipamento": 4, "nm_equipamento": "Vale do Anhangabaú", "nm_parceria": "Vale do Anhangabaú", "tx_modalidade_concessao": "Concessão", "qt_prazo_concessao": 10, "nm_concessionaria": "VIVA O VALE CONCESSIONÁRIA SPE S.A.", "tx_cnpj_concessionaria": "42.571.468/0001-86", "tx_poder_concedente": "Secretaria Muncipal de Subprefeituras", "an_assinatura": 2021, "qt_area_metro": 1635.6, "tx_numero_contrato": "CONTRATO DE CONCESSÃO N.º 018/SUB-SÉ/2021", "qt_investimento_real": 6542000.0, "tx_link_contrato": "https://www.prefeitura.sp.gov.br/cidade/secretarias/governo/desestatizacao_projetos/vale_do_anhangabau/index.php?p=341593", "dt_atualizacao": "2024-05-28", "cd_usuario_atualizacao": null }, "geometry": { "type": "MultiPolygon", "coordinates": [ [ [ [ -46.634882073356344, -23.545580395950424 ], [ -46.634887325226998, -23.545553611026381 ], [ -46.634978887185518, -23.545504249685823 ], [ -46.635049738630194, -23.54546605346188 ], [ -46.635131757219369, -23.545421836692512 ], [ -46.635204231534566, -23.545382764557871 ], [ -46.635288599828478, -23.545337281338565 ], [ -46.635359711849119, -23.545298944077167 ], [ -46.635451084674543, -23.545249683794705 ], [ -46.635487823522944, -23.545258237481875 ], [ -46.63550377659066, -23.545249161308071 ], [ -46.635489642310489, -23.545226641549188 ], [ -46.635485775309952, -23.545220726799506 ], [ -46.635477865616416, -23.545209591667518 ], [ -46.635472143744067, -23.545205571466532 ], [ -46.635465940282657, -23.545202215566267 ], [ -46.635459371261213, -23.545199464497887 ], [ -46.635445343482516, -23.545195319946288 ], [ -46.635438383793392, -23.545193116947424 ], [ -46.635431552084079, -23.545191335607385 ], [ -46.635425317622598, -23.545187998398109 ], [ -46.63541988259297, -23.545183720546792 ], [ -46.635415349253293, -23.54517860441797 ], [ -46.635411811560765, -23.545174017257178 ], [ -46.635323321517809, -23.545049146604342 ], [ -46.635304914722539, -23.545057249677384 ], [ -46.635295107965618, -23.545087965535927 ], [ -46.635274766942345, -23.545100403731784 ], [ -46.635239113358722, -23.545120272317281 ], [ -46.635065926357619, -23.545221710928828 ], [ -46.634824304944246, -23.545355158722796 ], [ -46.634732375126426, -23.545353936938799 ], [ -46.634882073356344, -23.545580395950424 ] ] ] ] } },
{ "type": "Feature", "properties": { "cd_identificador_concessao": 92, "cd_identificador_equipamento": 4, "nm_equipamento": "Vale do Anhangabaú", "nm_parceria": "Vale do Anhangabaú", "tx_modalidade_concessao": "Concessão", "qt_prazo_concessao": 10, "nm_concessionaria": "VIVA O VALE CONCESSIONÁRIA SPE S.A.", "tx_cnpj_concessionaria": "42.571.468/0001-86", "tx_poder_concedente": "Secretaria Muncipal de Subprefeituras", "an_assinatura": 2021, "qt_area_metro": 3357.96, "tx_numero_contrato": "CONTRATO DE CONCESSÃO N.º 018/SUB-SÉ/2021", "qt_investimento_real": 6542000.0, "tx_link_contrato": "https://www.prefeitura.sp.gov.br/cidade/secretarias/governo/desestatizacao_projetos/vale_do_anhangabau/index.php?p=341593", "dt_atualizacao": "2024-05-28", "cd_usuario_atualizacao": null }, "geometry": { "type": "MultiPolygon", "coordinates": [ [ [ [ -46.634889368252693, -23.542566185376359 ], [ -46.635039317587221, -23.542818274506583 ], [ -46.63513522968254, -23.542972881370027 ], [ -46.635431557333654, -23.543410042763959 ], [ -46.635419745605638, -23.543439895694579 ], [ -46.635396701037756, -23.543452177750428 ], [ -46.635358066914272, -23.543459524256054 ], [ -46.635332698888959, -23.543461056140291 ], [ -46.635315413756395, -23.543448871003196 ], [ -46.635258992353492, -23.543382125780482 ], [ -46.635058605740554, -23.543063810177195 ], [ -46.635035400050455, -23.543085770489995 ], [ -46.635127749694433, -23.543255724035777 ], [ -46.635320190651782, -23.543559237807909 ], [ -46.635347118558968, -23.543572871483629 ], [ -46.635382216430052, -23.543581358599802 ], [ -46.635423410475852, -23.543583455792813 ], [ -46.635524460125716, -23.543543173203275 ], [ -46.635619100549938, -23.54348398050136 ], [ -46.635643712101192, -23.543476763291078 ], [ -46.635731452845121, -23.543414480173677 ], [ -46.635752415033132, -23.543389589041631 ], [ -46.635769743520889, -23.543348289000875 ], [ -46.635767894061921, -23.54330972097517 ], [ -46.635754108917759, -23.543284543512851 ], [ -46.635682310760821, -23.543158168842375 ], [ -46.635593991317876, -23.543007278004392 ], [ -46.635505111231609, -23.542866514306173 ], [ -46.635398057147853, -23.54273178133743 ], [ -46.635384550577143, -23.542743102992731 ], [ -46.635495742206921, -23.542882660857799 ], [ -46.635674136565413, -23.543202433153134 ], [ -46.635700677634745, -23.543269869445258 ], [ -46.635685545269837, -23.543308689248168 ], [ -46.635638419489901, -23.543326264528158 ], [ -46.635607500541234, -23.543322794175996 ], [ -46.635581913452036, -23.543306616118109 ], [ -46.63545705125982, -23.543085892900471 ], [ -46.635397532709909, -23.542989101127922 ], [ -46.635220795589568, -23.5427347636838 ], [ -46.635108084574277, -23.542608799640206 ], [ -46.635058718617834, -23.542556181709624 ], [ -46.634992586761278, -23.542528434946966 ], [ -46.634952520851179, -23.542513017287778 ], [ -46.634925749631364, -23.542512033519724 ], [ -46.634902486826675, -23.542517338688803 ], [ -46.634884307867225, -23.542545363364951 ], [ -46.634889368252693, -23.542566185376359 ] ] ] ] } },
{ "type": "Feature", "properties": { "cd_identificador_concessao": 93, "cd_identificador_equipamento": 4, "nm_equipamento": "Vale do Anhangabaú", "nm_parceria": "Vale do Anhangabaú", "tx_modalidade_concessao": "Concessão", "qt_prazo_concessao": 10, "nm_concessionaria": "VIVA O VALE CONCESSIONÁRIA SPE S.A.", "tx_cnpj_concessionaria": "42.571.468/0001-86", "tx_poder_concedente": "Secretaria Muncipal de Subprefeituras", "an_assinatura": 2021, "qt_area_metro": 772.71, "tx_numero_contrato": "CONTRATO DE CONCESSÃO N.º 018/SUB-SÉ/2021", "qt_investimento_real": 6542000.0, "tx_link_contrato": "https://www.prefeitura.sp.gov.br/cidade/secretarias/governo/desestatizacao_projetos/vale_do_anhangabau/index.php?p=341593", "dt_atualizacao": "2024-05-28", "cd_usuario_atualizacao": null }, "geometry": { "type": "MultiPolygon", "coordinates": [ [ [ [ -46.636052913081251, -23.543007336243708 ], [ -46.635999451212143, -23.54292696965247 ], [ -46.635672494598296, -23.542903548545311 ], [ -46.635814252392301, -23.543138651882533 ], [ -46.635764382366879, -23.543166036075156 ], [ -46.635778354742683, -23.543193201380188 ], [ -46.635811347312071, -23.543279003565193 ], [ -46.635814186686105, -23.543286830073718 ], [ -46.635820531613952, -23.543292994259026 ], [ -46.635823680059033, -23.543294135087482 ], [ -46.635829358058309, -23.543293894766435 ], [ -46.635835896246881, -23.543291929639672 ], [ -46.63584023294262, -23.543286194935682 ], [ -46.635845443687586, -23.543273529178428 ], [ -46.635853756643279, -23.543254713948393 ], [ -46.635862594170739, -23.543236103031887 ], [ -46.635871950358307, -23.543217708877776 ], [ -46.635881818947468, -23.543199543789569 ], [ -46.635892193336858, -23.543181619918069 ], [ -46.635903066586991, -23.54316394925236 ], [ -46.635914431424446, -23.54314654361248 ], [ -46.635926280247055, -23.543129414640866 ], [ -46.635938605129212, -23.543112573795046 ], [ -46.635951397826481, -23.543096032339903 ], [ -46.635964649781648, -23.543079801339918 ], [ -46.63597446694223, -23.543068317552098 ], [ -46.635984744246137, -23.543058641614419 ], [ -46.635995349715294, -23.543049271863076 ], [ -46.636006272622431, -23.543040217775513 ], [ -46.636017501918978, -23.543031488509822 ], [ -46.63602902624671, -23.543023092895591 ], [ -46.636040833948627, -23.543015039424919 ], [ -46.636052913081251, -23.543007336243708 ] ] ] ] } },
{ "type": "Feature", "properties": { "cd_identificador_concessao": 94, "cd_identificador_equipamento": null, "nm_equipamento": "CEU Imperador", "nm_parceria": null, "tx_modalidade_concessao": "Parceria público-privada (PPP)", "qt_prazo_concessao": 25, "nm_concessionaria": "SPE INTEGRA S/A", "tx_cnpj_concessionaria": "47.732.462/0001-67", "tx_poder_concedente": "Secetaria Municipal de Educação", "an_assinatura": 2022, "qt_area_metro": 9497.76, "tx_numero_contrato": "CONTRATO Nº. 416/SME/2022", "qt_investimento_real": 87297.0, "tx_link_contrato": "https://www.prefeitura.sp.gov.br/cidade/secretarias/governo/desestatizacao_projetos/novos_ceus/index.php?p=342078", "dt_atualizacao": "2024-05-28", "cd_usuario_atualizacao": null }, "geometry": { "type": "MultiPolygon", "coordinates": [ [ [ [ -46.515605440417687, -23.588606532975 ], [ -46.516122935135556, -23.588256706143667 ], [ -46.51627801969618, -23.588152014766564 ], [ -46.516184510392634, -23.587562466368411 ], [ -46.516167038380665, -23.587537097938213 ], [ -46.516138766621864, -23.58753648004177 ], [ -46.515873690835527, -23.587715158557483 ], [ -46.515750488838322, -23.587797064091021 ], [ -46.515717229853038, -23.587820629129343 ], [ -46.515697421338082, -23.587833081142879 ], [ -46.515663476171888, -23.587845160323216 ], [ -46.515633371900542, -23.587853881948934 ], [ -46.515584508719272, -23.587869937529693 ], [ -46.515570159530917, -23.587875185341229 ], [ -46.515524451087998, -23.587876397509209 ], [ -46.515506724205423, -23.587877081254728 ], [ -46.515448818628151, -23.587877901630144 ], [ -46.515367386569551, -23.587856987988278 ], [ -46.515278464733612, -23.587835381201334 ], [ -46.51521526975786, -23.587809947932463 ], [ -46.515116728040447, -23.587771068381986 ], [ -46.514892500846962, -23.588466639064041 ], [ -46.514829615012871, -23.588588817993895 ], [ -46.515453128651323, -23.588391831664456 ], [ -46.515605440417687, -23.588606532975 ] ] ] ] } }
]
}
