{
"type": "FeatureCollection",
"name": "output",
"crs": { "type": "name", "properties": { "name": "urn:ogc:def:crs:OGC:1.3:CRS84" } },
"features": [
{ "type": "Feature", "properties": { "Ano": 2019.0, "Nota Empenho": "83174/2019", "Nota Reserva": "55487/2019", "Ata CMDP": "13/06/2019", "Processo SEI": 6012201900055530.0, "Unidade": "SMSUB", "Função": "26 - TRANSPORTE", "Sub Função": "451 - INFRA-ESTRUTURA URBANA", "Programa": "3009 - MELHORIA DA MOBILIDADE URBANA UNIVERSAL", "Atividade": "3012 - PROJETOS DE TRANSPORTE E MOBILIDADE ORIUNDOS DE RECURSOS DE DESESTATIZAÇÕES E PARCERIAS", "Sub Elemento Despesa": "Manutenção e Conservação de Bens Imóveis", "Item Despesa": "Manutenção e Reformas de Bens Imóveis", "Observação Empenho": "Ata de Registros de Preços  Nº 07/SMPR/COGEL/2017 - AGRUPAMENTO VIII - serviços de conservação e manutenção da malha viária.", "Contrato": "21713/2019", "Credor Nome": "FREMIX PAVIMENTAÇÃO E CONTRUÇÕES LTDA.", "Valor Empenho": 3993186.78, "Valor Empenho Cancelado": 3804188.99, "Valor Empenho Líquido": 3993186.78, "Valor Empenho Liquidado": 188997.79, "Valor Empenho Pago": 188997.79, "Equipamento 1": "Vias", "Equipamento 2": "Vias", "Endereço": "Av. Nordestina - Vila Nova Curuca, São Paulo - SP", "Região": "Leste", "Extensão (m)": "2000", "Trecho (Recap)": "Trecho entre Avenida Conego Manzi até Rua Cembira", "lon": -46.429359935611963, "lat": -23.51030603938478 }, "geometry": { "type": "Point", "coordinates": [ -46.429359935611963, -23.51030603938478 ] } },
{ "type": "Feature", "properties": { "Ano": 2019.0, "Nota Empenho": "83190/2019", "Nota Reserva": "55487/2019", "Ata CMDP": "13/06/2019", "Processo SEI": 6012201900055548.0, "Unidade": "SMSUB", "Função": "26 - TRANSPORTE", "Sub Função": "451 - INFRA-ESTRUTURA URBANA", "Programa": "3009 - MELHORIA DA MOBILIDADE URBANA UNIVERSAL", "Atividade": "3012 - PROJETOS DE TRANSPORTE E MOBILIDADE ORIUNDOS DE RECURSOS DE DESESTATIZAÇÕES E PARCERIAS", "Sub Elemento Despesa": "Manutenção e Conservação de Bens Imóveis", "Item Despesa": "Manutenção e Reformas de Bens Imóveis", "Observação Empenho": "Ata de Registros de Preços nº 12/SMPR/COGEL/2017 - AGRUPAMENTO IX - serviços de conservação e manutenção da malha viária.", "Contrato": "21232/2019", "Credor Nome": "JOFEGE PAVIMENTACAO E CONSTRUCAO LTDA", "Valor Empenho": 7780377.71, "Valor Empenho Cancelado": 1708927.66, "Valor Empenho Líquido": 7780377.71, "Valor Empenho Liquidado": 6071450.05, "Valor Empenho Pago": 6071450.05, "Equipamento 1": "Vias", "Equipamento 2": "Vias", "Endereço": "Estr. Itaquera Guaianazes - Jardim Helena, São Paulo - SP", "Região": "Leste", "Extensão (m)": "400", "Trecho (Recap)": "Trecho entre Rua Salvador Gianetti até Rua Luis Mateus", "lon": -46.420764728115046, "lat": -23.543042355966197 }, "geometry": { "type": "Point", "coordinates": [ -46.420764728115046, -23.543042355966197 ] } },
{ "type": "Feature", "properties": { "Ano": 2019.0, "Nota Empenho": "83190/2019", "Nota Reserva": "55487/2019", "Ata CMDP": "13/06/2019", "Processo SEI": 6012201900055548.0, "Unidade": "SMSUB", "Função": "26 - TRANSPORTE", "Sub Função": "451 - INFRA-ESTRUTURA URBANA", "Programa": "3009 - MELHORIA DA MOBILIDADE URBANA UNIVERSAL", "Atividade": "3012 - PROJETOS DE TRANSPORTE E MOBILIDADE ORIUNDOS DE RECURSOS DE DESESTATIZAÇÕES E PARCERIAS", "Sub Elemento Despesa": "Manutenção e Conservação de Bens Imóveis", "Item Despesa": "Manutenção e Reformas de Bens Imóveis", "Observação Empenho": "Ata de Registros de Preços nº 12/SMPR/COGEL/2017 - AGRUPAMENTO IX - serviços de conservação e manutenção da malha viária.", "Contrato": "21232/2019", "Credor Nome": "JOFEGE PAVIMENTACAO E CONSTRUCAO LTDA", "Valor Empenho": 0.0, "Valor Empenho Cancelado": 0.0, "Valor Empenho Líquido": 0.0, "Valor Empenho Liquidado": 0.0, "Valor Empenho Pago": 0.0, "Equipamento 1": "Vias", "Equipamento 2": "Vias", "Endereço": "Estr. Itaquera Guaianazes - Parada XV de Novembro, São Paulo - SP", "Região": "Leste", "Extensão (m)": "3000", "Trecho (Recap)": "Trecho entre Rua Luis Mateus até Rua Augusto Carlos Bauman", "lon": -46.444057582539365, "lat": -23.530407555280476 }, "geometry": { "type": "Point", "coordinates": [ -46.444057582539365, -23.530407555280476 ] } },
{ "type": "Feature", "properties": { "Ano": 2019.0, "Nota Empenho": "83190/2019", "Nota Reserva": "55487/2019", "Ata CMDP": "13/06/2019", "Processo SEI": 6012201900055548.0, "Unidade": "SMSUB", "Função": "26 - TRANSPORTE", "Sub Função": "451 - INFRA-ESTRUTURA URBANA", "Programa": "3009 - MELHORIA DA MOBILIDADE URBANA UNIVERSAL", "Atividade": "3012 - PROJETOS DE TRANSPORTE E MOBILIDADE ORIUNDOS DE RECURSOS DE DESESTATIZAÇÕES E PARCERIAS", "Sub Elemento Despesa": "Manutenção e Conservação de Bens Imóveis", "Item Despesa": "Manutenção e Reformas de Bens Imóveis", "Observação Empenho": "Ata de Registros de Preços nº 12/SMPR/COGEL/2017 - AGRUPAMENTO IX - serviços de conservação e manutenção da malha viária.", "Contrato": "21232/2019", "Credor Nome": "JOFEGE PAVIMENTACAO E CONSTRUCAO LTDA", "Valor Empenho": 0.0, "Valor Empenho Cancelado": 0.0, "Valor Empenho Líquido": 0.0, "Valor Empenho Liquidado": 0.0, "Valor Empenho Pago": 0.0, "Equipamento 1": "Vias", "Equipamento 2": "Vias", "Endereço": "Av. Nordestina - Guaianases, São Paulo - SP", "Região": "Leste", "Extensão (m)": "2200", "Trecho (Recap)": "Trecho entre Rua Gen. Americano até Rua Conego Antonio Manzi", "lon": -46.414359909115589, "lat": -23.539109756735865 }, "geometry": { "type": "Point", "coordinates": [ -46.414359909115589, -23.539109756735865 ] } },
{ "type": "Feature", "properties": { "Ano": 2019.0, "Nota Empenho": "83192/2019", "Nota Reserva": "55487/2019", "Ata CMDP": "13/06/2019", "Processo SEI": 6012201900055556.0, "Unidade": "SMSUB", "Função": "26 - TRANSPORTE", "Sub Função": "451 - INFRA-ESTRUTURA URBANA", "Programa": "3009 - MELHORIA DA MOBILIDADE URBANA UNIVERSAL", "Atividade": "3012 - PROJETOS DE TRANSPORTE E MOBILIDADE ORIUNDOS DE RECURSOS DE DESESTATIZAÇÕES E PARCERIAS", "Sub Elemento Despesa": "Manutenção e Conservação de Bens Imóveis", "Item Despesa": "Manutenção e Reformas de Bens Imóveis", "Observação Empenho": "Ata de Registros de Preços 17/SMPR/COGEL/2017 - AGRUPAMENTO X ,serviços de conservação e manutenção da malha viária, visando a melhoria do pavimento, incluindo drenagem, reciclagem de materiais provenientes de resíduos sólidos da construção civil.", "Contrato": "21235/2019", "Credor Nome": "SOUZA COMPEC ENGENHARIA E CONSTRUÇÕES LTDA", "Valor Empenho": 7751056.02, "Valor Empenho Cancelado": 4488996.85, "Valor Empenho Líquido": 7751056.02, "Valor Empenho Liquidado": 3262059.17, "Valor Empenho Pago": 3262059.17, "Equipamento 1": "Vias", "Equipamento 2": "Vias", "Endereço": "Av. Luiz Ignácio De Anhaia Mello (Trecho 4) entre a Rua Francisco Fett (Estação São Lucas) até R. Visconde de Goiana.", "Região": "Leste", "Extensão (m)": "2160", "Trecho (Recap)": "Trecho entre Rua Francisco Fett (Estação São Lucas) até R. Visconde de Goiana.", "lon": -46.544901811774366, "lat": -23.588705560361348 }, "geometry": { "type": "Point", "coordinates": [ -46.544901811774366, -23.588705560361348 ] } },
{ "type": "Feature", "properties": { "Ano": 2019.0, "Nota Empenho": "83198/2019", "Nota Reserva": "55487/2019", "Ata CMDP": "13/06/2019", "Processo SEI": 6012201900055564.0, "Unidade": "SMSUB", "Função": "26 - TRANSPORTE", "Sub Função": "451 - INFRA-ESTRUTURA URBANA", "Programa": "3009 - MELHORIA DA MOBILIDADE URBANA UNIVERSAL", "Atividade": "3012 - PROJETOS DE TRANSPORTE E MOBILIDADE ORIUNDOS DE RECURSOS DE DESESTATIZAÇÕES E PARCERIAS", "Sub Elemento Despesa": "Manutenção e Conservação de Bens Imóveis", "Item Despesa": "Manutenção e Reformas de Bens Imóveis", "Observação Empenho": " Ata de Registros de Preços  nº 13/SMPR/COGEL/2017 - AGRUPAMENTO XI -  serviços de conservação e manutenção da malha viária.", "Contrato": "21712/2019", "Credor Nome": "SOEBE CONSTRUÇÃO E PAVIMENTAÇÃO SA", "Valor Empenho": 7926871.21, "Valor Empenho Cancelado": 0.0, "Valor Empenho Líquido": 7926871.21, "Valor Empenho Liquidado": 7926871.21, "Valor Empenho Pago": 7926871.21, "Equipamento 1": "Vias", "Equipamento 2": "Vias", "Endereço": "Av. dos Metalúrgicos - Guaianases, São Paulo - SP", "Região": "Leste", "Extensão (m)": "3210", "Trecho (Recap)": "Trecho entre Rua José de Araújo Plácido até Avenida Souza Ramos", "lon": -46.409165578128473, "lat": -23.583450017974013 }, "geometry": { "type": "Point", "coordinates": [ -46.409165578128473, -23.583450017974013 ] } },
{ "type": "Feature", "properties": { "Ano": 2019.0, "Nota Empenho": "84006/2019", "Nota Reserva": "55487/2019", "Ata CMDP": "13/06/2019", "Processo SEI": 6012201900022950.0, "Unidade": "SMSUB", "Função": "26 - TRANSPORTE", "Sub Função": "451 - INFRA-ESTRUTURA URBANA", "Programa": "3009 - MELHORIA DA MOBILIDADE URBANA UNIVERSAL", "Atividade": "3012 - PROJETOS DE TRANSPORTE E MOBILIDADE ORIUNDOS DE RECURSOS DE DESESTATIZAÇÕES E PARCERIAS", "Sub Elemento Despesa": "Manutenção e Conservação de Bens Imóveis", "Item Despesa": "Manutenção e Reformas de Bens Imóveis", "Observação Empenho": "Serviços de conservação e manutenção da malha viária", "Contrato": "21962/2019", "Credor Nome": "SOEBE CONSTRUÇÃO E PAVIMENTAÇÃO SA", "Valor Empenho": 8779520.68, "Valor Empenho Cancelado": 2416175.06, "Valor Empenho Líquido": 8779520.68, "Valor Empenho Liquidado": 6363345.62, "Valor Empenho Pago": 6363345.62, "Equipamento 1": "Vias", "Equipamento 2": "Vias", "Endereço": "Av. Aricanduva - Parque Savoi City, São Paulo - SP", "Região": "Leste", "Extensão (m)": "3700", "Trecho (Recap)": "Trecho entre Rua Afonso Sampaio Souza até Rua André de Almeida", "lon": -46.490559859527153, "lat": -23.581959265327519 }, "geometry": { "type": "Point", "coordinates": [ -46.490559859527153, -23.581959265327519 ] } },
{ "type": "Feature", "properties": { "Ano": 2019.0, "Nota Empenho": "84006/2019", "Nota Reserva": "55487/2019", "Ata CMDP": "13/06/2019", "Processo SEI": 6012201900022950.0, "Unidade": "SMSUB", "Função": "26 - TRANSPORTE", "Sub Função": "451 - INFRA-ESTRUTURA URBANA", "Programa": "3009 - MELHORIA DA MOBILIDADE URBANA UNIVERSAL", "Atividade": "3012 - PROJETOS DE TRANSPORTE E MOBILIDADE ORIUNDOS DE RECURSOS DE DESESTATIZAÇÕES E PARCERIAS", "Sub Elemento Despesa": "Manutenção e Conservação de Bens Imóveis", "Item Despesa": "Manutenção e Reformas de Bens Imóveis", "Observação Empenho": "Serviços de conservação e manutenção da malha viária", "Contrato": "21962/2019", "Credor Nome": "SOEBE CONSTRUÇÃO E PAVIMENTAÇÃO SA", "Valor Empenho": 0.0, "Valor Empenho Cancelado": 0.0, "Valor Empenho Líquido": 0.0, "Valor Empenho Liquidado": 0.0, "Valor Empenho Pago": 0.0, "Equipamento 1": "Vias", "Equipamento 2": "Vias", "Endereço": "Tv. Somos Todos Iguais - Jardim da Conquista, São Paulo - SP", "Região": "Leste", "Extensão (m)": "1010", "Trecho (Recap)": "Trecho entre Travessa Sinhá Moça e Travessa Vereda Tropical", "lon": -46.450277914436199, "lat": -23.608209610136907 }, "geometry": { "type": "Point", "coordinates": [ -46.450277914436199, -23.608209610136907 ] } },
{ "type": "Feature", "properties": { "Ano": 2019.0, "Nota Empenho": "85581/2019", "Nota Reserva": "55487/2019", "Ata CMDP": "13/06/2019", "Processo SEI": 6012201900060282.0, "Unidade": "SMSUB", "Função": "26 - TRANSPORTE", "Sub Função": "451 - INFRA-ESTRUTURA URBANA", "Programa": "3009 - MELHORIA DA MOBILIDADE URBANA UNIVERSAL", "Atividade": "3012 - PROJETOS DE TRANSPORTE E MOBILIDADE ORIUNDOS DE RECURSOS DE DESESTATIZAÇÕES E PARCERIAS", "Sub Elemento Despesa": "Manutenção e Conservação de Bens Imóveis", "Item Despesa": "Manutenção e Reformas de Bens Imóveis", "Observação Empenho": "RP 10/SMPR/COGEL/2017 - AGRUP.V- serviços de conservação e manutenção da malha viária,melhoria do pavimento, drenagem, reciclagem, demais serviços nas vias:Av. Guilherme Dumont Villares – entre a Rua Mal. Hastimphilo de Moura até a Av. Giovanni Grochi.", "Contrato": "22179/2019", "Credor Nome": "CONSTRUÇÕES ENGENHARIA E PAVIMENTAÇÃO ENPAVI LTDA", "Valor Empenho": 3606725.99, "Valor Empenho Cancelado": 3494283.75, "Valor Empenho Líquido": 3606725.99, "Valor Empenho Liquidado": 112442.24, "Valor Empenho Pago": 112442.24, "Equipamento 1": "Vias", "Equipamento 2": "Vias", "Endereço": "Av. Dr. Guilherme Dumont Vilares - Jardim Londrina, São Paulo - SP", "Região": "Sul", "Extensão (m)": "1600", "Trecho (Recap)": "Trecho entre Rua Mal. Hastimphilo de Moura até Av. Giovanni Grochi", "lon": -46.740881879441041, "lat": -23.615032611562864 }, "geometry": { "type": "Point", "coordinates": [ -46.740881879441041, -23.615032611562864 ] } },
{ "type": "Feature", "properties": { "Ano": 2019.0, "Nota Empenho": "85636/2019", "Nota Reserva": "55487/2019", "Ata CMDP": "13/06/2019", "Processo SEI": 6012201900060401.0, "Unidade": "SMSUB", "Função": "26 - TRANSPORTE", "Sub Função": "451 - INFRA-ESTRUTURA URBANA", "Programa": "3009 - MELHORIA DA MOBILIDADE URBANA UNIVERSAL", "Atividade": "3012 - PROJETOS DE TRANSPORTE E MOBILIDADE ORIUNDOS DE RECURSOS DE DESESTATIZAÇÕES E PARCERIAS", "Sub Elemento Despesa": "Manutenção e Conservação de Bens Imóveis", "Item Despesa": "Manutenção e Reformas de Bens Imóveis", "Observação Empenho": "RP. 16/SMPR/COGEL/2017 - AGRUPAMENTO VII - os serviços de conservação e manutenção da malha viária,  melhoria do pavimento,  drenagem, reciclagem e demais serviços pertinentes na Rua Aiama", "Contrato": "22183/2019", "Credor Nome": "JOFEGE PAVIMENTACAO E CONSTRUCAO LTDA", "Valor Empenho": 587484.18, "Valor Empenho Cancelado": 185393.45, "Valor Empenho Líquido": 587484.18, "Valor Empenho Liquidado": 402090.73, "Valor Empenho Pago": 402090.73, "Equipamento 1": "Vias", "Equipamento 2": "Vias", "Endereço": "R. Aiamá - Tatuapé, São Paulo - SP", "Região": "Leste", "Extensão (m)": "400", "Trecho (Recap)": "Trecho entre Rua Melo Peixota até Avenida Aricanduva", "lon": -46.553681300832373, "lat": -23.531595971892013 }, "geometry": { "type": "Point", "coordinates": [ -46.553681300832373, -23.531595971892013 ] } },
{ "type": "Feature", "properties": { "Ano": 2020.0, "Nota Empenho": "100382/2020", "Nota Reserva": "67037/2020", "Ata CMDP": "26/08/2020", "Processo SEI": 6020201700017751.0, "Unidade": "SMT", "Função": "15 - URBANISMO", "Sub Função": "451 - INFRA-ESTRUTURA URBANA", "Programa": "3009 - MELHORIA DA MOBILIDADE URBANA UNIVERSAL", "Atividade": "5417 - PROJETOS DE MOBILIDADE URBANA ORIUNDOS DE RECURSOS DE DESESTATIZAÇÕES E PARCERIAS", "Sub Elemento Despesa": "Obras em Andamento - Uso Comum do Povo", "Item Despesa": "Sistemas Viários", "Observação Empenho": "CONVÊNIO 01/2017 - SMT/SPTRANS", "Contrato": "26735/2017", "Credor Nome": "SAO PAULO TRANSPORTE SA", "Valor Empenho": 10000000.0, "Valor Empenho Cancelado": 0.0, "Valor Empenho Líquido": 10000000.0, "Valor Empenho Liquidado": 10000000.0, "Valor Empenho Pago": 10000000.0, "Equipamento 1": "Vias", "Equipamento 2": "Corredor de Ônibus Leste - Itaquera", "Endereço": "Av. Itaquera - Parque Maria Luiza, São Paulo - SP", "Região": "Leste", "Extensão (m)": null, "Trecho (Recap)": "Trecho entre Avenida Itaquera entre a Avenida Aricanduva e a Praça Francisco Daniel Lopes;", "lon": -46.503349836923483, "lat": -23.549243526819641 }, "geometry": { "type": "Point", "coordinates": [ -46.503349836923483, -23.549243526819641 ] } },
{ "type": "Feature", "properties": { "Ano": 2020.0, "Nota Empenho": "100382/2020", "Nota Reserva": "67037/2020", "Ata CMDP": "26/08/2020", "Processo SEI": 6020201700017751.0, "Unidade": "SMT", "Função": "15 - URBANISMO", "Sub Função": "451 - INFRA-ESTRUTURA URBANA", "Programa": "3009 - MELHORIA DA MOBILIDADE URBANA UNIVERSAL", "Atividade": "5417 - PROJETOS DE MOBILIDADE URBANA ORIUNDOS DE RECURSOS DE DESESTATIZAÇÕES E PARCERIAS", "Sub Elemento Despesa": "Obras em Andamento - Uso Comum do Povo", "Item Despesa": "Sistemas Viários", "Observação Empenho": "CONVÊNIO 01/2017 - SMT/SPTRANS", "Contrato": "26735/2017", "Credor Nome": "SAO PAULO TRANSPORTE SA", "Valor Empenho": 0.0, "Valor Empenho Cancelado": 0.0, "Valor Empenho Líquido": 0.0, "Valor Empenho Liquidado": 0.0, "Valor Empenho Pago": 0.0, "Equipamento 1": "Vias", "Equipamento 2": "Corredor de Ônibus Leste - Itaquera", "Endereço": "Av. Líder - Cidade Líder, São Paulo - SP", "Região": "Leste", "Extensão (m)": null, "Trecho (Recap)": "Trecho entre Avenida Líder entre a Praça Francisco Daniel Lopes e a Avenida Itaquera", "lon": -46.475356138444262, "lat": -23.556848026391997 }, "geometry": { "type": "Point", "coordinates": [ -46.475356138444262, -23.556848026391997 ] } },
{ "type": "Feature", "properties": { "Ano": 2020.0, "Nota Empenho": "102212/2020", "Nota Reserva": "63238/2020", "Ata CMDP": "26/08/2020", "Processo SEI": 6020202000123832.0, "Unidade": "SMT", "Função": "15 - URBANISMO", "Sub Função": "451 - INFRA-ESTRUTURA URBANA", "Programa": "3009 - MELHORIA DA MOBILIDADE URBANA UNIVERSAL", "Atividade": "5417 - PROJETOS DE MOBILIDADE URBANA ORIUNDOS DE RECURSOS DE DESESTATIZAÇÕES E PARCERIAS", "Sub Elemento Despesa": "Manutenção e Conservação de Bens Imóveis", "Item Despesa": "Manutenção e Reformas de Bens Imóveis", "Observação Empenho": "Serviços de manutenção do Sistema Cicloviário da Cidade de São Paulo – LOTE 1", "Contrato": "27111/2020", "Credor Nome": "B & B ENGENHARIA E CONSTRUCOES LTDA", "Valor Empenho": 2294014.74, "Valor Empenho Cancelado": 2294014.74, "Valor Empenho Líquido": 0.0, "Valor Empenho Liquidado": 0.0, "Valor Empenho Pago": 0.0, "Equipamento 1": "Ciclovias", "Equipamento 2": "Ciclovia Eliseu de Almeida", "Endereço": "R. Camargo - Butantã, São Paulo - SP", "Região": "Oeste", "Extensão (m)": "2363", "Trecho (Recap)": "Trecho entre Rua Camargo, Avenida Caxingui e Avenida Eliseu de Almeida", "lon": -46.711956059305273, "lat": -23.574648319577548 }, "geometry": { "type": "Point", "coordinates": [ -46.711956059305273, -23.574648319577548 ] } },
{ "type": "Feature", "properties": { "Ano": 2020.0, "Nota Empenho": "102212/2020", "Nota Reserva": "63238/2020", "Ata CMDP": "26/08/2020", "Processo SEI": 6020202000123832.0, "Unidade": "SMT", "Função": "15 - URBANISMO", "Sub Função": "451 - INFRA-ESTRUTURA URBANA", "Programa": "3009 - MELHORIA DA MOBILIDADE URBANA UNIVERSAL", "Atividade": "5417 - PROJETOS DE MOBILIDADE URBANA ORIUNDOS DE RECURSOS DE DESESTATIZAÇÕES E PARCERIAS", "Sub Elemento Despesa": "Manutenção e Conservação de Bens Imóveis", "Item Despesa": "Manutenção e Reformas de Bens Imóveis", "Observação Empenho": "Serviços de manutenção do Sistema Cicloviário da Cidade de São Paulo – LOTE 1", "Contrato": "27111/2020", "Credor Nome": "B & B ENGENHARIA E CONSTRUCOES LTDA", "Valor Empenho": 0.0, "Valor Empenho Cancelado": 0.0, "Valor Empenho Líquido": 0.0, "Valor Empenho Liquidado": 0.0, "Valor Empenho Pago": 0.0, "Equipamento 1": "Ciclovias", "Equipamento 2": "Ciclovia Teotonio Vilela", "Endereço": "Av. Pirajussara - Instituto de Previdencia, São Paulo - SP", "Região": "Oeste", "Extensão (m)": "2613", "Trecho (Recap)": "Trecho entre Avenida Pirajussara e Avenida Eliseu Almeida", "lon": -46.739594295211887, "lat": -23.591986313627689 }, "geometry": { "type": "Point", "coordinates": [ -46.739594295211887, -23.591986313627689 ] } },
{ "type": "Feature", "properties": { "Ano": 2020.0, "Nota Empenho": "102212/2020", "Nota Reserva": "63238/2020", "Ata CMDP": "26/08/2020", "Processo SEI": 6020202000123832.0, "Unidade": "SMT", "Função": "15 - URBANISMO", "Sub Função": "451 - INFRA-ESTRUTURA URBANA", "Programa": "3009 - MELHORIA DA MOBILIDADE URBANA UNIVERSAL", "Atividade": "5417 - PROJETOS DE MOBILIDADE URBANA ORIUNDOS DE RECURSOS DE DESESTATIZAÇÕES E PARCERIAS", "Sub Elemento Despesa": "Manutenção e Conservação de Bens Imóveis", "Item Despesa": "Manutenção e Reformas de Bens Imóveis", "Observação Empenho": "Serviços de manutenção do Sistema Cicloviário da Cidade de São Paulo – LOTE 1", "Contrato": "27111/2020", "Credor Nome": "B & B ENGENHARIA E CONSTRUCOES LTDA", "Valor Empenho": 0.0, "Valor Empenho Cancelado": 0.0, "Valor Empenho Líquido": 0.0, "Valor Empenho Liquidado": 0.0, "Valor Empenho Pago": 0.0, "Equipamento 1": "Ciclovias", "Equipamento 2": "Ciclovia Teotonio Vilela", "Endereço": "Av. Sen. Teotônio Vilela - Cidade Dutra, São Paulo - SP", "Região": "Sul", "Extensão (m)": "1481", "Trecho (Recap)": "Trecho Av Senador Teotonio Vilela", "lon": -46.700266231772758, "lat": -23.707064808555899 }, "geometry": { "type": "Point", "coordinates": [ -46.700266231772758, -23.707064808555899 ] } },
{ "type": "Feature", "properties": { "Ano": 2020.0, "Nota Empenho": "102212/2020", "Nota Reserva": "63238/2020", "Ata CMDP": "26/08/2020", "Processo SEI": 6020202000123832.0, "Unidade": "SMT", "Função": "15 - URBANISMO", "Sub Função": "451 - INFRA-ESTRUTURA URBANA", "Programa": "3009 - MELHORIA DA MOBILIDADE URBANA UNIVERSAL", "Atividade": "5417 - PROJETOS DE MOBILIDADE URBANA ORIUNDOS DE RECURSOS DE DESESTATIZAÇÕES E PARCERIAS", "Sub Elemento Despesa": "Manutenção e Conservação de Bens Imóveis", "Item Despesa": "Manutenção e Reformas de Bens Imóveis", "Observação Empenho": "Serviços de manutenção do Sistema Cicloviário da Cidade de São Paulo – LOTE 1", "Contrato": "27111/2020", "Credor Nome": "B & B ENGENHARIA E CONSTRUCOES LTDA", "Valor Empenho": 0.0, "Valor Empenho Cancelado": 0.0, "Valor Empenho Líquido": 0.0, "Valor Empenho Liquidado": 0.0, "Valor Empenho Pago": 0.0, "Equipamento 1": "Ciclovias", "Equipamento 2": "Ciclovia Butantã", "Endereço": "Av. Afrânio Peixoto - Butantã, São Paulo - SP", "Região": "Oeste", "Extensão (m)": "270", "Trecho (Recap)": "Trecho Av Afrânio Peixoto", "lon": -46.711353629262547, "lat": -23.565711445386619 }, "geometry": { "type": "Point", "coordinates": [ -46.711353629262547, -23.565711445386619 ] } },
{ "type": "Feature", "properties": { "Ano": 2020.0, "Nota Empenho": "102212/2020", "Nota Reserva": "63238/2020", "Ata CMDP": "26/08/2020", "Processo SEI": 6020202000123832.0, "Unidade": "SMT", "Função": "15 - URBANISMO", "Sub Função": "451 - INFRA-ESTRUTURA URBANA", "Programa": "3009 - MELHORIA DA MOBILIDADE URBANA UNIVERSAL", "Atividade": "5417 - PROJETOS DE MOBILIDADE URBANA ORIUNDOS DE RECURSOS DE DESESTATIZAÇÕES E PARCERIAS", "Sub Elemento Despesa": "Manutenção e Conservação de Bens Imóveis", "Item Despesa": "Manutenção e Reformas de Bens Imóveis", "Observação Empenho": "Serviços de manutenção do Sistema Cicloviário da Cidade de São Paulo – LOTE 1", "Contrato": "27111/2020", "Credor Nome": "B & B ENGENHARIA E CONSTRUCOES LTDA", "Valor Empenho": 0.0, "Valor Empenho Cancelado": 0.0, "Valor Empenho Líquido": 0.0, "Valor Empenho Liquidado": 0.0, "Valor Empenho Pago": 0.0, "Equipamento 1": "Ciclovias", "Equipamento 2": "Ciclovia Jorge João Saad", "Endereço": "Av. Jorge João Saad - Butantã, São Paulo - SP", "Região": "Oeste", "Extensão (m)": "2323", "Trecho (Recap)": "Trecho entre Avenida Jorge João Saad e Avenida Jacob Salvador Zveibil", "lon": -46.724403656034681, "lat": -23.58663737369189 }, "geometry": { "type": "Point", "coordinates": [ -46.724403656034681, -23.58663737369189 ] } },
{ "type": "Feature", "properties": { "Ano": 2020.0, "Nota Empenho": "102215/2020", "Nota Reserva": "63238/2020", "Ata CMDP": "26/08/2020", "Processo SEI": 6020202000123832.0, "Unidade": "SMT", "Função": "15 - URBANISMO", "Sub Função": "451 - INFRA-ESTRUTURA URBANA", "Programa": "3009 - MELHORIA DA MOBILIDADE URBANA UNIVERSAL", "Atividade": "5417 - PROJETOS DE MOBILIDADE URBANA ORIUNDOS DE RECURSOS DE DESESTATIZAÇÕES E PARCERIAS", "Sub Elemento Despesa": "Manutenção e Conservação de Bens Imóveis", "Item Despesa": "Manutenção e Reformas de Bens Imóveis", "Observação Empenho": " Serviços de manutenção do Sistema Cicloviário da Cidade de São Paulo – LOTE 1", "Contrato": "27111/2020", "Credor Nome": "B & B ENGENHARIA E CONSTRUCOES LTDA", "Valor Empenho": 2179314.0, "Valor Empenho Cancelado": 1552543.36, "Valor Empenho Líquido": 2179314.0, "Valor Empenho Liquidado": 626770.64, "Valor Empenho Pago": 626770.64, "Equipamento 1": "Ciclovias", "Equipamento 2": "Ciclovia Eliseu de Almeida", "Endereço": "R. Camargo - Butantã, São Paulo - SP", "Região": "Oeste", "Extensão (m)": "0", "Trecho (Recap)": "Trecho entre Rua Camargo, Avenida Caxingui e Avenida Eliseu de Almeida", "lon": -46.711956059305273, "lat": -23.574648319577548 }, "geometry": { "type": "Point", "coordinates": [ -46.711956059305273, -23.574648319577548 ] } },
{ "type": "Feature", "properties": { "Ano": 2020.0, "Nota Empenho": "102985/2020", "Nota Reserva": "63238/2020", "Ata CMDP": "26/08/2020", "Processo SEI": 6020202000114973.0, "Unidade": "SMT", "Função": "15 - URBANISMO", "Sub Função": "451 - INFRA-ESTRUTURA URBANA", "Programa": "3009 - MELHORIA DA MOBILIDADE URBANA UNIVERSAL", "Atividade": "5417 - PROJETOS DE MOBILIDADE URBANA ORIUNDOS DE RECURSOS DE DESESTATIZAÇÕES E PARCERIAS", "Sub Elemento Despesa": "Manutenção e Conservação de Bens Imóveis", "Item Despesa": "Manutenção e Reformas de Bens Imóveis", "Observação Empenho": "Serviços de manutenção do Sistema Cicloviário da Cidade de São Paulo – LOTE 5", "Contrato": "24548/2020", "Credor Nome": "BELLACON CONSTRUTORA E INCORPORADORA LTDA", "Valor Empenho": 246485.59, "Valor Empenho Cancelado": 1549.8, "Valor Empenho Líquido": 246485.59, "Valor Empenho Liquidado": 244935.79, "Valor Empenho Pago": 244935.79, "Equipamento 1": "Ciclovias", "Equipamento 2": "Ciclovia Abel Tavares", "Endereço": "R. Abel Tavares - Jardim Belem, São Paulo - SP", "Região": "Norte", "Extensão (m)": "1290", "Trecho (Recap)": "Trecho Rua Abel Tavares", "lon": -46.470292337399584, "lat": -23.493797264779115 }, "geometry": { "type": "Point", "coordinates": [ -46.470292337399584, -23.493797264779115 ] } },
{ "type": "Feature", "properties": { "Ano": 2020.0, "Nota Empenho": "102985/2020", "Nota Reserva": "63238/2020", "Ata CMDP": "26/08/2020", "Processo SEI": 6020202000114973.0, "Unidade": "SMT", "Função": "15 - URBANISMO", "Sub Função": "451 - INFRA-ESTRUTURA URBANA", "Programa": "3009 - MELHORIA DA MOBILIDADE URBANA UNIVERSAL", "Atividade": "5417 - PROJETOS DE MOBILIDADE URBANA ORIUNDOS DE RECURSOS DE DESESTATIZAÇÕES E PARCERIAS", "Sub Elemento Despesa": "Manutenção e Conservação de Bens Imóveis", "Item Despesa": "Manutenção e Reformas de Bens Imóveis", "Observação Empenho": "Serviços de manutenção do Sistema Cicloviário da Cidade de São Paulo – LOTE 5", "Contrato": "24548/2020", "Credor Nome": "BELLACON CONSTRUTORA E INCORPORADORA LTDA", "Valor Empenho": 0.0, "Valor Empenho Cancelado": 0.0, "Valor Empenho Líquido": 0.0, "Valor Empenho Liquidado": 0.0, "Valor Empenho Pago": 0.0, "Equipamento 1": "Ciclovias", "Equipamento 2": "Ciclovia Olavo Fontoura", "Endereço": "Av. Olavo Fontoura - Santana, São Paulo - SP", "Região": "Norte", "Extensão (m)": "1300", "Trecho (Recap)": "Trecho Avenida Olavo Fontoura", "lon": -46.641533856778743, "lat": -23.51505375158656 }, "geometry": { "type": "Point", "coordinates": [ -46.641533856778743, -23.51505375158656 ] } },
{ "type": "Feature", "properties": { "Ano": 2020.0, "Nota Empenho": "102985/2020", "Nota Reserva": "63238/2020", "Ata CMDP": "26/08/2020", "Processo SEI": 6020202000114973.0, "Unidade": "SMT", "Função": "15 - URBANISMO", "Sub Função": "451 - INFRA-ESTRUTURA URBANA", "Programa": "3009 - MELHORIA DA MOBILIDADE URBANA UNIVERSAL", "Atividade": "5417 - PROJETOS DE MOBILIDADE URBANA ORIUNDOS DE RECURSOS DE DESESTATIZAÇÕES E PARCERIAS", "Sub Elemento Despesa": "Manutenção e Conservação de Bens Imóveis", "Item Despesa": "Manutenção e Reformas de Bens Imóveis", "Observação Empenho": "Serviços de manutenção do Sistema Cicloviário da Cidade de São Paulo – LOTE 5", "Contrato": "24548/2020", "Credor Nome": "BELLACON CONSTRUTORA E INCORPORADORA LTDA", "Valor Empenho": 0.0, "Valor Empenho Cancelado": 0.0, "Valor Empenho Líquido": 0.0, "Valor Empenho Liquidado": 0.0, "Valor Empenho Pago": 0.0, "Equipamento 1": "Ciclovias", "Equipamento 2": "Ciclovia Joaquim Ramalho", "Endereço": "Praça Stélio Machado Loureiro - Vila Guilherme, São Paulo - SP", "Região": "Norte", "Extensão (m)": "340", "Trecho (Recap)": "Trecho Praça Stélio Machado", "lon": -46.608970988669057, "lat": -23.517352410622287 }, "geometry": { "type": "Point", "coordinates": [ -46.608970988669057, -23.517352410622287 ] } },
{ "type": "Feature", "properties": { "Ano": 2020.0, "Nota Empenho": "102985/2020", "Nota Reserva": "63238/2020", "Ata CMDP": "26/08/2020", "Processo SEI": 6020202000114973.0, "Unidade": "SMT", "Função": "15 - URBANISMO", "Sub Função": "451 - INFRA-ESTRUTURA URBANA", "Programa": "3009 - MELHORIA DA MOBILIDADE URBANA UNIVERSAL", "Atividade": "5417 - PROJETOS DE MOBILIDADE URBANA ORIUNDOS DE RECURSOS DE DESESTATIZAÇÕES E PARCERIAS", "Sub Elemento Despesa": "Manutenção e Conservação de Bens Imóveis", "Item Despesa": "Manutenção e Reformas de Bens Imóveis", "Observação Empenho": "Serviços de manutenção do Sistema Cicloviário da Cidade de São Paulo – LOTE 5", "Contrato": "24548/2020", "Credor Nome": "BELLACON CONSTRUTORA E INCORPORADORA LTDA", "Valor Empenho": 0.0, "Valor Empenho Cancelado": 0.0, "Valor Empenho Líquido": 0.0, "Valor Empenho Liquidado": 0.0, "Valor Empenho Pago": 0.0, "Equipamento 1": "Ciclovias", "Equipamento 2": "Ciclovia Eng. Caetano Álvares", "Endereço": "Av. Eng. Caetano Álvares - Limão, São Paulo - SP", "Região": "Norte", "Extensão (m)": "670", "Trecho (Recap)": "Trecho Avenida Eng Caetano Álvares", "lon": -46.649953445977388, "lat": -23.488528880015043 }, "geometry": { "type": "Point", "coordinates": [ -46.649953445977388, -23.488528880015043 ] } },
{ "type": "Feature", "properties": { "Ano": 2020.0, "Nota Empenho": "102985/2020", "Nota Reserva": "63238/2020", "Ata CMDP": "26/08/2020", "Processo SEI": 6020202000114973.0, "Unidade": "SMT", "Função": "15 - URBANISMO", "Sub Função": "451 - INFRA-ESTRUTURA URBANA", "Programa": "3009 - MELHORIA DA MOBILIDADE URBANA UNIVERSAL", "Atividade": "5417 - PROJETOS DE MOBILIDADE URBANA ORIUNDOS DE RECURSOS DE DESESTATIZAÇÕES E PARCERIAS", "Sub Elemento Despesa": "Manutenção e Conservação de Bens Imóveis", "Item Despesa": "Manutenção e Reformas de Bens Imóveis", "Observação Empenho": "Serviços de manutenção do Sistema Cicloviário da Cidade de São Paulo – LOTE 5", "Contrato": "24548/2020", "Credor Nome": "BELLACON CONSTRUTORA E INCORPORADORA LTDA", "Valor Empenho": 0.0, "Valor Empenho Cancelado": 0.0, "Valor Empenho Líquido": 0.0, "Valor Empenho Liquidado": 0.0, "Valor Empenho Pago": 0.0, "Equipamento 1": "Ciclovias", "Equipamento 2": "Ciclovia Fuad Lutfalla", "Endereço": "Av. Fuad Lutfalla - Vila Maria Trindade, São Paulo - SP", "Região": "Norte", "Extensão (m)": "300", "Trecho (Recap)": "Trecho Avenida Fuad Lutfalla", "lon": -46.708226735617437, "lat": -23.481711554931969 }, "geometry": { "type": "Point", "coordinates": [ -46.708226735617437, -23.481711554931969 ] } },
{ "type": "Feature", "properties": { "Ano": 2020.0, "Nota Empenho": "102985/2020", "Nota Reserva": "63238/2020", "Ata CMDP": "26/08/2020", "Processo SEI": 6020202000114973.0, "Unidade": "SMT", "Função": "15 - URBANISMO", "Sub Função": "451 - INFRA-ESTRUTURA URBANA", "Programa": "3009 - MELHORIA DA MOBILIDADE URBANA UNIVERSAL", "Atividade": "5417 - PROJETOS DE MOBILIDADE URBANA ORIUNDOS DE RECURSOS DE DESESTATIZAÇÕES E PARCERIAS", "Sub Elemento Despesa": "Manutenção e Conservação de Bens Imóveis", "Item Despesa": "Manutenção e Reformas de Bens Imóveis", "Observação Empenho": "Serviços de manutenção do Sistema Cicloviário da Cidade de São Paulo – LOTE 5", "Contrato": "24548/2020", "Credor Nome": "BELLACON CONSTRUTORA E INCORPORADORA LTDA", "Valor Empenho": 0.0, "Valor Empenho Cancelado": 0.0, "Valor Empenho Líquido": 0.0, "Valor Empenho Liquidado": 0.0, "Valor Empenho Pago": 0.0, "Equipamento 1": "Ciclovias", "Equipamento 2": "Ciclovia Santos Dumont", "Endereço": "Av. Santos Dumont - Luz, São Paulo - SP", "Região": "Norte", "Extensão (m)": "520", "Trecho (Recap)": "Trecho Avenida Santos Dumont", "lon": -46.629909540843201, "lat": -23.516710680783 }, "geometry": { "type": "Point", "coordinates": [ -46.629909540843201, -23.516710680783 ] } },
{ "type": "Feature", "properties": { "Ano": 2020.0, "Nota Empenho": "102985/2020", "Nota Reserva": "63238/2020", "Ata CMDP": "26/08/2020", "Processo SEI": 6020202000114973.0, "Unidade": "SMT", "Função": "15 - URBANISMO", "Sub Função": "451 - INFRA-ESTRUTURA URBANA", "Programa": "3009 - MELHORIA DA MOBILIDADE URBANA UNIVERSAL", "Atividade": "5417 - PROJETOS DE MOBILIDADE URBANA ORIUNDOS DE RECURSOS DE DESESTATIZAÇÕES E PARCERIAS", "Sub Elemento Despesa": "Manutenção e Conservação de Bens Imóveis", "Item Despesa": "Manutenção e Reformas de Bens Imóveis", "Observação Empenho": "Serviços de manutenção do Sistema Cicloviário da Cidade de São Paulo – LOTE 5", "Contrato": "24548/2020", "Credor Nome": "BELLACON CONSTRUTORA E INCORPORADORA LTDA", "Valor Empenho": 0.0, "Valor Empenho Cancelado": 0.0, "Valor Empenho Líquido": 0.0, "Valor Empenho Liquidado": 0.0, "Valor Empenho Pago": 0.0, "Equipamento 1": "Ciclovias", "Equipamento 2": "Ciclovia Inajar de Souza", "Endereço": "Av. Inajar de Souza - Limão, São Paulo - SP", "Região": "Norte", "Extensão (m)": "3220", "Trecho (Recap)": "Trecho Avenida Inajar de Souza", "lon": -46.672456825963145, "lat": -23.47662833949833 }, "geometry": { "type": "Point", "coordinates": [ -46.672456825963145, -23.47662833949833 ] } },
{ "type": "Feature", "properties": { "Ano": 2020.0, "Nota Empenho": "102985/2020", "Nota Reserva": "63238/2020", "Ata CMDP": "26/08/2020", "Processo SEI": 6020202000114973.0, "Unidade": "SMT", "Função": "15 - URBANISMO", "Sub Função": "451 - INFRA-ESTRUTURA URBANA", "Programa": "3009 - MELHORIA DA MOBILIDADE URBANA UNIVERSAL", "Atividade": "5417 - PROJETOS DE MOBILIDADE URBANA ORIUNDOS DE RECURSOS DE DESESTATIZAÇÕES E PARCERIAS", "Sub Elemento Despesa": "Manutenção e Conservação de Bens Imóveis", "Item Despesa": "Manutenção e Reformas de Bens Imóveis", "Observação Empenho": "Serviços de manutenção do Sistema Cicloviário da Cidade de São Paulo – LOTE 5", "Contrato": "24548/2020", "Credor Nome": "BELLACON CONSTRUTORA E INCORPORADORA LTDA", "Valor Empenho": 0.0, "Valor Empenho Cancelado": 0.0, "Valor Empenho Líquido": 0.0, "Valor Empenho Liquidado": 0.0, "Valor Empenho Pago": 0.0, "Equipamento 1": "Ciclovias", "Equipamento 2": "Ciclovia Sumaré", "Endereço": "Av. Sumaré, - Perdizes, São Paulo - SP", "Região": "Oeste", "Extensão (m)": "3200", "Trecho (Recap)": "Trecho Avenida Sumaré", "lon": -46.676311765453335, "lat": -23.541638460235511 }, "geometry": { "type": "Point", "coordinates": [ -46.676311765453335, -23.541638460235511 ] } },
{ "type": "Feature", "properties": { "Ano": 2020.0, "Nota Empenho": "57281/2020", "Nota Reserva": "36933/2020", "Ata CMDP": "30/06/2020", "Processo SEI": 6012202000098257.0, "Unidade": "SMSUB", "Função": "15 - URBANISMO", "Sub Função": "452 - SERVIÇOS URBANOS", "Programa": "3006 - DIREITOS DA PESSOA COM DEFICIÊNCIA", "Atividade": "1169 - REFORMA E ACESSIBILIDADE EM PASSEIOS PÚBLICOS - PROGRAMA DE METAS 2.C", "Sub Elemento Despesa": "Manutenção e Conservação de Bens Imóveis", "Item Despesa": "Manutenção e Reformas de Bens Imóveis", "Observação Empenho": "Ata de Registros de Preços  nº 47/SMSUB/COGEL/2019 – LOTE X, objetivando a prestação de serviços para a readequação e manutenção dos passeios públicos – “calçadas”", "Contrato": "11086/2020", "Credor Nome": "J L ENGENHARIA E CONSTRUCAO LTDA", "Valor Empenho": 4338411.88, "Valor Empenho Cancelado": 1949050.4, "Valor Empenho Líquido": 4338411.88, "Valor Empenho Liquidado": 2389361.48, "Valor Empenho Pago": 2389361.48, "Equipamento 1": "Calçadas", "Equipamento 2": "Calçadas", "Endereço": "Av. Cruzeiro do Sul - Santana, São Paulo - SP", "Região": "Norte", "Extensão (m)": null, "Trecho (Recap)": "Trecho entre Rua Alfares Magalhaes e Rua Conselheiro Saraiva", "lon": -46.624550086306549, "lat": -23.502020953901809 }, "geometry": { "type": "Point", "coordinates": [ -46.624550086306549, -23.502020953901809 ] } },
{ "type": "Feature", "properties": { "Ano": 2020.0, "Nota Empenho": "57281/2020", "Nota Reserva": "36933/2020", "Ata CMDP": "30/06/2020", "Processo SEI": 6012202000098257.0, "Unidade": "SMSUB", "Função": "15 - URBANISMO", "Sub Função": "452 - SERVIÇOS URBANOS", "Programa": "3006 - DIREITOS DA PESSOA COM DEFICIÊNCIA", "Atividade": "1169 - REFORMA E ACESSIBILIDADE EM PASSEIOS PÚBLICOS - PROGRAMA DE METAS 2.C", "Sub Elemento Despesa": "Manutenção e Conservação de Bens Imóveis", "Item Despesa": "Manutenção e Reformas de Bens Imóveis", "Observação Empenho": "Ata de Registros de Preços  nº 47/SMSUB/COGEL/2019 – LOTE X, objetivando a prestação de serviços para a readequação e manutenção dos passeios públicos – “calçadas”", "Contrato": "11086/2020", "Credor Nome": "J L ENGENHARIA E CONSTRUCAO LTDA", "Valor Empenho": 0.0, "Valor Empenho Cancelado": 0.0, "Valor Empenho Líquido": 0.0, "Valor Empenho Liquidado": 0.0, "Valor Empenho Pago": 0.0, "Equipamento 1": "Calçadas", "Equipamento 2": "Calçadas", "Endereço": "R. Voluntários da Pátria - Santana, São Paulo - SP", "Região": "Norte", "Extensão (m)": null, "Trecho (Recap)": "Trecho entre Rua Alferes Magalhães e Rua Nunes Garcia", "lon": -46.626136678610919, "lat": -23.501489721663443 }, "geometry": { "type": "Point", "coordinates": [ -46.626136678610919, -23.501489721663443 ] } },
{ "type": "Feature", "properties": { "Ano": 2020.0, "Nota Empenho": "57281/2020", "Nota Reserva": "36933/2020", "Ata CMDP": "30/06/2020", "Processo SEI": 6012202000098257.0, "Unidade": "SMSUB", "Função": "15 - URBANISMO", "Sub Função": "452 - SERVIÇOS URBANOS", "Programa": "3006 - DIREITOS DA PESSOA COM DEFICIÊNCIA", "Atividade": "1169 - REFORMA E ACESSIBILIDADE EM PASSEIOS PÚBLICOS - PROGRAMA DE METAS 2.C", "Sub Elemento Despesa": "Manutenção e Conservação de Bens Imóveis", "Item Despesa": "Manutenção e Reformas de Bens Imóveis", "Observação Empenho": "Ata de Registros de Preços  nº 47/SMSUB/COGEL/2019 – LOTE X, objetivando a prestação de serviços para a readequação e manutenção dos passeios públicos – “calçadas”", "Contrato": "11086/2020", "Credor Nome": "J L ENGENHARIA E CONSTRUCAO LTDA", "Valor Empenho": 0.0, "Valor Empenho Cancelado": 0.0, "Valor Empenho Líquido": 0.0, "Valor Empenho Liquidado": 0.0, "Valor Empenho Pago": 0.0, "Equipamento 1": "Calçadas", "Equipamento 2": "Calçadas", "Endereço": "R. Salete - Santana, São Paulo - SP", "Região": "Norte", "Extensão (m)": null, "Trecho (Recap)": "Trecho entre Rua Doutor Cesar e Rua Alfredo Pujol", "lon": -46.627231411269349, "lat": -23.501612822365072 }, "geometry": { "type": "Point", "coordinates": [ -46.627231411269349, -23.501612822365072 ] } },
{ "type": "Feature", "properties": { "Ano": 2020.0, "Nota Empenho": "57281/2020", "Nota Reserva": "36933/2020", "Ata CMDP": "30/06/2020", "Processo SEI": 6012202000098257.0, "Unidade": "SMSUB", "Função": "15 - URBANISMO", "Sub Função": "452 - SERVIÇOS URBANOS", "Programa": "3006 - DIREITOS DA PESSOA COM DEFICIÊNCIA", "Atividade": "1169 - REFORMA E ACESSIBILIDADE EM PASSEIOS PÚBLICOS - PROGRAMA DE METAS 2.C", "Sub Elemento Despesa": "Manutenção e Conservação de Bens Imóveis", "Item Despesa": "Manutenção e Reformas de Bens Imóveis", "Observação Empenho": "Ata de Registros de Preços  nº 47/SMSUB/COGEL/2019 – LOTE X, objetivando a prestação de serviços para a readequação e manutenção dos passeios públicos – “calçadas”", "Contrato": "11086/2020", "Credor Nome": "J L ENGENHARIA E CONSTRUCAO LTDA", "Valor Empenho": 0.0, "Valor Empenho Cancelado": 0.0, "Valor Empenho Líquido": 0.0, "Valor Empenho Liquidado": 0.0, "Valor Empenho Pago": 0.0, "Equipamento 1": "Calçadas", "Equipamento 2": "Calçadas", "Endereço": "R. Ezequiel Freire - Santana, São Paulo - SP", "Região": "Norte", "Extensão (m)": null, "Trecho (Recap)": "Trecho entre Rua Alferes Magalhães e Rua Duarte de Azevedo", "lon": -46.62360811126932, "lat": -23.502562903199092 }, "geometry": { "type": "Point", "coordinates": [ -46.62360811126932, -23.502562903199092 ] } },
{ "type": "Feature", "properties": { "Ano": 2020.0, "Nota Empenho": "57281/2020", "Nota Reserva": "36933/2020", "Ata CMDP": "30/06/2020", "Processo SEI": 6012202000098257.0, "Unidade": "SMSUB", "Função": "15 - URBANISMO", "Sub Função": "452 - SERVIÇOS URBANOS", "Programa": "3006 - DIREITOS DA PESSOA COM DEFICIÊNCIA", "Atividade": "1169 - REFORMA E ACESSIBILIDADE EM PASSEIOS PÚBLICOS - PROGRAMA DE METAS 2.C", "Sub Elemento Despesa": "Manutenção e Conservação de Bens Imóveis", "Item Despesa": "Manutenção e Reformas de Bens Imóveis", "Observação Empenho": "Ata de Registros de Preços  nº 47/SMSUB/COGEL/2019 – LOTE X, objetivando a prestação de serviços para a readequação e manutenção dos passeios públicos – “calçadas”", "Contrato": "11086/2020", "Credor Nome": "J L ENGENHARIA E CONSTRUCAO LTDA", "Valor Empenho": 0.0, "Valor Empenho Cancelado": 0.0, "Valor Empenho Líquido": 0.0, "Valor Empenho Liquidado": 0.0, "Valor Empenho Pago": 0.0, "Equipamento 1": "Calçadas", "Equipamento 2": "Calçadas", "Endereço": "R. Dr. Zuquim - Santana, São Paulo - SP", "Região": "Norte", "Extensão (m)": null, "Trecho (Recap)": "Trecho entre Rua Alferes Magalhães e Rua Duarte de Azevedo", "lon": -46.622444015473896, "lat": -23.50243630399186 }, "geometry": { "type": "Point", "coordinates": [ -46.622444015473896, -23.50243630399186 ] } },
{ "type": "Feature", "properties": { "Ano": 2020.0, "Nota Empenho": "57281/2020", "Nota Reserva": "36933/2020", "Ata CMDP": "30/06/2020", "Processo SEI": 6012202000098257.0, "Unidade": "SMSUB", "Função": "15 - URBANISMO", "Sub Função": "452 - SERVIÇOS URBANOS", "Programa": "3006 - DIREITOS DA PESSOA COM DEFICIÊNCIA", "Atividade": "1169 - REFORMA E ACESSIBILIDADE EM PASSEIOS PÚBLICOS - PROGRAMA DE METAS 2.C", "Sub Elemento Despesa": "Manutenção e Conservação de Bens Imóveis", "Item Despesa": "Manutenção e Reformas de Bens Imóveis", "Observação Empenho": "Ata de Registros de Preços  nº 47/SMSUB/COGEL/2019 – LOTE X, objetivando a prestação de serviços para a readequação e manutenção dos passeios públicos – “calçadas”", "Contrato": "11086/2020", "Credor Nome": "J L ENGENHARIA E CONSTRUCAO LTDA", "Valor Empenho": 0.0, "Valor Empenho Cancelado": 0.0, "Valor Empenho Líquido": 0.0, "Valor Empenho Liquidado": 0.0, "Valor Empenho Pago": 0.0, "Equipamento 1": "Calçadas", "Equipamento 2": "Calçadas", "Endereço": "R. Conselheiro Saraiva - Santana, São Paulo - SP", "Região": "Norte", "Extensão (m)": null, "Trecho (Recap)": "Trecho entre Rua Voluntários da Pátria e Rua Dr. Zuquim", "lon": -46.623045482693279, "lat": -23.499174215649337 }, "geometry": { "type": "Point", "coordinates": [ -46.623045482693279, -23.499174215649337 ] } },
{ "type": "Feature", "properties": { "Ano": 2020.0, "Nota Empenho": "57281/2020", "Nota Reserva": "36933/2020", "Ata CMDP": "30/06/2020", "Processo SEI": 6012202000098257.0, "Unidade": "SMSUB", "Função": "15 - URBANISMO", "Sub Função": "452 - SERVIÇOS URBANOS", "Programa": "3006 - DIREITOS DA PESSOA COM DEFICIÊNCIA", "Atividade": "1169 - REFORMA E ACESSIBILIDADE EM PASSEIOS PÚBLICOS - PROGRAMA DE METAS 2.C", "Sub Elemento Despesa": "Manutenção e Conservação de Bens Imóveis", "Item Despesa": "Manutenção e Reformas de Bens Imóveis", "Observação Empenho": "Ata de Registros de Preços  nº 47/SMSUB/COGEL/2019 – LOTE X, objetivando a prestação de serviços para a readequação e manutenção dos passeios públicos – “calçadas”", "Contrato": "11086/2020", "Credor Nome": "J L ENGENHARIA E CONSTRUCAO LTDA", "Valor Empenho": 0.0, "Valor Empenho Cancelado": 0.0, "Valor Empenho Líquido": 0.0, "Valor Empenho Liquidado": 0.0, "Valor Empenho Pago": 0.0, "Equipamento 1": "Calçadas", "Equipamento 2": "Calçadas", "Endereço": "R. Alfredo Pujol - Santana, São Paulo - SP", "Região": "Norte", "Extensão (m)": null, "Trecho (Recap)": "Trecho entre Av. Cruzeiro do Sul e Rua Frei Vicente do Salvador e Rua Perina", "lon": -46.628420403149327, "lat": -23.50026333615093 }, "geometry": { "type": "Point", "coordinates": [ -46.628420403149327, -23.50026333615093 ] } },
{ "type": "Feature", "properties": { "Ano": 2020.0, "Nota Empenho": "57281/2020", "Nota Reserva": "36933/2020", "Ata CMDP": "30/06/2020", "Processo SEI": 6012202000098257.0, "Unidade": "SMSUB", "Função": "15 - URBANISMO", "Sub Função": "452 - SERVIÇOS URBANOS", "Programa": "3006 - DIREITOS DA PESSOA COM DEFICIÊNCIA", "Atividade": "1169 - REFORMA E ACESSIBILIDADE EM PASSEIOS PÚBLICOS - PROGRAMA DE METAS 2.C", "Sub Elemento Despesa": "Manutenção e Conservação de Bens Imóveis", "Item Despesa": "Manutenção e Reformas de Bens Imóveis", "Observação Empenho": "Ata de Registros de Preços  nº 47/SMSUB/COGEL/2019 – LOTE X, objetivando a prestação de serviços para a readequação e manutenção dos passeios públicos – “calçadas”", "Contrato": "11086/2020", "Credor Nome": "J L ENGENHARIA E CONSTRUCAO LTDA", "Valor Empenho": 0.0, "Valor Empenho Cancelado": 0.0, "Valor Empenho Líquido": 0.0, "Valor Empenho Liquidado": 0.0, "Valor Empenho Pago": 0.0, "Equipamento 1": "Calçadas", "Equipamento 2": "Calçadas", "Endereço": "R. Duarte de Azevedo - Santana, São Paulo - SP", "Região": "Norte", "Extensão (m)": null, "Trecho (Recap)": "Trecho entre Rua Voluntários da Pátria e Rua Doutor Zuquim", "lon": -46.622901058617757, "lat": -23.501006111449293 }, "geometry": { "type": "Point", "coordinates": [ -46.622901058617757, -23.501006111449293 ] } },
{ "type": "Feature", "properties": { "Ano": 2020.0, "Nota Empenho": "57281/2020", "Nota Reserva": "36933/2020", "Ata CMDP": "30/06/2020", "Processo SEI": 6012202000098257.0, "Unidade": "SMSUB", "Função": "15 - URBANISMO", "Sub Função": "452 - SERVIÇOS URBANOS", "Programa": "3006 - DIREITOS DA PESSOA COM DEFICIÊNCIA", "Atividade": "1169 - REFORMA E ACESSIBILIDADE EM PASSEIOS PÚBLICOS - PROGRAMA DE METAS 2.C", "Sub Elemento Despesa": "Manutenção e Conservação de Bens Imóveis", "Item Despesa": "Manutenção e Reformas de Bens Imóveis", "Observação Empenho": "Ata de Registros de Preços  nº 47/SMSUB/COGEL/2019 – LOTE X, objetivando a prestação de serviços para a readequação e manutenção dos passeios públicos – “calçadas”", "Contrato": "11086/2020", "Credor Nome": "J L ENGENHARIA E CONSTRUCAO LTDA", "Valor Empenho": 0.0, "Valor Empenho Cancelado": 0.0, "Valor Empenho Líquido": 0.0, "Valor Empenho Liquidado": 0.0, "Valor Empenho Pago": 0.0, "Equipamento 1": "Calçadas", "Equipamento 2": "Calçadas", "Endereço": "R. Dr. Gabriel Piza - Santana, São Paulo - SP", "Região": "Norte", "Extensão (m)": null, "Trecho (Recap)": "Trecho entre Av. Cruzeiro do Sul e Rua Doutor Zuquim", "lon": -46.623249782433248, "lat": -23.502059798677521 }, "geometry": { "type": "Point", "coordinates": [ -46.623249782433248, -23.502059798677521 ] } },
{ "type": "Feature", "properties": { "Ano": 2020.0, "Nota Empenho": "57281/2020", "Nota Reserva": "36933/2020", "Ata CMDP": "30/06/2020", "Processo SEI": 6012202000098257.0, "Unidade": "SMSUB", "Função": "15 - URBANISMO", "Sub Função": "452 - SERVIÇOS URBANOS", "Programa": "3006 - DIREITOS DA PESSOA COM DEFICIÊNCIA", "Atividade": "1169 - REFORMA E ACESSIBILIDADE EM PASSEIOS PÚBLICOS - PROGRAMA DE METAS 2.C", "Sub Elemento Despesa": "Manutenção e Conservação de Bens Imóveis", "Item Despesa": "Manutenção e Reformas de Bens Imóveis", "Observação Empenho": "Ata de Registros de Preços  nº 47/SMSUB/COGEL/2019 – LOTE X, objetivando a prestação de serviços para a readequação e manutenção dos passeios públicos – “calçadas”", "Contrato": "11086/2020", "Credor Nome": "J L ENGENHARIA E CONSTRUCAO LTDA", "Valor Empenho": 0.0, "Valor Empenho Cancelado": 0.0, "Valor Empenho Líquido": 0.0, "Valor Empenho Liquidado": 0.0, "Valor Empenho Pago": 0.0, "Equipamento 1": "Calçadas", "Equipamento 2": "Calçadas", "Endereço": "R. Darzan - Santana, São Paulo - SP", "Região": "Norte", "Extensão (m)": null, "Trecho (Recap)": "Trecho entre Rua Voluntários da Pátria até a Rua Doutor Zuquim", "lon": -46.623468647374878, "lat": -23.504194480999416 }, "geometry": { "type": "Point", "coordinates": [ -46.623468647374878, -23.504194480999416 ] } },
{ "type": "Feature", "properties": { "Ano": 2020.0, "Nota Empenho": "57281/2020", "Nota Reserva": "36933/2020", "Ata CMDP": "30/06/2020", "Processo SEI": 6012202000098257.0, "Unidade": "SMSUB", "Função": "15 - URBANISMO", "Sub Função": "452 - SERVIÇOS URBANOS", "Programa": "3006 - DIREITOS DA PESSOA COM DEFICIÊNCIA", "Atividade": "1169 - REFORMA E ACESSIBILIDADE EM PASSEIOS PÚBLICOS - PROGRAMA DE METAS 2.C", "Sub Elemento Despesa": "Manutenção e Conservação de Bens Imóveis", "Item Despesa": "Manutenção e Reformas de Bens Imóveis", "Observação Empenho": "Ata de Registros de Preços  nº 47/SMSUB/COGEL/2019 – LOTE X, objetivando a prestação de serviços para a readequação e manutenção dos passeios públicos – “calçadas”", "Contrato": "11086/2020", "Credor Nome": "J L ENGENHARIA E CONSTRUCAO LTDA", "Valor Empenho": 0.0, "Valor Empenho Cancelado": 0.0, "Valor Empenho Líquido": 0.0, "Valor Empenho Liquidado": 0.0, "Valor Empenho Pago": 0.0, "Equipamento 1": "Calçadas", "Equipamento 2": "Calçadas", "Endereço": "R. Leite de Morais - Santana, São Paulo - SP", "Região": "Norte", "Extensão (m)": null, "Trecho (Recap)": "Trecho entre Rua Ezequiel Freire e Rua Doutor Zuquim", "lon": -46.623229843606182, "lat": -23.50316320614272 }, "geometry": { "type": "Point", "coordinates": [ -46.623229843606182, -23.50316320614272 ] } },
{ "type": "Feature", "properties": { "Ano": 2020.0, "Nota Empenho": "57281/2020", "Nota Reserva": "36933/2020", "Ata CMDP": "30/06/2020", "Processo SEI": 6012202000098257.0, "Unidade": "SMSUB", "Função": "15 - URBANISMO", "Sub Função": "452 - SERVIÇOS URBANOS", "Programa": "3006 - DIREITOS DA PESSOA COM DEFICIÊNCIA", "Atividade": "1169 - REFORMA E ACESSIBILIDADE EM PASSEIOS PÚBLICOS - PROGRAMA DE METAS 2.C", "Sub Elemento Despesa": "Manutenção e Conservação de Bens Imóveis", "Item Despesa": "Manutenção e Reformas de Bens Imóveis", "Observação Empenho": "Ata de Registros de Preços  nº 47/SMSUB/COGEL/2019 – LOTE X, objetivando a prestação de serviços para a readequação e manutenção dos passeios públicos – “calçadas”", "Contrato": "11086/2020", "Credor Nome": "J L ENGENHARIA E CONSTRUCAO LTDA", "Valor Empenho": 0.0, "Valor Empenho Cancelado": 0.0, "Valor Empenho Líquido": 0.0, "Valor Empenho Liquidado": 0.0, "Valor Empenho Pago": 0.0, "Equipamento 1": "Calçadas", "Equipamento 2": "Calçadas", "Endereço": "R. Dr. Olavo Egídio - Santana, São Paulo - SP", "Região": "Norte", "Extensão (m)": null, "Trecho (Recap)": "Trecho entre Av. Cruzeiro do Sul até a Rua Voluntários da Pátria", "lon": -46.622972176883763, "lat": -23.499868720661823 }, "geometry": { "type": "Point", "coordinates": [ -46.622972176883763, -23.499868720661823 ] } },
{ "type": "Feature", "properties": { "Ano": 2020.0, "Nota Empenho": "57294/2020", "Nota Reserva": "36933/2020", "Ata CMDP": "30/06/2020", "Processo SEI": 6012202000054934.0, "Unidade": "SMSUB", "Função": "15 - URBANISMO", "Sub Função": "452 - SERVIÇOS URBANOS", "Programa": "3006 - DIREITOS DA PESSOA COM DEFICIÊNCIA", "Atividade": "1169 - REFORMA E ACESSIBILIDADE EM PASSEIOS PÚBLICOS - PROGRAMA DE METAS 2.C", "Sub Elemento Despesa": "Manutenção e Conservação de Bens Imóveis", "Item Despesa": "Manutenção e Reformas de Bens Imóveis", "Observação Empenho": "Prestação de Serviços para a readequação e manutenção dos passeios públicos - calçadas.", "Contrato": "11088/2020", "Credor Nome": "CONSTRUTORA LETTIERI CORDARO LTDA", "Valor Empenho": 5164430.11, "Valor Empenho Cancelado": 3520443.42, "Valor Empenho Líquido": 5164430.11, "Valor Empenho Liquidado": 1643986.69, "Valor Empenho Pago": 1643986.69, "Equipamento 1": "Calçadas", "Equipamento 2": "Calçadas", "Endereço": "R. John Harrison - Lapa, São Paulo - SP", "Região": "Norte", "Extensão (m)": null, "Trecho (Recap)": "Trecho entre Rua Doze de Outubro e Rua Hebart_x000D_", "lon": -46.702666435703442, "lat": -23.518618716741479 }, "geometry": { "type": "Point", "coordinates": [ -46.702666435703442, -23.518618716741479 ] } },
{ "type": "Feature", "properties": { "Ano": 2020.0, "Nota Empenho": "57294/2020", "Nota Reserva": "36933/2020", "Ata CMDP": "30/06/2020", "Processo SEI": 6012202000054934.0, "Unidade": "SMSUB", "Função": "15 - URBANISMO", "Sub Função": "452 - SERVIÇOS URBANOS", "Programa": "3006 - DIREITOS DA PESSOA COM DEFICIÊNCIA", "Atividade": "1169 - REFORMA E ACESSIBILIDADE EM PASSEIOS PÚBLICOS - PROGRAMA DE METAS 2.C", "Sub Elemento Despesa": "Manutenção e Conservação de Bens Imóveis", "Item Despesa": "Manutenção e Reformas de Bens Imóveis", "Observação Empenho": "Prestação de Serviços para a readequação e manutenção dos passeios públicos - calçadas.", "Contrato": "11088/2020", "Credor Nome": "CONSTRUTORA LETTIERI CORDARO LTDA", "Valor Empenho": 0.0, "Valor Empenho Cancelado": 0.0, "Valor Empenho Líquido": 0.0, "Valor Empenho Liquidado": 0.0, "Valor Empenho Pago": 0.0, "Equipamento 1": "Calçadas", "Equipamento 2": "Calçadas", "Endereço": "R. Conrado Moreschi - Lapa, São Paulo - SP", "Região": "Norte", "Extensão (m)": null, "Trecho (Recap)": "Trecho entre Rua John Harrison e Rua Hebart_x000D_", "lon": -46.702152186491439, "lat": -23.519316716401718 }, "geometry": { "type": "Point", "coordinates": [ -46.702152186491439, -23.519316716401718 ] } },
{ "type": "Feature", "properties": { "Ano": 2020.0, "Nota Empenho": "57294/2020", "Nota Reserva": "36933/2020", "Ata CMDP": "30/06/2020", "Processo SEI": 6012202000054934.0, "Unidade": "SMSUB", "Função": "15 - URBANISMO", "Sub Função": "452 - SERVIÇOS URBANOS", "Programa": "3006 - DIREITOS DA PESSOA COM DEFICIÊNCIA", "Atividade": "1169 - REFORMA E ACESSIBILIDADE EM PASSEIOS PÚBLICOS - PROGRAMA DE METAS 2.C", "Sub Elemento Despesa": "Manutenção e Conservação de Bens Imóveis", "Item Despesa": "Manutenção e Reformas de Bens Imóveis", "Observação Empenho": "Prestação de Serviços para a readequação e manutenção dos passeios públicos - calçadas.", "Contrato": "11088/2020", "Credor Nome": "CONSTRUTORA LETTIERI CORDARO LTDA", "Valor Empenho": 0.0, "Valor Empenho Cancelado": 0.0, "Valor Empenho Líquido": 0.0, "Valor Empenho Liquidado": 0.0, "Valor Empenho Pago": 0.0, "Equipamento 1": "Calçadas", "Equipamento 2": "Calçadas", "Endereço": "R. Dr. Cincinato Pomponet - Lapa, São Paulo - SP", "Região": "Norte", "Extensão (m)": null, "Trecho (Recap)": "Trecho entre Rua Doze de Outubro e Rua Hebart", "lon": -46.702607291383018, "lat": -23.519421497840217 }, "geometry": { "type": "Point", "coordinates": [ -46.702607291383018, -23.519421497840217 ] } },
{ "type": "Feature", "properties": { "Ano": 2020.0, "Nota Empenho": "57294/2020", "Nota Reserva": "36933/2020", "Ata CMDP": "30/06/2020", "Processo SEI": 6012202000054934.0, "Unidade": "SMSUB", "Função": "15 - URBANISMO", "Sub Função": "452 - SERVIÇOS URBANOS", "Programa": "3006 - DIREITOS DA PESSOA COM DEFICIÊNCIA", "Atividade": "1169 - REFORMA E ACESSIBILIDADE EM PASSEIOS PÚBLICOS - PROGRAMA DE METAS 2.C", "Sub Elemento Despesa": "Manutenção e Conservação de Bens Imóveis", "Item Despesa": "Manutenção e Reformas de Bens Imóveis", "Observação Empenho": "Prestação de Serviços para a readequação e manutenção dos passeios públicos - calçadas.", "Contrato": "11088/2020", "Credor Nome": "CONSTRUTORA LETTIERI CORDARO LTDA", "Valor Empenho": 0.0, "Valor Empenho Cancelado": 0.0, "Valor Empenho Líquido": 0.0, "Valor Empenho Liquidado": 0.0, "Valor Empenho Pago": 0.0, "Equipamento 1": "Calçadas", "Equipamento 2": "Calçadas", "Endereço": "R. Dronsfield - Lapa, São Paulo - SP", "Região": "Norte", "Extensão (m)": null, "Trecho (Recap)": "Trecho entre Rua Doze de Outubro e Rua Martim Tenorio", "lon": -46.703997319960209, "lat": -23.519332497679063 }, "geometry": { "type": "Point", "coordinates": [ -46.703997319960209, -23.519332497679063 ] } },
{ "type": "Feature", "properties": { "Ano": 2020.0, "Nota Empenho": "57294/2020", "Nota Reserva": "36933/2020", "Ata CMDP": "30/06/2020", "Processo SEI": 6012202000054934.0, "Unidade": "SMSUB", "Função": "15 - URBANISMO", "Sub Função": "452 - SERVIÇOS URBANOS", "Programa": "3006 - DIREITOS DA PESSOA COM DEFICIÊNCIA", "Atividade": "1169 - REFORMA E ACESSIBILIDADE EM PASSEIOS PÚBLICOS - PROGRAMA DE METAS 2.C", "Sub Elemento Despesa": "Manutenção e Conservação de Bens Imóveis", "Item Despesa": "Manutenção e Reformas de Bens Imóveis", "Observação Empenho": "Prestação de Serviços para a readequação e manutenção dos passeios públicos - calçadas.", "Contrato": "11088/2020", "Credor Nome": "CONSTRUTORA LETTIERI CORDARO LTDA", "Valor Empenho": 0.0, "Valor Empenho Cancelado": 0.0, "Valor Empenho Líquido": 0.0, "Valor Empenho Liquidado": 0.0, "Valor Empenho Pago": 0.0, "Equipamento 1": "Calçadas", "Equipamento 2": "Calçadas", "Endereço": "R. Clemente Álvares - Lapa, São Paulo - SP", "Região": "Norte", "Extensão (m)": null, "Trecho (Recap)": "Trecho entre Rua Doze de Outubro e Rua Nossa Senhora da Lapa", "lon": -46.703874304297251, "lat": -23.520731228168071 }, "geometry": { "type": "Point", "coordinates": [ -46.703874304297251, -23.520731228168071 ] } },
{ "type": "Feature", "properties": { "Ano": 2020.0, "Nota Empenho": "57294/2020", "Nota Reserva": "36933/2020", "Ata CMDP": "30/06/2020", "Processo SEI": 6012202000054934.0, "Unidade": "SMSUB", "Função": "15 - URBANISMO", "Sub Função": "452 - SERVIÇOS URBANOS", "Programa": "3006 - DIREITOS DA PESSOA COM DEFICIÊNCIA", "Atividade": "1169 - REFORMA E ACESSIBILIDADE EM PASSEIOS PÚBLICOS - PROGRAMA DE METAS 2.C", "Sub Elemento Despesa": "Manutenção e Conservação de Bens Imóveis", "Item Despesa": "Manutenção e Reformas de Bens Imóveis", "Observação Empenho": "Prestação de Serviços para a readequação e manutenção dos passeios públicos - calçadas.", "Contrato": "11088/2020", "Credor Nome": "CONSTRUTORA LETTIERI CORDARO LTDA", "Valor Empenho": 0.0, "Valor Empenho Cancelado": 0.0, "Valor Empenho Líquido": 0.0, "Valor Empenho Liquidado": 0.0, "Valor Empenho Pago": 0.0, "Equipamento 1": "Calçadas", "Equipamento 2": "Calçadas", "Endereço": "R. Joaquim Machado - Lapa, São Paulo - SP", "Região": "Norte", "Extensão (m)": null, "Trecho (Recap)": "Trecho entre Rua Nossa Senhora da Lapa e Rua Catão", "lon": -46.701898310219342, "lat": -23.521658583675844 }, "geometry": { "type": "Point", "coordinates": [ -46.701898310219342, -23.521658583675844 ] } },
{ "type": "Feature", "properties": { "Ano": 2020.0, "Nota Empenho": "57294/2020", "Nota Reserva": "36933/2020", "Ata CMDP": "30/06/2020", "Processo SEI": 6012202000054934.0, "Unidade": "SMSUB", "Função": "15 - URBANISMO", "Sub Função": "452 - SERVIÇOS URBANOS", "Programa": "3006 - DIREITOS DA PESSOA COM DEFICIÊNCIA", "Atividade": "1169 - REFORMA E ACESSIBILIDADE EM PASSEIOS PÚBLICOS - PROGRAMA DE METAS 2.C", "Sub Elemento Despesa": "Manutenção e Conservação de Bens Imóveis", "Item Despesa": "Manutenção e Reformas de Bens Imóveis", "Observação Empenho": "Prestação de Serviços para a readequação e manutenção dos passeios públicos - calçadas.", "Contrato": "11088/2020", "Credor Nome": "CONSTRUTORA LETTIERI CORDARO LTDA", "Valor Empenho": 0.0, "Valor Empenho Cancelado": 0.0, "Valor Empenho Líquido": 0.0, "Valor Empenho Liquidado": 0.0, "Valor Empenho Pago": 0.0, "Equipamento 1": "Calçadas", "Equipamento 2": "Calçadas", "Endereço": "R. Guaicurus - Água Branca, São Paulo - SP", "Região": "Norte", "Extensão (m)": null, "Trecho (Recap)": "Trecho entre Rua Catão e Rua Caio Graco", "lon": -46.697341483709842, "lat": -23.52198522435695 }, "geometry": { "type": "Point", "coordinates": [ -46.697341483709842, -23.52198522435695 ] } },
{ "type": "Feature", "properties": { "Ano": 2020.0, "Nota Empenho": "57294/2020", "Nota Reserva": "36933/2020", "Ata CMDP": "30/06/2020", "Processo SEI": 6012202000054934.0, "Unidade": "SMSUB", "Função": "15 - URBANISMO", "Sub Função": "452 - SERVIÇOS URBANOS", "Programa": "3006 - DIREITOS DA PESSOA COM DEFICIÊNCIA", "Atividade": "1169 - REFORMA E ACESSIBILIDADE EM PASSEIOS PÚBLICOS - PROGRAMA DE METAS 2.C", "Sub Elemento Despesa": "Manutenção e Conservação de Bens Imóveis", "Item Despesa": "Manutenção e Reformas de Bens Imóveis", "Observação Empenho": "Prestação de Serviços para a readequação e manutenção dos passeios públicos - calçadas.", "Contrato": "11088/2020", "Credor Nome": "CONSTRUTORA LETTIERI CORDARO LTDA", "Valor Empenho": 0.0, "Valor Empenho Cancelado": 0.0, "Valor Empenho Líquido": 0.0, "Valor Empenho Liquidado": 0.0, "Valor Empenho Pago": 0.0, "Equipamento 1": "Calçadas", "Equipamento 2": "Calçadas", "Endereço": "R. Roma - Lapa, São Paulo - SP", "Região": "Norte", "Extensão (m)": null, "Trecho (Recap)": "Trecho entre Rua Nossa Senhora da Lapa e Rua Monteiro de Melo", "lon": -46.703459209635646, "lat": -23.522660930860159 }, "geometry": { "type": "Point", "coordinates": [ -46.703459209635646, -23.522660930860159 ] } },
{ "type": "Feature", "properties": { "Ano": 2020.0, "Nota Empenho": "57294/2020", "Nota Reserva": "36933/2020", "Ata CMDP": "30/06/2020", "Processo SEI": 6012202000054934.0, "Unidade": "SMSUB", "Função": "15 - URBANISMO", "Sub Função": "452 - SERVIÇOS URBANOS", "Programa": "3006 - DIREITOS DA PESSOA COM DEFICIÊNCIA", "Atividade": "1169 - REFORMA E ACESSIBILIDADE EM PASSEIOS PÚBLICOS - PROGRAMA DE METAS 2.C", "Sub Elemento Despesa": "Manutenção e Conservação de Bens Imóveis", "Item Despesa": "Manutenção e Reformas de Bens Imóveis", "Observação Empenho": "Prestação de Serviços para a readequação e manutenção dos passeios públicos - calçadas.", "Contrato": "11088/2020", "Credor Nome": "CONSTRUTORA LETTIERI CORDARO LTDA", "Valor Empenho": 0.0, "Valor Empenho Cancelado": 0.0, "Valor Empenho Líquido": 0.0, "Valor Empenho Liquidado": 0.0, "Valor Empenho Pago": 0.0, "Equipamento 1": "Calçadas", "Equipamento 2": "Calçadas", "Endereço": "R. Afonso Sardinha - Lapa, São Paulo - SP", "Região": "Norte", "Extensão (m)": null, "Trecho (Recap)": "Trecho entre Rua Nossa Senhora da Lapa e Rua Doze de Outubro", "lon": -46.704566060564801, "lat": -23.52220659255596 }, "geometry": { "type": "Point", "coordinates": [ -46.704566060564801, -23.52220659255596 ] } },
{ "type": "Feature", "properties": { "Ano": 2020.0, "Nota Empenho": "57294/2020", "Nota Reserva": "36933/2020", "Ata CMDP": "30/06/2020", "Processo SEI": 6012202000054934.0, "Unidade": "SMSUB", "Função": "15 - URBANISMO", "Sub Função": "452 - SERVIÇOS URBANOS", "Programa": "3006 - DIREITOS DA PESSOA COM DEFICIÊNCIA", "Atividade": "1169 - REFORMA E ACESSIBILIDADE EM PASSEIOS PÚBLICOS - PROGRAMA DE METAS 2.C", "Sub Elemento Despesa": "Manutenção e Conservação de Bens Imóveis", "Item Despesa": "Manutenção e Reformas de Bens Imóveis", "Observação Empenho": "Prestação de Serviços para a readequação e manutenção dos passeios públicos - calçadas.", "Contrato": "11088/2020", "Credor Nome": "CONSTRUTORA LETTIERI CORDARO LTDA", "Valor Empenho": 0.0, "Valor Empenho Cancelado": 0.0, "Valor Empenho Líquido": 0.0, "Valor Empenho Liquidado": 0.0, "Valor Empenho Pago": 0.0, "Equipamento 1": "Calçadas", "Equipamento 2": "Calçadas", "Endereço": "R. Clélia - Lapa, São Paulo - SP", "Região": "Norte", "Extensão (m)": null, "Trecho (Recap)": "Trecho entre Rua Nossa Senhora da Lapa e Rua Jeroaquara", "lon": -46.704158811014402, "lat": -23.524692112100681 }, "geometry": { "type": "Point", "coordinates": [ -46.704158811014402, -23.524692112100681 ] } },
{ "type": "Feature", "properties": { "Ano": 2020.0, "Nota Empenho": "57294/2020", "Nota Reserva": "36933/2020", "Ata CMDP": "30/06/2020", "Processo SEI": 6012202000054934.0, "Unidade": "SMSUB", "Função": "15 - URBANISMO", "Sub Função": "452 - SERVIÇOS URBANOS", "Programa": "3006 - DIREITOS DA PESSOA COM DEFICIÊNCIA", "Atividade": "1169 - REFORMA E ACESSIBILIDADE EM PASSEIOS PÚBLICOS - PROGRAMA DE METAS 2.C", "Sub Elemento Despesa": "Manutenção e Conservação de Bens Imóveis", "Item Despesa": "Manutenção e Reformas de Bens Imóveis", "Observação Empenho": "Prestação de Serviços para a readequação e manutenção dos passeios públicos - calçadas.", "Contrato": "11088/2020", "Credor Nome": "CONSTRUTORA LETTIERI CORDARO LTDA", "Valor Empenho": 0.0, "Valor Empenho Cancelado": 0.0, "Valor Empenho Líquido": 0.0, "Valor Empenho Liquidado": 0.0, "Valor Empenho Pago": 0.0, "Equipamento 1": "Calçadas", "Equipamento 2": "Calçadas", "Endereço": "R. Doze de Outubro - Lapa, São Paulo - SP", "Região": "Norte", "Extensão (m)": null, "Trecho (Recap)": "Trecho entre Rua John Harrison e Rua Barão de Jundiaí", "lon": -46.704680252258477, "lat": -23.521208655934245 }, "geometry": { "type": "Point", "coordinates": [ -46.704680252258477, -23.521208655934245 ] } },
{ "type": "Feature", "properties": { "Ano": 2020.0, "Nota Empenho": "57294/2020", "Nota Reserva": "36933/2020", "Ata CMDP": "30/06/2020", "Processo SEI": 6012202000054934.0, "Unidade": "SMSUB", "Função": "15 - URBANISMO", "Sub Função": "452 - SERVIÇOS URBANOS", "Programa": "3006 - DIREITOS DA PESSOA COM DEFICIÊNCIA", "Atividade": "1169 - REFORMA E ACESSIBILIDADE EM PASSEIOS PÚBLICOS - PROGRAMA DE METAS 2.C", "Sub Elemento Despesa": "Manutenção e Conservação de Bens Imóveis", "Item Despesa": "Manutenção e Reformas de Bens Imóveis", "Observação Empenho": "Prestação de Serviços para a readequação e manutenção dos passeios públicos - calçadas.", "Contrato": "11088/2020", "Credor Nome": "CONSTRUTORA LETTIERI CORDARO LTDA", "Valor Empenho": 0.0, "Valor Empenho Cancelado": 0.0, "Valor Empenho Líquido": 0.0, "Valor Empenho Liquidado": 0.0, "Valor Empenho Pago": 0.0, "Equipamento 1": "Calçadas", "Equipamento 2": "Calçadas", "Endereço": "R. Martim Tenório - Lapa, São Paulo - SP", "Região": "Norte", "Extensão (m)": null, "Trecho (Recap)": "Trecho entre Rua Dr. Cincinato Pamponet e Rua Clemente Alvares", "lon": -46.703081828321643, "lat": -23.520089082554662 }, "geometry": { "type": "Point", "coordinates": [ -46.703081828321643, -23.520089082554662 ] } },
{ "type": "Feature", "properties": { "Ano": 2020.0, "Nota Empenho": "57294/2020", "Nota Reserva": "36933/2020", "Ata CMDP": "30/06/2020", "Processo SEI": 6012202000054934.0, "Unidade": "SMSUB", "Função": "15 - URBANISMO", "Sub Função": "452 - SERVIÇOS URBANOS", "Programa": "3006 - DIREITOS DA PESSOA COM DEFICIÊNCIA", "Atividade": "1169 - REFORMA E ACESSIBILIDADE EM PASSEIOS PÚBLICOS - PROGRAMA DE METAS 2.C", "Sub Elemento Despesa": "Manutenção e Conservação de Bens Imóveis", "Item Despesa": "Manutenção e Reformas de Bens Imóveis", "Observação Empenho": "Prestação de Serviços para a readequação e manutenção dos passeios públicos - calçadas.", "Contrato": "11088/2020", "Credor Nome": "CONSTRUTORA LETTIERI CORDARO LTDA", "Valor Empenho": 0.0, "Valor Empenho Cancelado": 0.0, "Valor Empenho Líquido": 0.0, "Valor Empenho Liquidado": 0.0, "Valor Empenho Pago": 0.0, "Equipamento 1": "Calçadas", "Equipamento 2": "Calçadas", "Endereço": "R. Herbart - Lapa, São Paulo - SP", "Região": "Norte", "Extensão (m)": null, "Trecho (Recap)": "Trecho entre Rua John Harrison até Rua Conrado Moreschi", "lon": -46.701474779744061, "lat": -23.519751868086047 }, "geometry": { "type": "Point", "coordinates": [ -46.701474779744061, -23.519751868086047 ] } },
{ "type": "Feature", "properties": { "Ano": 2020.0, "Nota Empenho": "57294/2020", "Nota Reserva": "36933/2020", "Ata CMDP": "30/06/2020", "Processo SEI": 6012202000054934.0, "Unidade": "SMSUB", "Função": "15 - URBANISMO", "Sub Função": "452 - SERVIÇOS URBANOS", "Programa": "3006 - DIREITOS DA PESSOA COM DEFICIÊNCIA", "Atividade": "1169 - REFORMA E ACESSIBILIDADE EM PASSEIOS PÚBLICOS - PROGRAMA DE METAS 2.C", "Sub Elemento Despesa": "Manutenção e Conservação de Bens Imóveis", "Item Despesa": "Manutenção e Reformas de Bens Imóveis", "Observação Empenho": "Prestação de Serviços para a readequação e manutenção dos passeios públicos - calçadas.", "Contrato": "11088/2020", "Credor Nome": "CONSTRUTORA LETTIERI CORDARO LTDA", "Valor Empenho": 0.0, "Valor Empenho Cancelado": 0.0, "Valor Empenho Líquido": 0.0, "Valor Empenho Liquidado": 0.0, "Valor Empenho Pago": 0.0, "Equipamento 1": "Calçadas", "Equipamento 2": "Calçadas", "Endereço": "R. Nossa Senhora da Lapa - Lapa, São Paulo - SP", "Região": "Norte", "Extensão (m)": null, "Trecho (Recap)": "Trecho entre Rua Dr.Cincinato Pamponet até Rua Clelia_x000D_", "lon": -46.704270985551119, "lat": -23.522872539635152 }, "geometry": { "type": "Point", "coordinates": [ -46.704270985551119, -23.522872539635152 ] } },
{ "type": "Feature", "properties": { "Ano": 2020.0, "Nota Empenho": "57294/2020", "Nota Reserva": "36933/2020", "Ata CMDP": "30/06/2020", "Processo SEI": 6012202000054934.0, "Unidade": "SMSUB", "Função": "15 - URBANISMO", "Sub Função": "452 - SERVIÇOS URBANOS", "Programa": "3006 - DIREITOS DA PESSOA COM DEFICIÊNCIA", "Atividade": "1169 - REFORMA E ACESSIBILIDADE EM PASSEIOS PÚBLICOS - PROGRAMA DE METAS 2.C", "Sub Elemento Despesa": "Manutenção e Conservação de Bens Imóveis", "Item Despesa": "Manutenção e Reformas de Bens Imóveis", "Observação Empenho": "Prestação de Serviços para a readequação e manutenção dos passeios públicos - calçadas.", "Contrato": "11088/2020", "Credor Nome": "CONSTRUTORA LETTIERI CORDARO LTDA", "Valor Empenho": 0.0, "Valor Empenho Cancelado": 0.0, "Valor Empenho Líquido": 0.0, "Valor Empenho Liquidado": 0.0, "Valor Empenho Pago": 0.0, "Equipamento 1": "Calçadas", "Equipamento 2": "Calçadas", "Endereço": "R. Monteiro de Melo - Lapa, São Paulo - SP", "Região": "Norte", "Extensão (m)": null, "Trecho (Recap)": "Trecho entre Rua Joaquim Machado e Rua Roma_x000D_", "lon": -46.702960664047801, "lat": -23.522237104786509 }, "geometry": { "type": "Point", "coordinates": [ -46.702960664047801, -23.522237104786509 ] } },
{ "type": "Feature", "properties": { "Ano": 2020.0, "Nota Empenho": "57294/2020", "Nota Reserva": "36933/2020", "Ata CMDP": "30/06/2020", "Processo SEI": 6012202000054934.0, "Unidade": "SMSUB", "Função": "15 - URBANISMO", "Sub Função": "452 - SERVIÇOS URBANOS", "Programa": "3006 - DIREITOS DA PESSOA COM DEFICIÊNCIA", "Atividade": "1169 - REFORMA E ACESSIBILIDADE EM PASSEIOS PÚBLICOS - PROGRAMA DE METAS 2.C", "Sub Elemento Despesa": "Manutenção e Conservação de Bens Imóveis", "Item Despesa": "Manutenção e Reformas de Bens Imóveis", "Observação Empenho": "Prestação de Serviços para a readequação e manutenção dos passeios públicos - calçadas.", "Contrato": "11088/2020", "Credor Nome": "CONSTRUTORA LETTIERI CORDARO LTDA", "Valor Empenho": 0.0, "Valor Empenho Cancelado": 0.0, "Valor Empenho Líquido": 0.0, "Valor Empenho Liquidado": 0.0, "Valor Empenho Pago": 0.0, "Equipamento 1": "Calçadas", "Equipamento 2": "Calçadas", "Endereço": "R. Monteiro de Melo - Lapa, São Paulo - SP", "Região": "Norte", "Extensão (m)": null, "Trecho (Recap)": "Trecho entre Rua Faustolo e Rua Clelia", "lon": -46.703038753628292, "lat": -23.524273235108002 }, "geometry": { "type": "Point", "coordinates": [ -46.703038753628292, -23.524273235108002 ] } },
{ "type": "Feature", "properties": { "Ano": 2020.0, "Nota Empenho": "57294/2020", "Nota Reserva": "36933/2020", "Ata CMDP": "30/06/2020", "Processo SEI": 6012202000054934.0, "Unidade": "SMSUB", "Função": "15 - URBANISMO", "Sub Função": "452 - SERVIÇOS URBANOS", "Programa": "3006 - DIREITOS DA PESSOA COM DEFICIÊNCIA", "Atividade": "1169 - REFORMA E ACESSIBILIDADE EM PASSEIOS PÚBLICOS - PROGRAMA DE METAS 2.C", "Sub Elemento Despesa": "Manutenção e Conservação de Bens Imóveis", "Item Despesa": "Manutenção e Reformas de Bens Imóveis", "Observação Empenho": "Prestação de Serviços para a readequação e manutenção dos passeios públicos - calçadas.", "Contrato": "11088/2020", "Credor Nome": "CONSTRUTORA LETTIERI CORDARO LTDA", "Valor Empenho": 0.0, "Valor Empenho Cancelado": 0.0, "Valor Empenho Líquido": 0.0, "Valor Empenho Liquidado": 0.0, "Valor Empenho Pago": 0.0, "Equipamento 1": "Calçadas", "Equipamento 2": "Calçadas", "Endereço": "R. Trajano - Lapa, São Paulo - SP", "Região": "Norte", "Extensão (m)": null, "Trecho (Recap)": "Trecho entre Praça Malvin Jones e Rua Roma", "lon": -46.701825322486457, "lat": -23.522132215383412 }, "geometry": { "type": "Point", "coordinates": [ -46.701825322486457, -23.522132215383412 ] } },
{ "type": "Feature", "properties": { "Ano": 2020.0, "Nota Empenho": "57294/2020", "Nota Reserva": "36933/2020", "Ata CMDP": "30/06/2020", "Processo SEI": 6012202000054934.0, "Unidade": "SMSUB", "Função": "15 - URBANISMO", "Sub Função": "452 - SERVIÇOS URBANOS", "Programa": "3006 - DIREITOS DA PESSOA COM DEFICIÊNCIA", "Atividade": "1169 - REFORMA E ACESSIBILIDADE EM PASSEIOS PÚBLICOS - PROGRAMA DE METAS 2.C", "Sub Elemento Despesa": "Manutenção e Conservação de Bens Imóveis", "Item Despesa": "Manutenção e Reformas de Bens Imóveis", "Observação Empenho": "Prestação de Serviços para a readequação e manutenção dos passeios públicos - calçadas.", "Contrato": "11088/2020", "Credor Nome": "CONSTRUTORA LETTIERI CORDARO LTDA", "Valor Empenho": 0.0, "Valor Empenho Cancelado": 0.0, "Valor Empenho Líquido": 0.0, "Valor Empenho Liquidado": 0.0, "Valor Empenho Pago": 0.0, "Equipamento 1": "Calçadas", "Equipamento 2": "Calçadas", "Endereço": "R. Catão - Vila Romana, São Paulo - SP", "Região": "Norte", "Extensão (m)": null, "Trecho (Recap)": "Trecho entre  Rua Guaicurus e Rua Roma", "lon": -46.700422172109093, "lat": -23.522147650706351 }, "geometry": { "type": "Point", "coordinates": [ -46.700422172109093, -23.522147650706351 ] } },
{ "type": "Feature", "properties": { "Ano": 2020.0, "Nota Empenho": "57294/2020", "Nota Reserva": "36933/2020", "Ata CMDP": "30/06/2020", "Processo SEI": 6012202000054934.0, "Unidade": "SMSUB", "Função": "15 - URBANISMO", "Sub Função": "452 - SERVIÇOS URBANOS", "Programa": "3006 - DIREITOS DA PESSOA COM DEFICIÊNCIA", "Atividade": "1169 - REFORMA E ACESSIBILIDADE EM PASSEIOS PÚBLICOS - PROGRAMA DE METAS 2.C", "Sub Elemento Despesa": "Manutenção e Conservação de Bens Imóveis", "Item Despesa": "Manutenção e Reformas de Bens Imóveis", "Observação Empenho": "Prestação de Serviços para a readequação e manutenção dos passeios públicos - calçadas.", "Contrato": "11088/2020", "Credor Nome": "CONSTRUTORA LETTIERI CORDARO LTDA", "Valor Empenho": 0.0, "Valor Empenho Cancelado": 0.0, "Valor Empenho Líquido": 0.0, "Valor Empenho Liquidado": 0.0, "Valor Empenho Pago": 0.0, "Equipamento 1": "Calçadas", "Equipamento 2": "Calçadas", "Endereço": "R. Cipião - Vila Romana, São Paulo - SP", "Região": "Norte", "Extensão (m)": null, "Trecho (Recap)": "Trecho entre  Rua Guaicurus e Rua Roma", "lon": -46.699123982934864, "lat": -23.522118138705341 }, "geometry": { "type": "Point", "coordinates": [ -46.699123982934864, -23.522118138705341 ] } },
{ "type": "Feature", "properties": { "Ano": 2020.0, "Nota Empenho": "57546/2020", "Nota Reserva": "36933/2020", "Ata CMDP": "30/06/2020", "Processo SEI": 6012202000182096.0, "Unidade": "SMSUB", "Função": "15 - URBANISMO", "Sub Função": "452 - SERVIÇOS URBANOS", "Programa": "3006 - DIREITOS DA PESSOA COM DEFICIÊNCIA", "Atividade": "1169 - REFORMA E ACESSIBILIDADE EM PASSEIOS PÚBLICOS - PROGRAMA DE METAS 2.C", "Sub Elemento Despesa": "Manutenção e Conservação de Bens Imóveis", "Item Despesa": "Manutenção e Reformas de Bens Imóveis", "Observação Empenho": "Ata de Registros de Preços  nº 55/SMSUB/COGEL/2019 – LOTE XIX, objetivando a prestação de serviços para a readequação e manutenção dos passeios públicos – “calçadas”", "Contrato": "11199/2020", "Credor Nome": "DB CONSTRUCOES LTDA", "Valor Empenho": 1910772.1, "Valor Empenho Cancelado": 547040.68, "Valor Empenho Líquido": 1910772.1, "Valor Empenho Liquidado": 1363731.42, "Valor Empenho Pago": 1363731.42, "Equipamento 1": "Calçadas", "Equipamento 2": "Calçadas", "Endereço": "Av. Guilherme Cotching - Vila Maria Baixa, São Paulo - SP", "Região": "Norte", "Extensão (m)": null, "Trecho (Recap)": "Trecho entre Rua Izidoro Matheus e Praça Sto. Eduardo", "lon": -46.587850430393495, "lat": -23.51606545884896 }, "geometry": { "type": "Point", "coordinates": [ -46.587850430393495, -23.51606545884896 ] } },
{ "type": "Feature", "properties": { "Ano": 2020.0, "Nota Empenho": "57546/2020", "Nota Reserva": "36933/2020", "Ata CMDP": "30/06/2020", "Processo SEI": 6012202000182096.0, "Unidade": "SMSUB", "Função": "15 - URBANISMO", "Sub Função": "452 - SERVIÇOS URBANOS", "Programa": "3006 - DIREITOS DA PESSOA COM DEFICIÊNCIA", "Atividade": "1169 - REFORMA E ACESSIBILIDADE EM PASSEIOS PÚBLICOS - PROGRAMA DE METAS 2.C", "Sub Elemento Despesa": "Manutenção e Conservação de Bens Imóveis", "Item Despesa": "Manutenção e Reformas de Bens Imóveis", "Observação Empenho": "Ata de Registros de Preços  nº 55/SMSUB/COGEL/2019 – LOTE XIX, objetivando a prestação de serviços para a readequação e manutenção dos passeios públicos – “calçadas”", "Contrato": "11199/2020", "Credor Nome": "DB CONSTRUCOES LTDA", "Valor Empenho": 0.0, "Valor Empenho Cancelado": 0.0, "Valor Empenho Líquido": 0.0, "Valor Empenho Liquidado": 0.0, "Valor Empenho Pago": 0.0, "Equipamento 1": "Calçadas", "Equipamento 2": "Calçadas", "Endereço": "Av. Guilherme Cotching - Vila Maria Baixa, São Paulo - SP", "Região": "Norte", "Extensão (m)": null, "Trecho (Recap)": "Trecho entre Praça Sto. Eduardo e Rua Gavea", "lon": -46.586556788771112, "lat": -23.514377478631051 }, "geometry": { "type": "Point", "coordinates": [ -46.586556788771112, -23.514377478631051 ] } },
{ "type": "Feature", "properties": { "Ano": 2020.0, "Nota Empenho": "57546/2020", "Nota Reserva": "36933/2020", "Ata CMDP": "30/06/2020", "Processo SEI": 6012202000182096.0, "Unidade": "SMSUB", "Função": "15 - URBANISMO", "Sub Função": "452 - SERVIÇOS URBANOS", "Programa": "3006 - DIREITOS DA PESSOA COM DEFICIÊNCIA", "Atividade": "1169 - REFORMA E ACESSIBILIDADE EM PASSEIOS PÚBLICOS - PROGRAMA DE METAS 2.C", "Sub Elemento Despesa": "Manutenção e Conservação de Bens Imóveis", "Item Despesa": "Manutenção e Reformas de Bens Imóveis", "Observação Empenho": "Ata de Registros de Preços  nº 55/SMSUB/COGEL/2019 – LOTE XIX, objetivando a prestação de serviços para a readequação e manutenção dos passeios públicos – “calçadas”", "Contrato": "11199/2020", "Credor Nome": "DB CONSTRUCOES LTDA", "Valor Empenho": 0.0, "Valor Empenho Cancelado": 0.0, "Valor Empenho Líquido": 0.0, "Valor Empenho Liquidado": 0.0, "Valor Empenho Pago": 0.0, "Equipamento 1": "Calçadas", "Equipamento 2": "Calçadas", "Endereço": "Praça Santo Eduardo - Vila Maria Baixa, São Paulo - SP", "Região": "Norte", "Extensão (m)": null, "Trecho (Recap)": "Trecho par do entorno da Praça Santo Eduardo", "lon": -46.587698093478345, "lat": -23.514943520274056 }, "geometry": { "type": "Point", "coordinates": [ -46.587698093478345, -23.514943520274056 ] } },
{ "type": "Feature", "properties": { "Ano": 2020.0, "Nota Empenho": "57546/2020", "Nota Reserva": "36933/2020", "Ata CMDP": "30/06/2020", "Processo SEI": 6012202000182096.0, "Unidade": "SMSUB", "Função": "15 - URBANISMO", "Sub Função": "452 - SERVIÇOS URBANOS", "Programa": "3006 - DIREITOS DA PESSOA COM DEFICIÊNCIA", "Atividade": "1169 - REFORMA E ACESSIBILIDADE EM PASSEIOS PÚBLICOS - PROGRAMA DE METAS 2.C", "Sub Elemento Despesa": "Manutenção e Conservação de Bens Imóveis", "Item Despesa": "Manutenção e Reformas de Bens Imóveis", "Observação Empenho": "Ata de Registros de Preços  nº 55/SMSUB/COGEL/2019 – LOTE XIX, objetivando a prestação de serviços para a readequação e manutenção dos passeios públicos – “calçadas”", "Contrato": "11199/2020", "Credor Nome": "DB CONSTRUCOES LTDA", "Valor Empenho": 0.0, "Valor Empenho Cancelado": 0.0, "Valor Empenho Líquido": 0.0, "Valor Empenho Liquidado": 0.0, "Valor Empenho Pago": 0.0, "Equipamento 1": "Calçadas", "Equipamento 2": "Calçadas", "Endereço": "Av. Guilherme Cotching - Vila Maria Baixa, São Paulo - SP", "Região": "Norte", "Extensão (m)": null, "Trecho (Recap)": "Trecho entre Praça Sto. Eduardo e Rua Araritaguaba", "lon": -46.585723477915629, "lat": -23.513373106190315 }, "geometry": { "type": "Point", "coordinates": [ -46.585723477915629, -23.513373106190315 ] } },
{ "type": "Feature", "properties": { "Ano": 2020.0, "Nota Empenho": "57546/2020", "Nota Reserva": "36933/2020", "Ata CMDP": "30/06/2020", "Processo SEI": 6012202000182096.0, "Unidade": "SMSUB", "Função": "15 - URBANISMO", "Sub Função": "452 - SERVIÇOS URBANOS", "Programa": "3006 - DIREITOS DA PESSOA COM DEFICIÊNCIA", "Atividade": "1169 - REFORMA E ACESSIBILIDADE EM PASSEIOS PÚBLICOS - PROGRAMA DE METAS 2.C", "Sub Elemento Despesa": "Manutenção e Conservação de Bens Imóveis", "Item Despesa": "Manutenção e Reformas de Bens Imóveis", "Observação Empenho": "Ata de Registros de Preços  nº 55/SMSUB/COGEL/2019 – LOTE XIX, objetivando a prestação de serviços para a readequação e manutenção dos passeios públicos – “calçadas”", "Contrato": "11199/2020", "Credor Nome": "DB CONSTRUCOES LTDA", "Valor Empenho": 0.0, "Valor Empenho Cancelado": 0.0, "Valor Empenho Líquido": 0.0, "Valor Empenho Liquidado": 0.0, "Valor Empenho Pago": 0.0, "Equipamento 1": "Calçadas", "Equipamento 2": "Calçadas", "Endereço": "Av. Guilherme Cotching - Vila Maria Baixa, São Paulo - SP", "Região": "Norte", "Extensão (m)": null, "Trecho (Recap)": "Trecho entre Praça Sto. Eduardo e Av. Nadir Dias de Figueiredo", "lon": -46.587493827323847, "lat": -23.51541169617666 }, "geometry": { "type": "Point", "coordinates": [ -46.587493827323847, -23.51541169617666 ] } },
{ "type": "Feature", "properties": { "Ano": 2020.0, "Nota Empenho": "57546/2020", "Nota Reserva": "36933/2020", "Ata CMDP": "30/06/2020", "Processo SEI": 6012202000182096.0, "Unidade": "SMSUB", "Função": "15 - URBANISMO", "Sub Função": "452 - SERVIÇOS URBANOS", "Programa": "3006 - DIREITOS DA PESSOA COM DEFICIÊNCIA", "Atividade": "1169 - REFORMA E ACESSIBILIDADE EM PASSEIOS PÚBLICOS - PROGRAMA DE METAS 2.C", "Sub Elemento Despesa": "Manutenção e Conservação de Bens Imóveis", "Item Despesa": "Manutenção e Reformas de Bens Imóveis", "Observação Empenho": "Ata de Registros de Preços  nº 55/SMSUB/COGEL/2019 – LOTE XIX, objetivando a prestação de serviços para a readequação e manutenção dos passeios públicos – “calçadas”", "Contrato": "11199/2020", "Credor Nome": "DB CONSTRUCOES LTDA", "Valor Empenho": 0.0, "Valor Empenho Cancelado": 0.0, "Valor Empenho Líquido": 0.0, "Valor Empenho Liquidado": 0.0, "Valor Empenho Pago": 0.0, "Equipamento 1": "Calçadas", "Equipamento 2": "Calçadas", "Endereço": "Praça Santo Eduardo - Vila Maria Baixa, São Paulo - SP", "Região": "Norte", "Extensão (m)": null, "Trecho (Recap)": "Trecho impar do entorno da Praça Santo Eduardo", "lon": -46.586855409894497, "lat": -23.51551825313387 }, "geometry": { "type": "Point", "coordinates": [ -46.586855409894497, -23.51551825313387 ] } },
{ "type": "Feature", "properties": { "Ano": 2020.0, "Nota Empenho": "57554/2020", "Nota Reserva": "36933/2020", "Ata CMDP": "30/06/2020", "Processo SEI": 6012202000152987.0, "Unidade": "SMSUB", "Função": "15 - URBANISMO", "Sub Função": "452 - SERVIÇOS URBANOS", "Programa": "3006 - DIREITOS DA PESSOA COM DEFICIÊNCIA", "Atividade": "1169 - REFORMA E ACESSIBILIDADE EM PASSEIOS PÚBLICOS - PROGRAMA DE METAS 2.C", "Sub Elemento Despesa": "Manutenção e Conservação de Bens Imóveis", "Item Despesa": "Manutenção e Reformas de Bens Imóveis", "Observação Empenho": "Ata de Registros de Preços  nº 55/SMSUB/COGEL/2019 – LOTE XIX, objetivando a prestação de serviços para a readequação e manutenção dos passeios públicos – “calçadas”", "Contrato": "11204/2020", "Credor Nome": "DB CONSTRUCOES LTDA", "Valor Empenho": 2115362.31, "Valor Empenho Cancelado": 469338.84, "Valor Empenho Líquido": 2115362.31, "Valor Empenho Liquidado": 1646023.47, "Valor Empenho Pago": 1646023.47, "Equipamento 1": "Calçadas", "Equipamento 2": "Calçadas", "Endereço": "Av. Antenor Navarro - Jardim Brasil (Zona Norte), São Paulo - SP", "Região": "Norte", "Extensão (m)": null, "Trecho (Recap)": "Trecho entre Av. Ramiz Galvão e Av. Jardim Japão", "lon": -46.577044075532399, "lat": -23.485829588756623 }, "geometry": { "type": "Point", "coordinates": [ -46.577044075532399, -23.485829588756623 ] } },
{ "type": "Feature", "properties": { "Ano": 2020.0, "Nota Empenho": "57554/2020", "Nota Reserva": "36933/2020", "Ata CMDP": "30/06/2020", "Processo SEI": 6012202000152987.0, "Unidade": "SMSUB", "Função": "15 - URBANISMO", "Sub Função": "452 - SERVIÇOS URBANOS", "Programa": "3006 - DIREITOS DA PESSOA COM DEFICIÊNCIA", "Atividade": "1169 - REFORMA E ACESSIBILIDADE EM PASSEIOS PÚBLICOS - PROGRAMA DE METAS 2.C", "Sub Elemento Despesa": "Manutenção e Conservação de Bens Imóveis", "Item Despesa": "Manutenção e Reformas de Bens Imóveis", "Observação Empenho": "Ata de Registros de Preços  nº 55/SMSUB/COGEL/2019 – LOTE XIX, objetivando a prestação de serviços para a readequação e manutenção dos passeios públicos – “calçadas”", "Contrato": "11204/2020", "Credor Nome": "DB CONSTRUCOES LTDA", "Valor Empenho": 0.0, "Valor Empenho Cancelado": 0.0, "Valor Empenho Líquido": 0.0, "Valor Empenho Liquidado": 0.0, "Valor Empenho Pago": 0.0, "Equipamento 1": "Calçadas", "Equipamento 2": "Calçadas", "Endereço": "Av. Jardim Japão - Jardim Brasil (Zona Norte), São Paulo - SP", "Região": "Norte", "Extensão (m)": null, "Trecho (Recap)": "Trecho entre Tv. Gil Borges até Av. João Simão de Castro", "lon": -46.577490099523303, "lat": -23.487133121295841 }, "geometry": { "type": "Point", "coordinates": [ -46.577490099523303, -23.487133121295841 ] } },
{ "type": "Feature", "properties": { "Ano": 2020.0, "Nota Empenho": "57554/2020", "Nota Reserva": "36933/2020", "Ata CMDP": "30/06/2020", "Processo SEI": 6012202000152987.0, "Unidade": "SMSUB", "Função": "15 - URBANISMO", "Sub Função": "452 - SERVIÇOS URBANOS", "Programa": "3006 - DIREITOS DA PESSOA COM DEFICIÊNCIA", "Atividade": "1169 - REFORMA E ACESSIBILIDADE EM PASSEIOS PÚBLICOS - PROGRAMA DE METAS 2.C", "Sub Elemento Despesa": "Manutenção e Conservação de Bens Imóveis", "Item Despesa": "Manutenção e Reformas de Bens Imóveis", "Observação Empenho": "Ata de Registros de Preços  nº 55/SMSUB/COGEL/2019 – LOTE XIX, objetivando a prestação de serviços para a readequação e manutenção dos passeios públicos – “calçadas”", "Contrato": "11204/2020", "Credor Nome": "DB CONSTRUCOES LTDA", "Valor Empenho": 0.0, "Valor Empenho Cancelado": 0.0, "Valor Empenho Líquido": 0.0, "Valor Empenho Liquidado": 0.0, "Valor Empenho Pago": 0.0, "Equipamento 1": "Calçadas", "Equipamento 2": "Calçadas", "Endereço": "Av. João Simão de Castro - Vila Sabrina, São Paulo - SP", "Região": "Norte", "Extensão (m)": null, "Trecho (Recap)": "Trecho entre Av. Jardim Japão até Rua Jaci Toledo", "lon": -46.572834990931923, "lat": -23.48921727233942 }, "geometry": { "type": "Point", "coordinates": [ -46.572834990931923, -23.48921727233942 ] } },
{ "type": "Feature", "properties": { "Ano": 2020.0, "Nota Empenho": "57554/2020", "Nota Reserva": "36933/2020", "Ata CMDP": "30/06/2020", "Processo SEI": 6012202000152987.0, "Unidade": "SMSUB", "Função": "15 - URBANISMO", "Sub Função": "452 - SERVIÇOS URBANOS", "Programa": "3006 - DIREITOS DA PESSOA COM DEFICIÊNCIA", "Atividade": "1169 - REFORMA E ACESSIBILIDADE EM PASSEIOS PÚBLICOS - PROGRAMA DE METAS 2.C", "Sub Elemento Despesa": "Manutenção e Conservação de Bens Imóveis", "Item Despesa": "Manutenção e Reformas de Bens Imóveis", "Observação Empenho": "Ata de Registros de Preços  nº 55/SMSUB/COGEL/2019 – LOTE XIX, objetivando a prestação de serviços para a readequação e manutenção dos passeios públicos – “calçadas”", "Contrato": "11204/2020", "Credor Nome": "DB CONSTRUCOES LTDA", "Valor Empenho": 0.0, "Valor Empenho Cancelado": 0.0, "Valor Empenho Líquido": 0.0, "Valor Empenho Liquidado": 0.0, "Valor Empenho Pago": 0.0, "Equipamento 1": "Calçadas", "Equipamento 2": "Calçadas", "Endereço": "R. Canápolis - Vila Medeiros, São Paulo - SP", "Região": "Norte", "Extensão (m)": null, "Trecho (Recap)": "Trecho entre Av. Jardim Japão e alinhamento com a Rua Rodrigues de Barros", "lon": -46.57612422476091, "lat": -23.489665762005611 }, "geometry": { "type": "Point", "coordinates": [ -46.57612422476091, -23.489665762005611 ] } },
{ "type": "Feature", "properties": { "Ano": 2020.0, "Nota Empenho": "57554/2020", "Nota Reserva": "36933/2020", "Ata CMDP": "30/06/2020", "Processo SEI": 6012202000152987.0, "Unidade": "SMSUB", "Função": "15 - URBANISMO", "Sub Função": "452 - SERVIÇOS URBANOS", "Programa": "3006 - DIREITOS DA PESSOA COM DEFICIÊNCIA", "Atividade": "1169 - REFORMA E ACESSIBILIDADE EM PASSEIOS PÚBLICOS - PROGRAMA DE METAS 2.C", "Sub Elemento Despesa": "Manutenção e Conservação de Bens Imóveis", "Item Despesa": "Manutenção e Reformas de Bens Imóveis", "Observação Empenho": "Ata de Registros de Preços  nº 55/SMSUB/COGEL/2019 – LOTE XIX, objetivando a prestação de serviços para a readequação e manutenção dos passeios públicos – “calçadas”", "Contrato": "11204/2020", "Credor Nome": "DB CONSTRUCOES LTDA", "Valor Empenho": 0.0, "Valor Empenho Cancelado": 0.0, "Valor Empenho Líquido": 0.0, "Valor Empenho Liquidado": 0.0, "Valor Empenho Pago": 0.0, "Equipamento 1": "Calçadas", "Equipamento 2": "Calçadas", "Endereço": "Rua Jaci Toledo - Vila Sabrina, São Paulo - SP", "Região": "Norte", "Extensão (m)": null, "Trecho (Recap)": "Trecho entre Av. João Simão de Castro e Rua Francisco Franco Machado", "lon": -46.572478904451216, "lat": -23.490987436053004 }, "geometry": { "type": "Point", "coordinates": [ -46.572478904451216, -23.490987436053004 ] } },
{ "type": "Feature", "properties": { "Ano": 2020.0, "Nota Empenho": "57554/2020", "Nota Reserva": "36933/2020", "Ata CMDP": "30/06/2020", "Processo SEI": 6012202000152987.0, "Unidade": "SMSUB", "Função": "15 - URBANISMO", "Sub Função": "452 - SERVIÇOS URBANOS", "Programa": "3006 - DIREITOS DA PESSOA COM DEFICIÊNCIA", "Atividade": "1169 - REFORMA E ACESSIBILIDADE EM PASSEIOS PÚBLICOS - PROGRAMA DE METAS 2.C", "Sub Elemento Despesa": "Manutenção e Conservação de Bens Imóveis", "Item Despesa": "Manutenção e Reformas de Bens Imóveis", "Observação Empenho": "Ata de Registros de Preços  nº 55/SMSUB/COGEL/2019 – LOTE XIX, objetivando a prestação de serviços para a readequação e manutenção dos passeios públicos – “calçadas”", "Contrato": "11204/2020", "Credor Nome": "DB CONSTRUCOES LTDA", "Valor Empenho": 0.0, "Valor Empenho Cancelado": 0.0, "Valor Empenho Líquido": 0.0, "Valor Empenho Liquidado": 0.0, "Valor Empenho Pago": 0.0, "Equipamento 1": "Calçadas", "Equipamento 2": "Calçadas", "Endereço": "Av. Milton da Rocha - Vila Sabrina, São Paulo - SP", "Região": "Norte", "Extensão (m)": null, "Trecho (Recap)": "Trecho entre Av. João Simão de Castro e Rua Francisco Franco Machado", "lon": -46.574478894199679, "lat": -23.491062322496528 }, "geometry": { "type": "Point", "coordinates": [ -46.574478894199679, -23.491062322496528 ] } },
{ "type": "Feature", "properties": { "Ano": 2020.0, "Nota Empenho": "57554/2020", "Nota Reserva": "36933/2020", "Ata CMDP": "30/06/2020", "Processo SEI": 6012202000152987.0, "Unidade": "SMSUB", "Função": "15 - URBANISMO", "Sub Função": "452 - SERVIÇOS URBANOS", "Programa": "3006 - DIREITOS DA PESSOA COM DEFICIÊNCIA", "Atividade": "1169 - REFORMA E ACESSIBILIDADE EM PASSEIOS PÚBLICOS - PROGRAMA DE METAS 2.C", "Sub Elemento Despesa": "Manutenção e Conservação de Bens Imóveis", "Item Despesa": "Manutenção e Reformas de Bens Imóveis", "Observação Empenho": "Ata de Registros de Preços  nº 55/SMSUB/COGEL/2019 – LOTE XIX, objetivando a prestação de serviços para a readequação e manutenção dos passeios públicos – “calçadas”", "Contrato": "11204/2020", "Credor Nome": "DB CONSTRUCOES LTDA", "Valor Empenho": 0.0, "Valor Empenho Cancelado": 0.0, "Valor Empenho Líquido": 0.0, "Valor Empenho Liquidado": 0.0, "Valor Empenho Pago": 0.0, "Equipamento 1": "Calçadas", "Equipamento 2": "Calçadas", "Endereço": "Praça Ângelo Conti - Vila Sabrina, São Paulo - SP", "Região": "Norte", "Extensão (m)": null, "Trecho (Recap)": "Trecho entre Av. Milton da Rocha e Av. Gustavo Adolfo", "lon": -46.57459549719043, "lat": -23.492361336374064 }, "geometry": { "type": "Point", "coordinates": [ -46.57459549719043, -23.492361336374064 ] } },
{ "type": "Feature", "properties": { "Ano": 2020.0, "Nota Empenho": "57554/2020", "Nota Reserva": "36933/2020", "Ata CMDP": "30/06/2020", "Processo SEI": 6012202000152987.0, "Unidade": "SMSUB", "Função": "15 - URBANISMO", "Sub Função": "452 - SERVIÇOS URBANOS", "Programa": "3006 - DIREITOS DA PESSOA COM DEFICIÊNCIA", "Atividade": "1169 - REFORMA E ACESSIBILIDADE EM PASSEIOS PÚBLICOS - PROGRAMA DE METAS 2.C", "Sub Elemento Despesa": "Manutenção e Conservação de Bens Imóveis", "Item Despesa": "Manutenção e Reformas de Bens Imóveis", "Observação Empenho": "Ata de Registros de Preços  nº 55/SMSUB/COGEL/2019 – LOTE XIX, objetivando a prestação de serviços para a readequação e manutenção dos passeios públicos – “calçadas”", "Contrato": "11204/2020", "Credor Nome": "DB CONSTRUCOES LTDA", "Valor Empenho": 0.0, "Valor Empenho Cancelado": 0.0, "Valor Empenho Líquido": 0.0, "Valor Empenho Liquidado": 0.0, "Valor Empenho Pago": 0.0, "Equipamento 1": "Calçadas", "Equipamento 2": "Calçadas", "Endereço": "Praça Ângelo Conti - Vila Sabrina, São Paulo - SP", "Região": "Norte", "Extensão (m)": null, "Trecho (Recap)": "Trecho entre Av. Gustavo Adolfo e Av. Prof Castro Junior", "lon": -46.574634404211984, "lat": -23.492816340853039 }, "geometry": { "type": "Point", "coordinates": [ -46.574634404211984, -23.492816340853039 ] } },
{ "type": "Feature", "properties": { "Ano": 2020.0, "Nota Empenho": "57554/2020", "Nota Reserva": "36933/2020", "Ata CMDP": "30/06/2020", "Processo SEI": 6012202000152987.0, "Unidade": "SMSUB", "Função": "15 - URBANISMO", "Sub Função": "452 - SERVIÇOS URBANOS", "Programa": "3006 - DIREITOS DA PESSOA COM DEFICIÊNCIA", "Atividade": "1169 - REFORMA E ACESSIBILIDADE EM PASSEIOS PÚBLICOS - PROGRAMA DE METAS 2.C", "Sub Elemento Despesa": "Manutenção e Conservação de Bens Imóveis", "Item Despesa": "Manutenção e Reformas de Bens Imóveis", "Observação Empenho": "Ata de Registros de Preços  nº 55/SMSUB/COGEL/2019 – LOTE XIX, objetivando a prestação de serviços para a readequação e manutenção dos passeios públicos – “calçadas”", "Contrato": "11204/2020", "Credor Nome": "DB CONSTRUCOES LTDA", "Valor Empenho": 0.0, "Valor Empenho Cancelado": 0.0, "Valor Empenho Líquido": 0.0, "Valor Empenho Liquidado": 0.0, "Valor Empenho Pago": 0.0, "Equipamento 1": "Calçadas", "Equipamento 2": "Calçadas", "Endereço": "Praça Ângelo Conti - Vila Sabrina, São Paulo - SP", "Região": "Norte", "Extensão (m)": null, "Trecho (Recap)": "Trecho entre Rua Anibal Martins até Rua Francisco Franco Machado", "lon": -46.574143904059959, "lat": -23.492489589097897 }, "geometry": { "type": "Point", "coordinates": [ -46.574143904059959, -23.492489589097897 ] } },
{ "type": "Feature", "properties": { "Ano": 2020.0, "Nota Empenho": "57554/2020", "Nota Reserva": "36933/2020", "Ata CMDP": "30/06/2020", "Processo SEI": 6012202000152987.0, "Unidade": "SMSUB", "Função": "15 - URBANISMO", "Sub Função": "452 - SERVIÇOS URBANOS", "Programa": "3006 - DIREITOS DA PESSOA COM DEFICIÊNCIA", "Atividade": "1169 - REFORMA E ACESSIBILIDADE EM PASSEIOS PÚBLICOS - PROGRAMA DE METAS 2.C", "Sub Elemento Despesa": "Manutenção e Conservação de Bens Imóveis", "Item Despesa": "Manutenção e Reformas de Bens Imóveis", "Observação Empenho": "Ata de Registros de Preços  nº 55/SMSUB/COGEL/2019 – LOTE XIX, objetivando a prestação de serviços para a readequação e manutenção dos passeios públicos – “calçadas”", "Contrato": "11204/2020", "Credor Nome": "DB CONSTRUCOES LTDA", "Valor Empenho": 0.0, "Valor Empenho Cancelado": 0.0, "Valor Empenho Líquido": 0.0, "Valor Empenho Liquidado": 0.0, "Valor Empenho Pago": 0.0, "Equipamento 1": "Calçadas", "Equipamento 2": "Calçadas", "Endereço": "R. Francisco Franco Machado - Vila Sabrina, São Paulo - SP", "Região": "Norte", "Extensão (m)": null, "Trecho (Recap)": "Trecho entre Praça Angelo Conti e Rua Jaci Toledo", "lon": -46.573540318015112, "lat": -23.492141478891188 }, "geometry": { "type": "Point", "coordinates": [ -46.573540318015112, -23.492141478891188 ] } },
{ "type": "Feature", "properties": { "Ano": 2020.0, "Nota Empenho": "57554/2020", "Nota Reserva": "36933/2020", "Ata CMDP": "30/06/2020", "Processo SEI": 6012202000152987.0, "Unidade": "SMSUB", "Função": "15 - URBANISMO", "Sub Função": "452 - SERVIÇOS URBANOS", "Programa": "3006 - DIREITOS DA PESSOA COM DEFICIÊNCIA", "Atividade": "1169 - REFORMA E ACESSIBILIDADE EM PASSEIOS PÚBLICOS - PROGRAMA DE METAS 2.C", "Sub Elemento Despesa": "Manutenção e Conservação de Bens Imóveis", "Item Despesa": "Manutenção e Reformas de Bens Imóveis", "Observação Empenho": "Ata de Registros de Preços  nº 55/SMSUB/COGEL/2019 – LOTE XIX, objetivando a prestação de serviços para a readequação e manutenção dos passeios públicos – “calçadas”", "Contrato": "11204/2020", "Credor Nome": "DB CONSTRUCOES LTDA", "Valor Empenho": 0.0, "Valor Empenho Cancelado": 0.0, "Valor Empenho Líquido": 0.0, "Valor Empenho Liquidado": 0.0, "Valor Empenho Pago": 0.0, "Equipamento 1": "Calçadas", "Equipamento 2": "Calçadas", "Endereço": "R. Aníbal Martins - Vila Sabrina, São Paulo - SP", "Região": "Norte", "Extensão (m)": null, "Trecho (Recap)": "Trecho entre Av. Mali Argolo Ferrao até Rua Jaci Toledo", "lon": -46.573276810377692, "lat": -23.49279421852934 }, "geometry": { "type": "Point", "coordinates": [ -46.573276810377692, -23.49279421852934 ] } },
{ "type": "Feature", "properties": { "Ano": 2020.0, "Nota Empenho": "59529/2020", "Nota Reserva": "36933/2020", "Ata CMDP": "30/06/2020", "Processo SEI": 6012202000182070.0, "Unidade": "SMSUB", "Função": "15 - URBANISMO", "Sub Função": "452 - SERVIÇOS URBANOS", "Programa": "3006 - DIREITOS DA PESSOA COM DEFICIÊNCIA", "Atividade": "1169 - REFORMA E ACESSIBILIDADE EM PASSEIOS PÚBLICOS - PROGRAMA DE METAS 2.C", "Sub Elemento Despesa": "Manutenção e Conservação de Bens Imóveis", "Item Despesa": "Manutenção e Reformas de Bens Imóveis", "Observação Empenho": " Ata de Registros de Preços  nº 41/SMSUB/COGEL/2019 – LOTE IV, objetivando a prestação de serviços para a readequação e manutenção dos passeios públicos – “calçadas”.", "Contrato": "11503/2020", "Credor Nome": "DB CONSTRUCOES LTDA", "Valor Empenho": 2054992.45, "Valor Empenho Cancelado": 1143660.68, "Valor Empenho Líquido": 2054992.45, "Valor Empenho Liquidado": 911331.77, "Valor Empenho Pago": 911331.77, "Equipamento 1": "Calçadas", "Equipamento 2": "Calçadas", "Endereço": "R. Tuiuti - Tatuapé, São Paulo - SP", "Região": "Leste", "Extensão (m)": null, "Trecho (Recap)": "Trecho entre Rua Padre Avelino e Rua Platina", "lon": -46.574935813052186, "lat": -23.543067819082804 }, "geometry": { "type": "Point", "coordinates": [ -46.574935813052186, -23.543067819082804 ] } },
{ "type": "Feature", "properties": { "Ano": 2020.0, "Nota Empenho": "59529/2020", "Nota Reserva": "36933/2020", "Ata CMDP": "30/06/2020", "Processo SEI": 6012202000182070.0, "Unidade": "SMSUB", "Função": "15 - URBANISMO", "Sub Função": "452 - SERVIÇOS URBANOS", "Programa": "3006 - DIREITOS DA PESSOA COM DEFICIÊNCIA", "Atividade": "1169 - REFORMA E ACESSIBILIDADE EM PASSEIOS PÚBLICOS - PROGRAMA DE METAS 2.C", "Sub Elemento Despesa": "Manutenção e Conservação de Bens Imóveis", "Item Despesa": "Manutenção e Reformas de Bens Imóveis", "Observação Empenho": " Ata de Registros de Preços  nº 41/SMSUB/COGEL/2019 – LOTE IV, objetivando a prestação de serviços para a readequação e manutenção dos passeios públicos – “calçadas”.", "Contrato": "11503/2020", "Credor Nome": "DB CONSTRUCOES LTDA", "Valor Empenho": 0.0, "Valor Empenho Cancelado": 0.0, "Valor Empenho Líquido": 0.0, "Valor Empenho Liquidado": 0.0, "Valor Empenho Pago": 0.0, "Equipamento 1": "Calçadas", "Equipamento 2": "Calçadas", "Endereço": "R. Platina - Vila Azevedo, São Paulo - SP", "Região": "Leste", "Extensão (m)": null, "Trecho (Recap)": "Trecho entre Rua Tuiuti e Rua Cel. Joaquim Antonio Dias", "lon": -46.574941829229992, "lat": -23.541722428521631 }, "geometry": { "type": "Point", "coordinates": [ -46.574941829229992, -23.541722428521631 ] } },
{ "type": "Feature", "properties": { "Ano": 2020.0, "Nota Empenho": "59529/2020", "Nota Reserva": "36933/2020", "Ata CMDP": "30/06/2020", "Processo SEI": 6012202000182070.0, "Unidade": "SMSUB", "Função": "15 - URBANISMO", "Sub Função": "452 - SERVIÇOS URBANOS", "Programa": "3006 - DIREITOS DA PESSOA COM DEFICIÊNCIA", "Atividade": "1169 - REFORMA E ACESSIBILIDADE EM PASSEIOS PÚBLICOS - PROGRAMA DE METAS 2.C", "Sub Elemento Despesa": "Manutenção e Conservação de Bens Imóveis", "Item Despesa": "Manutenção e Reformas de Bens Imóveis", "Observação Empenho": " Ata de Registros de Preços  nº 41/SMSUB/COGEL/2019 – LOTE IV, objetivando a prestação de serviços para a readequação e manutenção dos passeios públicos – “calçadas”.", "Contrato": "11503/2020", "Credor Nome": "DB CONSTRUCOES LTDA", "Valor Empenho": 0.0, "Valor Empenho Cancelado": 0.0, "Valor Empenho Líquido": 0.0, "Valor Empenho Liquidado": 0.0, "Valor Empenho Pago": 0.0, "Equipamento 1": "Calçadas", "Equipamento 2": "Calçadas", "Endereço": "Praça Cel. Sandoval de Figueiredo - Vila Azevedo, São Paulo - SP", "Região": "Leste", "Extensão (m)": null, "Trecho (Recap)": "Trecho entre Rua Cel. Joaquim Antonio Dias até Rua Cel. Luis Americano", "lon": -46.574232483146993, "lat": -23.541572542825424 }, "geometry": { "type": "Point", "coordinates": [ -46.574232483146993, -23.541572542825424 ] } },
{ "type": "Feature", "properties": { "Ano": 2020.0, "Nota Empenho": "59529/2020", "Nota Reserva": "36933/2020", "Ata CMDP": "30/06/2020", "Processo SEI": 6012202000182070.0, "Unidade": "SMSUB", "Função": "15 - URBANISMO", "Sub Função": "452 - SERVIÇOS URBANOS", "Programa": "3006 - DIREITOS DA PESSOA COM DEFICIÊNCIA", "Atividade": "1169 - REFORMA E ACESSIBILIDADE EM PASSEIOS PÚBLICOS - PROGRAMA DE METAS 2.C", "Sub Elemento Despesa": "Manutenção e Conservação de Bens Imóveis", "Item Despesa": "Manutenção e Reformas de Bens Imóveis", "Observação Empenho": " Ata de Registros de Preços  nº 41/SMSUB/COGEL/2019 – LOTE IV, objetivando a prestação de serviços para a readequação e manutenção dos passeios públicos – “calçadas”.", "Contrato": "11503/2020", "Credor Nome": "DB CONSTRUCOES LTDA", "Valor Empenho": 0.0, "Valor Empenho Cancelado": 0.0, "Valor Empenho Líquido": 0.0, "Valor Empenho Liquidado": 0.0, "Valor Empenho Pago": 0.0, "Equipamento 1": "Calçadas", "Equipamento 2": "Calçadas", "Endereço": "R. Apucarana - Vila Gomes Cardim, São Paulo - SP", "Região": "Leste", "Extensão (m)": null, "Trecho (Recap)": "Trecho entre Rua Melo Freire e Rua Tijuco Preto", "lon": -46.564776513444045, "lat": -23.540753401774435 }, "geometry": { "type": "Point", "coordinates": [ -46.564776513444045, -23.540753401774435 ] } },
{ "type": "Feature", "properties": { "Ano": 2020.0, "Nota Empenho": "59529/2020", "Nota Reserva": "36933/2020", "Ata CMDP": "30/06/2020", "Processo SEI": 6012202000182070.0, "Unidade": "SMSUB", "Função": "15 - URBANISMO", "Sub Função": "452 - SERVIÇOS URBANOS", "Programa": "3006 - DIREITOS DA PESSOA COM DEFICIÊNCIA", "Atividade": "1169 - REFORMA E ACESSIBILIDADE EM PASSEIOS PÚBLICOS - PROGRAMA DE METAS 2.C", "Sub Elemento Despesa": "Manutenção e Conservação de Bens Imóveis", "Item Despesa": "Manutenção e Reformas de Bens Imóveis", "Observação Empenho": " Ata de Registros de Preços  nº 41/SMSUB/COGEL/2019 – LOTE IV, objetivando a prestação de serviços para a readequação e manutenção dos passeios públicos – “calçadas”.", "Contrato": "11503/2020", "Credor Nome": "DB CONSTRUCOES LTDA", "Valor Empenho": 0.0, "Valor Empenho Cancelado": 0.0, "Valor Empenho Líquido": 0.0, "Valor Empenho Liquidado": 0.0, "Valor Empenho Pago": 0.0, "Equipamento 1": "Calçadas", "Equipamento 2": "Calçadas", "Endereço": "R. Monte Serrat - Tatuapé, São Paulo - SP", "Região": "Leste", "Extensão (m)": null, "Trecho (Recap)": "Trecho entre Rua Melo Freire e Rua Tijuco Preto", "lon": -46.562103903746731, "lat": -23.540543787877791 }, "geometry": { "type": "Point", "coordinates": [ -46.562103903746731, -23.540543787877791 ] } },
{ "type": "Feature", "properties": { "Ano": 2020.0, "Nota Empenho": "59529/2020", "Nota Reserva": "36933/2020", "Ata CMDP": "30/06/2020", "Processo SEI": 6012202000182070.0, "Unidade": "SMSUB", "Função": "15 - URBANISMO", "Sub Função": "452 - SERVIÇOS URBANOS", "Programa": "3006 - DIREITOS DA PESSOA COM DEFICIÊNCIA", "Atividade": "1169 - REFORMA E ACESSIBILIDADE EM PASSEIOS PÚBLICOS - PROGRAMA DE METAS 2.C", "Sub Elemento Despesa": "Manutenção e Conservação de Bens Imóveis", "Item Despesa": "Manutenção e Reformas de Bens Imóveis", "Observação Empenho": " Ata de Registros de Preços  nº 41/SMSUB/COGEL/2019 – LOTE IV, objetivando a prestação de serviços para a readequação e manutenção dos passeios públicos – “calçadas”.", "Contrato": "11503/2020", "Credor Nome": "DB CONSTRUCOES LTDA", "Valor Empenho": 0.0, "Valor Empenho Cancelado": 0.0, "Valor Empenho Líquido": 0.0, "Valor Empenho Liquidado": 0.0, "Valor Empenho Pago": 0.0, "Equipamento 1": "Calçadas", "Equipamento 2": "Calçadas", "Endereço": "R. Serra De Botucatu - Tatuapé, São Paulo - SP", "Região": "Leste", "Extensão (m)": null, "Trecho (Recap)": "Trecho entre Rua Apucarana e Rua Monte Serra", "lon": -46.56318428272678, "lat": -23.54287420568016 }, "geometry": { "type": "Point", "coordinates": [ -46.56318428272678, -23.54287420568016 ] } },
{ "type": "Feature", "properties": { "Ano": 2020.0, "Nota Empenho": "61425/2020", "Nota Reserva": "36933/2020", "Ata CMDP": "30/06/2020", "Processo SEI": 6012202000193527.0, "Unidade": "SMSUB", "Função": "15 - URBANISMO", "Sub Função": "452 - SERVIÇOS URBANOS", "Programa": "3006 - DIREITOS DA PESSOA COM DEFICIÊNCIA", "Atividade": "1169 - REFORMA E ACESSIBILIDADE EM PASSEIOS PÚBLICOS - PROGRAMA DE METAS 2.C", "Sub Elemento Despesa": "Manutenção e Conservação de Bens Imóveis", "Item Despesa": "Manutenção e Reformas de Bens Imóveis", "Observação Empenho": " Ata de Registros de Preços  nº 48/SMSUB/COGEL/2019 – LOTE XI, objetivando a prestação de serviços para a readequação e manutenção dos passeios públicos.", "Contrato": "12839/2020", "Credor Nome": "JRA  EMPREENDIMENTOS E ENGENHARIA LTDA", "Valor Empenho": 4797604.37, "Valor Empenho Cancelado": 1876489.41, "Valor Empenho Líquido": 4797604.37, "Valor Empenho Liquidado": 2921114.96, "Valor Empenho Pago": 2921114.96, "Equipamento 1": "Calçadas", "Equipamento 2": "Calçadas", "Endereço": "Av. Dr. Francisco Mesquita - Quinta da Paineira, São Paulo - SP", "Região": "Sul", "Extensão (m)": null, "Trecho (Recap)": "Trecho entre Rua Guamiranga e Rua Forte de São Bartolomeu", "lon": -46.581830536732028, "lat": -23.596563264790152 }, "geometry": { "type": "Point", "coordinates": [ -46.581830536732028, -23.596563264790152 ] } },
{ "type": "Feature", "properties": { "Ano": 2020.0, "Nota Empenho": "61425/2020", "Nota Reserva": "36933/2020", "Ata CMDP": "30/06/2020", "Processo SEI": 6012202000193527.0, "Unidade": "SMSUB", "Função": "15 - URBANISMO", "Sub Função": "452 - SERVIÇOS URBANOS", "Programa": "3006 - DIREITOS DA PESSOA COM DEFICIÊNCIA", "Atividade": "1169 - REFORMA E ACESSIBILIDADE EM PASSEIOS PÚBLICOS - PROGRAMA DE METAS 2.C", "Sub Elemento Despesa": "Manutenção e Conservação de Bens Imóveis", "Item Despesa": "Manutenção e Reformas de Bens Imóveis", "Observação Empenho": " Ata de Registros de Preços  nº 48/SMSUB/COGEL/2019 – LOTE XI, objetivando a prestação de serviços para a readequação e manutenção dos passeios públicos.", "Contrato": "12839/2020", "Credor Nome": "JRA  EMPREENDIMENTOS E ENGENHARIA LTDA", "Valor Empenho": 0.0, "Valor Empenho Cancelado": 0.0, "Valor Empenho Líquido": 0.0, "Valor Empenho Liquidado": 0.0, "Valor Empenho Pago": 0.0, "Equipamento 1": "Calçadas", "Equipamento 2": "Calçadas", "Endereço": "Av. Dr. Francisco Mesquita - Quinta da Paineira, São Paulo - SP", "Região": "Sul", "Extensão (m)": null, "Trecho (Recap)": "Trecho entre Rua Ibitirama e Rua Vila Prudente", "lon": -46.579636599807863, "lat": -23.598999466131147 }, "geometry": { "type": "Point", "coordinates": [ -46.579636599807863, -23.598999466131147 ] } },
{ "type": "Feature", "properties": { "Ano": 2020.0, "Nota Empenho": "61425/2020", "Nota Reserva": "36933/2020", "Ata CMDP": "30/06/2020", "Processo SEI": 6012202000193527.0, "Unidade": "SMSUB", "Função": "15 - URBANISMO", "Sub Função": "452 - SERVIÇOS URBANOS", "Programa": "3006 - DIREITOS DA PESSOA COM DEFICIÊNCIA", "Atividade": "1169 - REFORMA E ACESSIBILIDADE EM PASSEIOS PÚBLICOS - PROGRAMA DE METAS 2.C", "Sub Elemento Despesa": "Manutenção e Conservação de Bens Imóveis", "Item Despesa": "Manutenção e Reformas de Bens Imóveis", "Observação Empenho": " Ata de Registros de Preços  nº 48/SMSUB/COGEL/2019 – LOTE XI, objetivando a prestação de serviços para a readequação e manutenção dos passeios públicos.", "Contrato": "12839/2020", "Credor Nome": "JRA  EMPREENDIMENTOS E ENGENHARIA LTDA", "Valor Empenho": 0.0, "Valor Empenho Cancelado": 0.0, "Valor Empenho Líquido": 0.0, "Valor Empenho Liquidado": 0.0, "Valor Empenho Pago": 0.0, "Equipamento 1": "Calçadas", "Equipamento 2": "Calçadas", "Endereço": "Av. Dr. Francisco Mesquita - Quinta da Paineira, São Paulo - SP", "Região": "Sul", "Extensão (m)": null, "Trecho (Recap)": "Trecho entre Rua Jacaraipe e Praça Orlandia", "lon": -46.584611518332459, "lat": -23.592954904436358 }, "geometry": { "type": "Point", "coordinates": [ -46.584611518332459, -23.592954904436358 ] } },
{ "type": "Feature", "properties": { "Ano": 2020.0, "Nota Empenho": "61425/2020", "Nota Reserva": "36933/2020", "Ata CMDP": "30/06/2020", "Processo SEI": 6012202000193527.0, "Unidade": "SMSUB", "Função": "15 - URBANISMO", "Sub Função": "452 - SERVIÇOS URBANOS", "Programa": "3006 - DIREITOS DA PESSOA COM DEFICIÊNCIA", "Atividade": "1169 - REFORMA E ACESSIBILIDADE EM PASSEIOS PÚBLICOS - PROGRAMA DE METAS 2.C", "Sub Elemento Despesa": "Manutenção e Conservação de Bens Imóveis", "Item Despesa": "Manutenção e Reformas de Bens Imóveis", "Observação Empenho": " Ata de Registros de Preços  nº 48/SMSUB/COGEL/2019 – LOTE XI, objetivando a prestação de serviços para a readequação e manutenção dos passeios públicos.", "Contrato": "12839/2020", "Credor Nome": "JRA  EMPREENDIMENTOS E ENGENHARIA LTDA", "Valor Empenho": 0.0, "Valor Empenho Cancelado": 0.0, "Valor Empenho Líquido": 0.0, "Valor Empenho Liquidado": 0.0, "Valor Empenho Pago": 0.0, "Equipamento 1": "Calçadas", "Equipamento 2": "Calçadas", "Endereço": "R. Pindamonhangaba - Quinta da Paineira, São Paulo - SP", "Região": "Sul", "Extensão (m)": null, "Trecho (Recap)": "Trecho entre Av. Dr. Francisco Mesquita até Praça Mario Ortiz", "lon": -46.588756568941527, "lat": -23.588237989157964 }, "geometry": { "type": "Point", "coordinates": [ -46.588756568941527, -23.588237989157964 ] } },
{ "type": "Feature", "properties": { "Ano": 2020.0, "Nota Empenho": "61425/2020", "Nota Reserva": "36933/2020", "Ata CMDP": "30/06/2020", "Processo SEI": 6012202000193527.0, "Unidade": "SMSUB", "Função": "15 - URBANISMO", "Sub Função": "452 - SERVIÇOS URBANOS", "Programa": "3006 - DIREITOS DA PESSOA COM DEFICIÊNCIA", "Atividade": "1169 - REFORMA E ACESSIBILIDADE EM PASSEIOS PÚBLICOS - PROGRAMA DE METAS 2.C", "Sub Elemento Despesa": "Manutenção e Conservação de Bens Imóveis", "Item Despesa": "Manutenção e Reformas de Bens Imóveis", "Observação Empenho": " Ata de Registros de Preços  nº 48/SMSUB/COGEL/2019 – LOTE XI, objetivando a prestação de serviços para a readequação e manutenção dos passeios públicos.", "Contrato": "12839/2020", "Credor Nome": "JRA  EMPREENDIMENTOS E ENGENHARIA LTDA", "Valor Empenho": 0.0, "Valor Empenho Cancelado": 0.0, "Valor Empenho Líquido": 0.0, "Valor Empenho Liquidado": 0.0, "Valor Empenho Pago": 0.0, "Equipamento 1": "Calçadas", "Equipamento 2": "Calçadas", "Endereço": "R. Igaratá, 46 - Quinta da Paineira, São Paulo - SP", "Região": "Sul", "Extensão (m)": null, "Trecho (Recap)": "Trecho entre Av. Dr. Francisco Mesquita e Rua Madre Assunta_x000D_", "lon": -46.587808515176576, "lat": -23.58922294822197 }, "geometry": { "type": "Point", "coordinates": [ -46.587808515176576, -23.58922294822197 ] } },
{ "type": "Feature", "properties": { "Ano": 2020.0, "Nota Empenho": "61425/2020", "Nota Reserva": "36933/2020", "Ata CMDP": "30/06/2020", "Processo SEI": 6012202000193527.0, "Unidade": "SMSUB", "Função": "15 - URBANISMO", "Sub Função": "452 - SERVIÇOS URBANOS", "Programa": "3006 - DIREITOS DA PESSOA COM DEFICIÊNCIA", "Atividade": "1169 - REFORMA E ACESSIBILIDADE EM PASSEIOS PÚBLICOS - PROGRAMA DE METAS 2.C", "Sub Elemento Despesa": "Manutenção e Conservação de Bens Imóveis", "Item Despesa": "Manutenção e Reformas de Bens Imóveis", "Observação Empenho": " Ata de Registros de Preços  nº 48/SMSUB/COGEL/2019 – LOTE XI, objetivando a prestação de serviços para a readequação e manutenção dos passeios públicos.", "Contrato": "12839/2020", "Credor Nome": "JRA  EMPREENDIMENTOS E ENGENHARIA LTDA", "Valor Empenho": 0.0, "Valor Empenho Cancelado": 0.0, "Valor Empenho Líquido": 0.0, "Valor Empenho Liquidado": 0.0, "Valor Empenho Pago": 0.0, "Equipamento 1": "Calçadas", "Equipamento 2": "Calçadas", "Endereço": "R. Madre Assunta - Quinta da Paineira, São Paulo - SP", "Região": "Sul", "Extensão (m)": null, "Trecho (Recap)": "Trecho entre Rua Igarata e Praça Julianopolis", "lon": -46.587185008841743, "lat": -23.589071437568705 }, "geometry": { "type": "Point", "coordinates": [ -46.587185008841743, -23.589071437568705 ] } },
{ "type": "Feature", "properties": { "Ano": 2020.0, "Nota Empenho": "61425/2020", "Nota Reserva": "36933/2020", "Ata CMDP": "30/06/2020", "Processo SEI": 6012202000193527.0, "Unidade": "SMSUB", "Função": "15 - URBANISMO", "Sub Função": "452 - SERVIÇOS URBANOS", "Programa": "3006 - DIREITOS DA PESSOA COM DEFICIÊNCIA", "Atividade": "1169 - REFORMA E ACESSIBILIDADE EM PASSEIOS PÚBLICOS - PROGRAMA DE METAS 2.C", "Sub Elemento Despesa": "Manutenção e Conservação de Bens Imóveis", "Item Despesa": "Manutenção e Reformas de Bens Imóveis", "Observação Empenho": " Ata de Registros de Preços  nº 48/SMSUB/COGEL/2019 – LOTE XI, objetivando a prestação de serviços para a readequação e manutenção dos passeios públicos.", "Contrato": "12839/2020", "Credor Nome": "JRA  EMPREENDIMENTOS E ENGENHARIA LTDA", "Valor Empenho": 0.0, "Valor Empenho Cancelado": 0.0, "Valor Empenho Líquido": 0.0, "Valor Empenho Liquidado": 0.0, "Valor Empenho Pago": 0.0, "Equipamento 1": "Calçadas", "Equipamento 2": "Calçadas", "Endereço": "Praça Mário Ortiz - Vila Prudente, São Paulo - SP", "Região": "Sul", "Extensão (m)": null, "Trecho (Recap)": "Trecho entre Rua Pindamonhangaba e Rua Igarata", "lon": -46.588068693570243, "lat": -23.58849336177666 }, "geometry": { "type": "Point", "coordinates": [ -46.588068693570243, -23.58849336177666 ] } },
{ "type": "Feature", "properties": { "Ano": 2020.0, "Nota Empenho": "61425/2020", "Nota Reserva": "36933/2020", "Ata CMDP": "30/06/2020", "Processo SEI": 6012202000193527.0, "Unidade": "SMSUB", "Função": "15 - URBANISMO", "Sub Função": "452 - SERVIÇOS URBANOS", "Programa": "3006 - DIREITOS DA PESSOA COM DEFICIÊNCIA", "Atividade": "1169 - REFORMA E ACESSIBILIDADE EM PASSEIOS PÚBLICOS - PROGRAMA DE METAS 2.C", "Sub Elemento Despesa": "Manutenção e Conservação de Bens Imóveis", "Item Despesa": "Manutenção e Reformas de Bens Imóveis", "Observação Empenho": " Ata de Registros de Preços  nº 48/SMSUB/COGEL/2019 – LOTE XI, objetivando a prestação de serviços para a readequação e manutenção dos passeios públicos.", "Contrato": "12839/2020", "Credor Nome": "JRA  EMPREENDIMENTOS E ENGENHARIA LTDA", "Valor Empenho": 0.0, "Valor Empenho Cancelado": 0.0, "Valor Empenho Líquido": 0.0, "Valor Empenho Liquidado": 0.0, "Valor Empenho Pago": 0.0, "Equipamento 1": "Calçadas", "Equipamento 2": "Calçadas", "Endereço": "R. Pinheiro Guimarães - Parque da Vila Prudente, São Paulo - SP", "Região": "Sul", "Extensão (m)": null, "Trecho (Recap)": "Trecho entre Av. Prof Luiz Ignacio Anhaia Melo e Av. Zelina", "lon": -46.573416915458481, "lat": -23.585738638379198 }, "geometry": { "type": "Point", "coordinates": [ -46.573416915458481, -23.585738638379198 ] } },
{ "type": "Feature", "properties": { "Ano": 2020.0, "Nota Empenho": "61425/2020", "Nota Reserva": "36933/2020", "Ata CMDP": "30/06/2020", "Processo SEI": 6012202000193527.0, "Unidade": "SMSUB", "Função": "15 - URBANISMO", "Sub Função": "452 - SERVIÇOS URBANOS", "Programa": "3006 - DIREITOS DA PESSOA COM DEFICIÊNCIA", "Atividade": "1169 - REFORMA E ACESSIBILIDADE EM PASSEIOS PÚBLICOS - PROGRAMA DE METAS 2.C", "Sub Elemento Despesa": "Manutenção e Conservação de Bens Imóveis", "Item Despesa": "Manutenção e Reformas de Bens Imóveis", "Observação Empenho": " Ata de Registros de Preços  nº 48/SMSUB/COGEL/2019 – LOTE XI, objetivando a prestação de serviços para a readequação e manutenção dos passeios públicos.", "Contrato": "12839/2020", "Credor Nome": "JRA  EMPREENDIMENTOS E ENGENHARIA LTDA", "Valor Empenho": 0.0, "Valor Empenho Cancelado": 0.0, "Valor Empenho Líquido": 0.0, "Valor Empenho Liquidado": 0.0, "Valor Empenho Pago": 0.0, "Equipamento 1": "Calçadas", "Equipamento 2": "Calçadas", "Endereço": "Av. Zelina - Vila Prudente, São Paulo - SP", "Região": "Sul", "Extensão (m)": null, "Trecho (Recap)": "Trecho entre Rua Br. De Juparana e Rua Campos Novos", "lon": -46.573440716588415, "lat": -23.590275864269877 }, "geometry": { "type": "Point", "coordinates": [ -46.573440716588415, -23.590275864269877 ] } },
{ "type": "Feature", "properties": { "Ano": 2020.0, "Nota Empenho": "64227/2020", "Nota Reserva": "36933/2020", "Ata CMDP": "30/06/2020", "Processo SEI": 6012202000193535.0, "Unidade": "SMSUB", "Função": "15 - URBANISMO", "Sub Função": "452 - SERVIÇOS URBANOS", "Programa": "3006 - DIREITOS DA PESSOA COM DEFICIÊNCIA", "Atividade": "1169 - REFORMA E ACESSIBILIDADE EM PASSEIOS PÚBLICOS - PROGRAMA DE METAS 2.C", "Sub Elemento Despesa": "Manutenção e Conservação de Bens Imóveis", "Item Despesa": "Manutenção e Reformas de Bens Imóveis", "Observação Empenho": " Prestação de serviços para a readequação e manutenção dos passeios públicos – “calçadas”", "Contrato": "14192/2020", "Credor Nome": "ENGENHARIA E COMERCIO RIGEL LTDA", "Valor Empenho": 2522717.85, "Valor Empenho Cancelado": 1762790.06, "Valor Empenho Líquido": 2522717.85, "Valor Empenho Liquidado": 759927.79, "Valor Empenho Pago": 759927.79, "Equipamento 1": "Calçadas", "Equipamento 2": "Calçadas", "Endereço": "Rua Gen. Jardim - Vila Buarque, São Paulo - SP", "Região": "Centro", "Extensão (m)": null, "Trecho (Recap)": "Trecho entre Rua Araújo e Rua Sabará", "lon": -46.649632824291729, "lat": -23.544617269689414 }, "geometry": { "type": "Point", "coordinates": [ -46.649632824291729, -23.544617269689414 ] } },
{ "type": "Feature", "properties": { "Ano": 2020.0, "Nota Empenho": "64227/2020", "Nota Reserva": "36933/2020", "Ata CMDP": "30/06/2020", "Processo SEI": 6012202000193535.0, "Unidade": "SMSUB", "Função": "15 - URBANISMO", "Sub Função": "452 - SERVIÇOS URBANOS", "Programa": "3006 - DIREITOS DA PESSOA COM DEFICIÊNCIA", "Atividade": "1169 - REFORMA E ACESSIBILIDADE EM PASSEIOS PÚBLICOS - PROGRAMA DE METAS 2.C", "Sub Elemento Despesa": "Manutenção e Conservação de Bens Imóveis", "Item Despesa": "Manutenção e Reformas de Bens Imóveis", "Observação Empenho": " Prestação de serviços para a readequação e manutenção dos passeios públicos – “calçadas”", "Contrato": "14192/2020", "Credor Nome": "ENGENHARIA E COMERCIO RIGEL LTDA", "Valor Empenho": 0.0, "Valor Empenho Cancelado": 0.0, "Valor Empenho Líquido": 0.0, "Valor Empenho Liquidado": 0.0, "Valor Empenho Pago": 0.0, "Equipamento 1": "Calçadas", "Equipamento 2": "Calçadas", "Endereço": "R. Marquês de Itu - Higienópolis, São Paulo - SP", "Região": "Centro", "Extensão (m)": null, "Trecho (Recap)": "Trecho entre Praça da República e Rua Dr. Cesário Mota Jr", "lon": -46.650686902712067, "lat": -23.543718228266531 }, "geometry": { "type": "Point", "coordinates": [ -46.650686902712067, -23.543718228266531 ] } },
{ "type": "Feature", "properties": { "Ano": 2020.0, "Nota Empenho": "64227/2020", "Nota Reserva": "36933/2020", "Ata CMDP": "30/06/2020", "Processo SEI": 6012202000193535.0, "Unidade": "SMSUB", "Função": "15 - URBANISMO", "Sub Função": "452 - SERVIÇOS URBANOS", "Programa": "3006 - DIREITOS DA PESSOA COM DEFICIÊNCIA", "Atividade": "1169 - REFORMA E ACESSIBILIDADE EM PASSEIOS PÚBLICOS - PROGRAMA DE METAS 2.C", "Sub Elemento Despesa": "Manutenção e Conservação de Bens Imóveis", "Item Despesa": "Manutenção e Reformas de Bens Imóveis", "Observação Empenho": " Prestação de serviços para a readequação e manutenção dos passeios públicos – “calçadas”", "Contrato": "14192/2020", "Credor Nome": "ENGENHARIA E COMERCIO RIGEL LTDA", "Valor Empenho": 0.0, "Valor Empenho Cancelado": 0.0, "Valor Empenho Líquido": 0.0, "Valor Empenho Liquidado": 0.0, "Valor Empenho Pago": 0.0, "Equipamento 1": "Calçadas", "Equipamento 2": "Calçadas", "Endereço": "R. Marquês de Itu - Higienópolis, São Paulo - SP", "Região": "Centro", "Extensão (m)": null, "Trecho (Recap)": "Trecho entre Praça da República e Rua Martim Francisco", "lon": -46.653554036109533, "lat": -23.543677330679568 }, "geometry": { "type": "Point", "coordinates": [ -46.653554036109533, -23.543677330679568 ] } },
{ "type": "Feature", "properties": { "Ano": 2020.0, "Nota Empenho": "64227/2020", "Nota Reserva": "36933/2020", "Ata CMDP": "30/06/2020", "Processo SEI": 6012202000193535.0, "Unidade": "SMSUB", "Função": "15 - URBANISMO", "Sub Função": "452 - SERVIÇOS URBANOS", "Programa": "3006 - DIREITOS DA PESSOA COM DEFICIÊNCIA", "Atividade": "1169 - REFORMA E ACESSIBILIDADE EM PASSEIOS PÚBLICOS - PROGRAMA DE METAS 2.C", "Sub Elemento Despesa": "Manutenção e Conservação de Bens Imóveis", "Item Despesa": "Manutenção e Reformas de Bens Imóveis", "Observação Empenho": " Prestação de serviços para a readequação e manutenção dos passeios públicos – “calçadas”", "Contrato": "14192/2020", "Credor Nome": "ENGENHARIA E COMERCIO RIGEL LTDA", "Valor Empenho": 0.0, "Valor Empenho Cancelado": 0.0, "Valor Empenho Líquido": 0.0, "Valor Empenho Liquidado": 0.0, "Valor Empenho Pago": 0.0, "Equipamento 1": "Calçadas", "Equipamento 2": "Calçadas", "Endereço": "R. Dona Veridiana - Higienópolis, São Paulo - SP", "Região": "Centro", "Extensão (m)": null, "Trecho (Recap)": "Trecho entre Avenida Higienópolis até Rua Marquês de Itu", "lon": -46.652027099819442, "lat": -23.544949495773761 }, "geometry": { "type": "Point", "coordinates": [ -46.652027099819442, -23.544949495773761 ] } },
{ "type": "Feature", "properties": { "Ano": 2020.0, "Nota Empenho": "64227/2020", "Nota Reserva": "36933/2020", "Ata CMDP": "30/06/2020", "Processo SEI": 6012202000193535.0, "Unidade": "SMSUB", "Função": "15 - URBANISMO", "Sub Função": "452 - SERVIÇOS URBANOS", "Programa": "3006 - DIREITOS DA PESSOA COM DEFICIÊNCIA", "Atividade": "1169 - REFORMA E ACESSIBILIDADE EM PASSEIOS PÚBLICOS - PROGRAMA DE METAS 2.C", "Sub Elemento Despesa": "Manutenção e Conservação de Bens Imóveis", "Item Despesa": "Manutenção e Reformas de Bens Imóveis", "Observação Empenho": " Prestação de serviços para a readequação e manutenção dos passeios públicos – “calçadas”", "Contrato": "14192/2020", "Credor Nome": "ENGENHARIA E COMERCIO RIGEL LTDA", "Valor Empenho": 0.0, "Valor Empenho Cancelado": 0.0, "Valor Empenho Líquido": 0.0, "Valor Empenho Liquidado": 0.0, "Valor Empenho Pago": 0.0, "Equipamento 1": "Calçadas", "Equipamento 2": "Calçadas", "Endereço": "R. Dona Veridiana - Higienópolis, São Paulo - SP", "Região": "Centro", "Extensão (m)": null, "Trecho (Recap)": "Trecho entre Rua Marquês de Itu e Rua Frederico Abranches", "lon": -46.65066447153454, "lat": -23.540854644921431 }, "geometry": { "type": "Point", "coordinates": [ -46.65066447153454, -23.540854644921431 ] } },
{ "type": "Feature", "properties": { "Ano": 2020.0, "Nota Empenho": "72982/2020", "Nota Reserva": "48606/2020", "Ata CMDP": "26/08/2020", "Processo SEI": 7610202000017749.0, "Unidade": "COHAB", "Função": "26 - TRANSPORTE", "Sub Função": "785 - TRANSPORTES ESPECIAIS", "Programa": "3009 - MELHORIA DA MOBILIDADE URBANA UNIVERSAL", "Atividade": "1097 - CONSTRUÇÃO DE CICLOVIAS, CICLOFAIXAS E CICLORROTAS - PROGRAMA DE METAS 12.A", "Sub Elemento Despesa": "Obras em Andamento - Uso Comum do Povo", "Item Despesa": "Pavimentação de Ruas e Avenidas", "Observação Empenho": "Implantação de 10,42km de ciclovias e ciclofaixas na região do Lote 1 da PPP Habitacional", "Contrato": "16630/2020", "Credor Nome": "HABITA SAO PAULO S.A.", "Valor Empenho": 8143128.78, "Valor Empenho Cancelado": 4881296.72, "Valor Empenho Líquido": 8143128.78, "Valor Empenho Liquidado": 3261832.06, "Valor Empenho Pago": 3261832.06, "Equipamento 1": "Ciclovias", "Equipamento 2": "Ciclovia Almirante Delamare", "Endereço": "Viaduto Alm. Delamare - Vila Heliopolis, São Paulo - SP", "Região": "Sul", "Extensão (m)": "2493", "Trecho (Recap)": "Trecho entre Rua Silva Bueno e Av. Guido Aliberti", "lon": -46.60027875131015, "lat": -23.600962552148143 }, "geometry": { "type": "Point", "coordinates": [ -46.60027875131015, -23.600962552148143 ] } },
{ "type": "Feature", "properties": { "Ano": 2020.0, "Nota Empenho": "72982/2020", "Nota Reserva": "48606/2020", "Ata CMDP": "26/08/2020", "Processo SEI": 7610202000017749.0, "Unidade": "COHAB", "Função": "26 - TRANSPORTE", "Sub Função": "785 - TRANSPORTES ESPECIAIS", "Programa": "3009 - MELHORIA DA MOBILIDADE URBANA UNIVERSAL", "Atividade": "1097 - CONSTRUÇÃO DE CICLOVIAS, CICLOFAIXAS E CICLORROTAS - PROGRAMA DE METAS 12.A", "Sub Elemento Despesa": "Obras em Andamento - Uso Comum do Povo", "Item Despesa": "Pavimentação de Ruas e Avenidas", "Observação Empenho": "Implantação de 10,42km de ciclovias e ciclofaixas na região do Lote 1 da PPP Habitacional", "Contrato": "16630/2020", "Credor Nome": "HABITA SAO PAULO S.A.", "Valor Empenho": 0.0, "Valor Empenho Cancelado": 0.0, "Valor Empenho Líquido": 0.0, "Valor Empenho Liquidado": 0.0, "Valor Empenho Pago": 0.0, "Equipamento 1": "Ciclovias", "Equipamento 2": "Ciclovia Av. Presidente Tancredo Neves", "Endereço": "Av. Pres. Tancredo Neves - Vila Nancy, São Paulo - SP", "Região": "Sul", "Extensão (m)": "2292", "Trecho (Recap)": "Trecho entre Rua N. Sra. da Saúde e Rua Dr. Audísio de Alencar", "lon": -46.604692415568607, "lat": -23.605433787546065 }, "geometry": { "type": "Point", "coordinates": [ -46.604692415568607, -23.605433787546065 ] } },
{ "type": "Feature", "properties": { "Ano": 2020.0, "Nota Empenho": "72982/2020", "Nota Reserva": "48606/2020", "Ata CMDP": "26/08/2020", "Processo SEI": 7610202000017749.0, "Unidade": "COHAB", "Função": "26 - TRANSPORTE", "Sub Função": "785 - TRANSPORTES ESPECIAIS", "Programa": "3009 - MELHORIA DA MOBILIDADE URBANA UNIVERSAL", "Atividade": "1097 - CONSTRUÇÃO DE CICLOVIAS, CICLOFAIXAS E CICLORROTAS - PROGRAMA DE METAS 12.A", "Sub Elemento Despesa": "Obras em Andamento - Uso Comum do Povo", "Item Despesa": "Pavimentação de Ruas e Avenidas", "Observação Empenho": "Implantação de 10,42km de ciclovias e ciclofaixas na região do Lote 1 da PPP Habitacional", "Contrato": "16630/2020", "Credor Nome": "HABITA SAO PAULO S.A.", "Valor Empenho": 0.0, "Valor Empenho Cancelado": 0.0, "Valor Empenho Líquido": 0.0, "Valor Empenho Liquidado": 0.0, "Valor Empenho Pago": 0.0, "Equipamento 1": "Ciclovias", "Equipamento 2": "Ciclovia Carioca-Visconde Camamu", "Endereço": "R. Visc. de Camamu - Vila Heliopolis, São Paulo - SP", "Região": "Sul", "Extensão (m)": "1203", "Trecho (Recap)": "Trecho entre Avenida Alm. Delamare e Av Presidente Wilson", "lon": -46.592448300444723, "lat": -23.60403911961258 }, "geometry": { "type": "Point", "coordinates": [ -46.592448300444723, -23.60403911961258 ] } },
{ "type": "Feature", "properties": { "Ano": 2020.0, "Nota Empenho": "72982/2020", "Nota Reserva": "48606/2020", "Ata CMDP": "26/08/2020", "Processo SEI": 7610202000017749.0, "Unidade": "COHAB", "Função": "26 - TRANSPORTE", "Sub Função": "785 - TRANSPORTES ESPECIAIS", "Programa": "3009 - MELHORIA DA MOBILIDADE URBANA UNIVERSAL", "Atividade": "1097 - CONSTRUÇÃO DE CICLOVIAS, CICLOFAIXAS E CICLORROTAS - PROGRAMA DE METAS 12.A", "Sub Elemento Despesa": "Obras em Andamento - Uso Comum do Povo", "Item Despesa": "Pavimentação de Ruas e Avenidas", "Observação Empenho": "Implantação de 10,42km de ciclovias e ciclofaixas na região do Lote 1 da PPP Habitacional", "Contrato": "16630/2020", "Credor Nome": "HABITA SAO PAULO S.A.", "Valor Empenho": 0.0, "Valor Empenho Cancelado": 0.0, "Valor Empenho Líquido": 0.0, "Valor Empenho Liquidado": 0.0, "Valor Empenho Pago": 0.0, "Equipamento 1": "Ciclovias", "Equipamento 2": "Ciclovia Dom Lucas Obes", "Endereço": "Rua Dom Lucas Obes - Ipiranga, São Paulo - SP", "Região": "Sul", "Extensão (m)": "1072", "Trecho (Recap)": "Trecho entre Rua Silva Bueno e Av Presidente Wilson", "lon": -46.599754139348022, "lat": -23.5889573879045 }, "geometry": { "type": "Point", "coordinates": [ -46.599754139348022, -23.5889573879045 ] } },
{ "type": "Feature", "properties": { "Ano": 2020.0, "Nota Empenho": "72982/2020", "Nota Reserva": "48606/2020", "Ata CMDP": "26/08/2020", "Processo SEI": 7610202000017749.0, "Unidade": "COHAB", "Função": "26 - TRANSPORTE", "Sub Função": "785 - TRANSPORTES ESPECIAIS", "Programa": "3009 - MELHORIA DA MOBILIDADE URBANA UNIVERSAL", "Atividade": "1097 - CONSTRUÇÃO DE CICLOVIAS, CICLOFAIXAS E CICLORROTAS - PROGRAMA DE METAS 12.A", "Sub Elemento Despesa": "Obras em Andamento - Uso Comum do Povo", "Item Despesa": "Pavimentação de Ruas e Avenidas", "Observação Empenho": "Implantação de 10,42km de ciclovias e ciclofaixas na região do Lote 1 da PPP Habitacional", "Contrato": "16630/2020", "Credor Nome": "HABITA SAO PAULO S.A.", "Valor Empenho": 0.0, "Valor Empenho Cancelado": 0.0, "Valor Empenho Líquido": 0.0, "Valor Empenho Liquidado": 0.0, "Valor Empenho Pago": 0.0, "Equipamento 1": "Ciclovias", "Equipamento 2": "Ciclovia Juntas Provisorias", "Endereço": "R. das Juntas Provisórias - Ipiranga, São Paulo - SP", "Região": "Sul", "Extensão (m)": "2050", "Trecho (Recap)": "Trecho entre Rua Dr. Audisio de Alencar e Rua Dom Lucas Obes", "lon": -46.597580259385694, "lat": -23.59601972679544 }, "geometry": { "type": "Point", "coordinates": [ -46.597580259385694, -23.59601972679544 ] } },
{ "type": "Feature", "properties": { "Ano": 2020.0, "Nota Empenho": "72982/2020", "Nota Reserva": "48606/2020", "Ata CMDP": "26/08/2020", "Processo SEI": 7610202000017749.0, "Unidade": "COHAB", "Função": "26 - TRANSPORTE", "Sub Função": "785 - TRANSPORTES ESPECIAIS", "Programa": "3009 - MELHORIA DA MOBILIDADE URBANA UNIVERSAL", "Atividade": "1097 - CONSTRUÇÃO DE CICLOVIAS, CICLOFAIXAS E CICLORROTAS - PROGRAMA DE METAS 12.A", "Sub Elemento Despesa": "Obras em Andamento - Uso Comum do Povo", "Item Despesa": "Pavimentação de Ruas e Avenidas", "Observação Empenho": "Implantação de 10,42km de ciclovias e ciclofaixas na região do Lote 1 da PPP Habitacional", "Contrato": "16630/2020", "Credor Nome": "HABITA SAO PAULO S.A.", "Valor Empenho": 0.0, "Valor Empenho Cancelado": 0.0, "Valor Empenho Líquido": 0.0, "Valor Empenho Liquidado": 0.0, "Valor Empenho Pago": 0.0, "Equipamento 1": "Ciclovias", "Equipamento 2": "Ciclovia Grande São Paulo", "Endereço": "Viaduto Grande São Paulo - Ipiranga, São Paulo - SP", "Região": "Sul", "Extensão (m)": "1310", "Trecho (Recap)": "Trecho entre Rua das Juntas Provisorias e Rua Patriarca", "lon": -46.588356038301058, "lat": -23.589835525673116 }, "geometry": { "type": "Point", "coordinates": [ -46.588356038301058, -23.589835525673116 ] } },
{ "type": "Feature", "properties": { "Ano": 2020.0, "Nota Empenho": "72984/2020", "Nota Reserva": "48606/2020", "Ata CMDP": "26/08/2020", "Processo SEI": 7610202000017757.0, "Unidade": "COHAB", "Função": "26 - TRANSPORTE", "Sub Função": "785 - TRANSPORTES ESPECIAIS", "Programa": "3009 - MELHORIA DA MOBILIDADE URBANA UNIVERSAL", "Atividade": "1097 - CONSTRUÇÃO DE CICLOVIAS, CICLOFAIXAS E CICLORROTAS - PROGRAMA DE METAS 12.A", "Sub Elemento Despesa": "Obras em Andamento - Uso Comum do Povo", "Item Despesa": "Pavimentação de Ruas e Avenidas", "Observação Empenho": "Implantação de 6,84 km de ciclovias e ciclofaixas na região do Lote 12 da PPP Habitacional", "Contrato": "1633/2020", "Credor Nome": "HABITA SAO PAULO S.A.", "Valor Empenho": 5140453.38, "Valor Empenho Cancelado": 3613739.41, "Valor Empenho Líquido": 5140453.38, "Valor Empenho Liquidado": 1526713.97, "Valor Empenho Pago": 1526713.97, "Equipamento 1": "Ciclovias", "Equipamento 2": "Ciclovia Inajar de Souza", "Endereço": "Av. Inajar de Souza - Parque Tiete, São Paulo - SP", "Região": "Norte", "Extensão (m)": "2760", "Trecho (Recap)": "Trecho Avenda General Penha Brasil", "lon": -46.674631399124472, "lat": -23.458718558679607 }, "geometry": { "type": "Point", "coordinates": [ -46.674631399124472, -23.458718558679607 ] } },
{ "type": "Feature", "properties": { "Ano": 2020.0, "Nota Empenho": "72984/2020", "Nota Reserva": "48606/2020", "Ata CMDP": "26/08/2020", "Processo SEI": 7610202000017757.0, "Unidade": "COHAB", "Função": "26 - TRANSPORTE", "Sub Função": "785 - TRANSPORTES ESPECIAIS", "Programa": "3009 - MELHORIA DA MOBILIDADE URBANA UNIVERSAL", "Atividade": "1097 - CONSTRUÇÃO DE CICLOVIAS, CICLOFAIXAS E CICLORROTAS - PROGRAMA DE METAS 12.A", "Sub Elemento Despesa": "Obras em Andamento - Uso Comum do Povo", "Item Despesa": "Pavimentação de Ruas e Avenidas", "Observação Empenho": "Implantação de 6,84 km de ciclovias e ciclofaixas na região do Lote 12 da PPP Habitacional", "Contrato": "1633/2020", "Credor Nome": "HABITA SAO PAULO S.A.", "Valor Empenho": 0.0, "Valor Empenho Cancelado": 0.0, "Valor Empenho Líquido": 0.0, "Valor Empenho Liquidado": 0.0, "Valor Empenho Pago": 0.0, "Equipamento 1": "Ciclovias", "Equipamento 2": "Ciclovia João Paulo I - Miguel Conjeo", "Endereço": "Av. Miguel Conejo, Vila Albertina, São Paulo - SP", "Região": "Norte", "Extensão (m)": "3990", "Trecho (Recap)": "Trecho entre Avenida N. Sra. do Ó e Avenida Padre Orlando Garcia da Silveira", "lon": -46.691926582273702, "lat": -23.494122315292369 }, "geometry": { "type": "Point", "coordinates": [ -46.691926582273702, -23.494122315292369 ] } },
{ "type": "Feature", "properties": { "Ano": 2020.0, "Nota Empenho": "72984/2020", "Nota Reserva": "48606/2020", "Ata CMDP": "26/08/2020", "Processo SEI": 7610202000017757.0, "Unidade": "COHAB", "Função": "26 - TRANSPORTE", "Sub Função": "785 - TRANSPORTES ESPECIAIS", "Programa": "3009 - MELHORIA DA MOBILIDADE URBANA UNIVERSAL", "Atividade": "1097 - CONSTRUÇÃO DE CICLOVIAS, CICLOFAIXAS E CICLORROTAS - PROGRAMA DE METAS 12.A", "Sub Elemento Despesa": "Obras em Andamento - Uso Comum do Povo", "Item Despesa": "Pavimentação de Ruas e Avenidas", "Observação Empenho": "Implantação de 6,84 km de ciclovias e ciclofaixas na região do Lote 12 da PPP Habitacional", "Contrato": "1633/2020", "Credor Nome": "HABITA SAO PAULO S.A.", "Valor Empenho": 0.0, "Valor Empenho Cancelado": 0.0, "Valor Empenho Líquido": 0.0, "Valor Empenho Liquidado": 0.0, "Valor Empenho Pago": 0.0, "Equipamento 1": "Ciclovias", "Equipamento 2": "Ciclovia Jose da Natividade", "Endereço": "Av. José da Natividade Saldanha - Vila Penteado, São Paulo - SP", "Região": "Norte", "Extensão (m)": "94", "Trecho (Recap)": "Trecho entre Avenida João Paulo I e Avenida Jose da Natividade Saldanha", "lon": -46.685052400738712, "lat": -23.471807785035342 }, "geometry": { "type": "Point", "coordinates": [ -46.685052400738712, -23.471807785035342 ] } },
{ "type": "Feature", "properties": { "Ano": 2020.0, "Nota Empenho": "73090/2020", "Nota Reserva": "47669/2020", "Ata CMDP": "26/08/2020", "Processo SEI": 6020201700017751.0, "Unidade": "SMT", "Função": "15 - URBANISMO", "Sub Função": "451 - INFRA-ESTRUTURA URBANA", "Programa": "3009 - MELHORIA DA MOBILIDADE URBANA UNIVERSAL", "Atividade": "5417 - PROJETOS DE MOBILIDADE URBANA ORIUNDOS DE RECURSOS DE DESESTATIZAÇÕES E PARCERIAS", "Sub Elemento Despesa": "Obras em Andamento - Uso Comum do Povo", "Item Despesa": "Sistemas Viários", "Observação Empenho": "Termo de Apostilamento - Convênio nº 01/2017 - SMT/SPTRANS", "Contrato": "26735/2017", "Credor Nome": "SAO PAULO TRANSPORTE SA", "Valor Empenho": 15385181.0, "Valor Empenho Cancelado": 0.0, "Valor Empenho Líquido": 15385181.0, "Valor Empenho Liquidado": 15385181.0, "Valor Empenho Pago": 15385181.0, "Equipamento 1": "Vias", "Equipamento 2": "Corredor de Ônibus Leste - Itaquera", "Endereço": "Av. Itaquera - Parque Maria Luiza, São Paulo - SP", "Região": "Leste", "Extensão (m)": null, "Trecho (Recap)": "Trecho entre Avenida Itaquera entre a Avenida Aricanduva e a Praça Francisco Daniel Lopes;", "lon": -46.503349836923483, "lat": -23.549243526819641 }, "geometry": { "type": "Point", "coordinates": [ -46.503349836923483, -23.549243526819641 ] } },
{ "type": "Feature", "properties": { "Ano": 2020.0, "Nota Empenho": "73090/2020", "Nota Reserva": "47669/2020", "Ata CMDP": "26/08/2020", "Processo SEI": 6020201700017751.0, "Unidade": "SMT", "Função": "15 - URBANISMO", "Sub Função": "451 - INFRA-ESTRUTURA URBANA", "Programa": "3009 - MELHORIA DA MOBILIDADE URBANA UNIVERSAL", "Atividade": "5417 - PROJETOS DE MOBILIDADE URBANA ORIUNDOS DE RECURSOS DE DESESTATIZAÇÕES E PARCERIAS", "Sub Elemento Despesa": "Obras em Andamento - Uso Comum do Povo", "Item Despesa": "Sistemas Viários", "Observação Empenho": "Termo de Apostilamento - Convênio nº 01/2017 - SMT/SPTRANS", "Contrato": "26735/2017", "Credor Nome": "SAO PAULO TRANSPORTE SA", "Valor Empenho": 0.0, "Valor Empenho Cancelado": 0.0, "Valor Empenho Líquido": 0.0, "Valor Empenho Liquidado": 0.0, "Valor Empenho Pago": 0.0, "Equipamento 1": "Vias", "Equipamento 2": "Corredor de Ônibus Leste - Itaquera", "Endereço": "Av. Líder - Cidade Líder, São Paulo - SP", "Região": "Leste", "Extensão (m)": null, "Trecho (Recap)": "Trecho entre Avenida Líder entre a Praça Francisco Daniel Lopes e a Avenida Itaquera", "lon": -46.475356138444262, "lat": -23.556848026391997 }, "geometry": { "type": "Point", "coordinates": [ -46.475356138444262, -23.556848026391997 ] } },
{ "type": "Feature", "properties": { "Ano": 2020.0, "Nota Empenho": "74187/2020", "Nota Reserva": "46597/2020", "Ata CMDP": "2020-08-05 00:00:00", "Processo SEI": 6012201900055564.0, "Unidade": "SMSUB", "Função": "15 - URBANISMO", "Sub Função": "452 - SERVIÇOS URBANOS", "Programa": "3022 - REQUALIFICAÇÃO E PROMOÇÃO DA OCUPAÇÃO DOS ESPAÇOS PÚBLICOS", "Atividade": "1137 - PAVIMENTAÇÃO E RECAPEAMENTO DE VIAS - PROGRAMA DE METAS 3.A", "Sub Elemento Despesa": "Manutenção e Conservação de Bens Imóveis", "Item Despesa": "Manutenção e Reformas de Bens Imóveis", "Observação Empenho": "PRESTAÇÃO DE SERVIÇOS DE CONSERVAÇÃO E MANUTENÇÃO DA MALHA VIÁRIA.", "Contrato": "21712/2019", "Credor Nome": "SOEBE CONSTRUÇÃO E PAVIMENTAÇÃO SA", "Valor Empenho": 1163.79, "Valor Empenho Cancelado": 0.0, "Valor Empenho Líquido": 1163.79, "Valor Empenho Liquidado": 1163.79, "Valor Empenho Pago": 1163.79, "Equipamento 1": "Vias", "Equipamento 2": "Vias", "Endereço": "Vias", "Região": "Leste", "Extensão (m)": "0", "Trecho (Recap)": "Trecho entre Rua José de Araújo Plácido até Avenida Souza Ramos", "lon": -46.409165578128473, "lat": -23.583450017974013 }, "geometry": { "type": "Point", "coordinates": [ -46.409165578128473, -23.583450017974013 ] } },
{ "type": "Feature", "properties": { "Ano": 2020.0, "Nota Empenho": "74197/2020", "Nota Reserva": "46597/2020", "Ata CMDP": "2020-08-05 00:00:00", "Processo SEI": 6012201900055530.0, "Unidade": "SMSUB", "Função": "15 - URBANISMO", "Sub Função": "452 - SERVIÇOS URBANOS", "Programa": "3022 - REQUALIFICAÇÃO E PROMOÇÃO DA OCUPAÇÃO DOS ESPAÇOS PÚBLICOS", "Atividade": "1137 - PAVIMENTAÇÃO E RECAPEAMENTO DE VIAS - PROGRAMA DE METAS 3.A", "Sub Elemento Despesa": "Manutenção e Conservação de Bens Imóveis", "Item Despesa": "Manutenção e Reformas de Bens Imóveis", "Observação Empenho": "PRESTAÇÃO DE SERVIÇOS DE CONSERVAÇÃO E MANUTENÇÃO DA MALHA VIÁRIA.", "Contrato": "21713/2019", "Credor Nome": "FREMIX PAVIMENTAÇÃO E CONTRUÇÕES LTDA.", "Valor Empenho": 119720.67, "Valor Empenho Cancelado": 0.0, "Valor Empenho Líquido": 119720.67, "Valor Empenho Liquidado": 119720.67, "Valor Empenho Pago": 119720.67, "Equipamento 1": "Vias", "Equipamento 2": "Vias", "Endereço": "Vias", "Região": "Leste", "Extensão (m)": "0", "Trecho (Recap)": "Trecho entre Avenida Conego Manzi até Rua Cembira", "lon": -46.429359935611963, "lat": -23.51030603938478 }, "geometry": { "type": "Point", "coordinates": [ -46.429359935611963, -23.51030603938478 ] } },
{ "type": "Feature", "properties": { "Ano": 2020.0, "Nota Empenho": "74205/2020", "Nota Reserva": "46597/2020", "Ata CMDP": "2020-08-05 00:00:00", "Processo SEI": 6012201900079900.0, "Unidade": "SMSUB", "Função": "15 - URBANISMO", "Sub Função": "452 - SERVIÇOS URBANOS", "Programa": "3022 - REQUALIFICAÇÃO E PROMOÇÃO DA OCUPAÇÃO DOS ESPAÇOS PÚBLICOS", "Atividade": "1137 - PAVIMENTAÇÃO E RECAPEAMENTO DE VIAS - PROGRAMA DE METAS 3.A", "Sub Elemento Despesa": "Manutenção e Conservação de Bens Imóveis", "Item Despesa": "Manutenção e Reformas de Bens Imóveis", "Observação Empenho": "PRESTAÇÃO DE SERVIÇOS DE CONSERVAÇÃO E MANUTENÇÃO DA MALHA VIÁRIA.", "Contrato": "27189/2019", "Credor Nome": "SOEBE CONSTRUÇÃO E PAVIMENTAÇÃO SA", "Valor Empenho": 0.0, "Valor Empenho Cancelado": 0.0, "Valor Empenho Líquido": 0.0, "Valor Empenho Liquidado": 0.0, "Valor Empenho Pago": 0.0, "Equipamento 1": "Vias", "Equipamento 2": "Vias", "Endereço": "R. Topázio - Vila Mariana, São Paulo - SP", "Região": "Centro", "Extensão (m)": "535", "Trecho (Recap)": "Trecho entre Praça General Polidoro e Rua do Paraíso", "lon": -46.631878336526768, "lat": -23.574419861543184 }, "geometry": { "type": "Point", "coordinates": [ -46.631878336526768, -23.574419861543184 ] } },
{ "type": "Feature", "properties": { "Ano": 2020.0, "Nota Empenho": "74205/2020", "Nota Reserva": "46597/2020", "Ata CMDP": "2020-08-05 00:00:00", "Processo SEI": 6012201900079900.0, "Unidade": "SMSUB", "Função": "15 - URBANISMO", "Sub Função": "452 - SERVIÇOS URBANOS", "Programa": "3022 - REQUALIFICAÇÃO E PROMOÇÃO DA OCUPAÇÃO DOS ESPAÇOS PÚBLICOS", "Atividade": "1137 - PAVIMENTAÇÃO E RECAPEAMENTO DE VIAS - PROGRAMA DE METAS 3.A", "Sub Elemento Despesa": "Manutenção e Conservação de Bens Imóveis", "Item Despesa": "Manutenção e Reformas de Bens Imóveis", "Observação Empenho": "PRESTAÇÃO DE SERVIÇOS DE CONSERVAÇÃO E MANUTENÇÃO DA MALHA VIÁRIA.", "Contrato": "27189/2019", "Credor Nome": "SOEBE CONSTRUÇÃO E PAVIMENTAÇÃO SA", "Valor Empenho": 0.0, "Valor Empenho Cancelado": 0.0, "Valor Empenho Líquido": 0.0, "Valor Empenho Liquidado": 0.0, "Valor Empenho Pago": 0.0, "Equipamento 1": "Vias", "Equipamento 2": "Vias", "Endereço": "R. Alagoas - Higienópolis, São Paulo - SP", "Região": "Centro", "Extensão (m)": "605", "Trecho (Recap)": "Trecho entre Praça Charles Miller e a Praça Buenos Aires", "lon": -46.66310965362571, "lat": -23.544369220063111 }, "geometry": { "type": "Point", "coordinates": [ -46.66310965362571, -23.544369220063111 ] } },
{ "type": "Feature", "properties": { "Ano": 2020.0, "Nota Empenho": "74205/2020", "Nota Reserva": "46597/2020", "Ata CMDP": "2020-08-05 00:00:00", "Processo SEI": 6012201900079900.0, "Unidade": "SMSUB", "Função": "15 - URBANISMO", "Sub Função": "452 - SERVIÇOS URBANOS", "Programa": "3022 - REQUALIFICAÇÃO E PROMOÇÃO DA OCUPAÇÃO DOS ESPAÇOS PÚBLICOS", "Atividade": "1137 - PAVIMENTAÇÃO E RECAPEAMENTO DE VIAS - PROGRAMA DE METAS 3.A", "Sub Elemento Despesa": "Manutenção e Conservação de Bens Imóveis", "Item Despesa": "Manutenção e Reformas de Bens Imóveis", "Observação Empenho": "PRESTAÇÃO DE SERVIÇOS DE CONSERVAÇÃO E MANUTENÇÃO DA MALHA VIÁRIA.", "Contrato": "27189/2019", "Credor Nome": "SOEBE CONSTRUÇÃO E PAVIMENTAÇÃO SA", "Valor Empenho": 0.0, "Valor Empenho Cancelado": 0.0, "Valor Empenho Líquido": 0.0, "Valor Empenho Liquidado": 0.0, "Valor Empenho Pago": 0.0, "Equipamento 1": "Vias", "Equipamento 2": "Vias", "Endereço": "R. Prof. Picarolo - Bela Vista, São Paulo - SP", "Região": "Centro", "Extensão (m)": "202.5", "Trecho (Recap)": "Trecho entre Avenida Nove de Julho e Viaduto Professor Bernardino Tranchesi", "lon": -46.654380377006611, "lat": -23.560152143693468 }, "geometry": { "type": "Point", "coordinates": [ -46.654380377006611, -23.560152143693468 ] } },
{ "type": "Feature", "properties": { "Ano": 2020.0, "Nota Empenho": "74205/2020", "Nota Reserva": "46597/2020", "Ata CMDP": "2020-08-05 00:00:00", "Processo SEI": 6012201900079900.0, "Unidade": "SMSUB", "Função": "15 - URBANISMO", "Sub Função": "452 - SERVIÇOS URBANOS", "Programa": "3022 - REQUALIFICAÇÃO E PROMOÇÃO DA OCUPAÇÃO DOS ESPAÇOS PÚBLICOS", "Atividade": "1137 - PAVIMENTAÇÃO E RECAPEAMENTO DE VIAS - PROGRAMA DE METAS 3.A", "Sub Elemento Despesa": "Manutenção e Conservação de Bens Imóveis", "Item Despesa": "Manutenção e Reformas de Bens Imóveis", "Observação Empenho": "PRESTAÇÃO DE SERVIÇOS DE CONSERVAÇÃO E MANUTENÇÃO DA MALHA VIÁRIA.", "Contrato": "27189/2019", "Credor Nome": "SOEBE CONSTRUÇÃO E PAVIMENTAÇÃO SA", "Valor Empenho": 0.0, "Valor Empenho Cancelado": 0.0, "Valor Empenho Líquido": 0.0, "Valor Empenho Liquidado": 0.0, "Valor Empenho Pago": 0.0, "Equipamento 1": "Vias", "Equipamento 2": "Vias", "Endereço": "R. Eng. Monlevade - Bela Vista, São Paulo - SP", "Região": "Centro", "Extensão (m)": "246", "Trecho (Recap)": "Trecho entre Avenida Nove de Julho e Praça Geremia Lunardelli", "lon": -46.655180704542417, "lat": -23.559817036742061 }, "geometry": { "type": "Point", "coordinates": [ -46.655180704542417, -23.559817036742061 ] } },
{ "type": "Feature", "properties": { "Ano": 2020.0, "Nota Empenho": "74205/2020", "Nota Reserva": "46597/2020", "Ata CMDP": "2020-08-05 00:00:00", "Processo SEI": 6012201900079900.0, "Unidade": "SMSUB", "Função": "15 - URBANISMO", "Sub Função": "452 - SERVIÇOS URBANOS", "Programa": "3022 - REQUALIFICAÇÃO E PROMOÇÃO DA OCUPAÇÃO DOS ESPAÇOS PÚBLICOS", "Atividade": "1137 - PAVIMENTAÇÃO E RECAPEAMENTO DE VIAS - PROGRAMA DE METAS 3.A", "Sub Elemento Despesa": "Manutenção e Conservação de Bens Imóveis", "Item Despesa": "Manutenção e Reformas de Bens Imóveis", "Observação Empenho": "PRESTAÇÃO DE SERVIÇOS DE CONSERVAÇÃO E MANUTENÇÃO DA MALHA VIÁRIA.", "Contrato": "27189/2019", "Credor Nome": "SOEBE CONSTRUÇÃO E PAVIMENTAÇÃO SA", "Valor Empenho": 0.0, "Valor Empenho Cancelado": 0.0, "Valor Empenho Líquido": 0.0, "Valor Empenho Liquidado": 0.0, "Valor Empenho Pago": 0.0, "Equipamento 1": "Vias", "Equipamento 2": "Vias", "Endereço": "R. Porto Seguro - Luz, São Paulo - SP", "Região": "Centro", "Extensão (m)": "498", "Trecho (Recap)": "Trecho entre Avenida Santos Dumont e Avenida Cruzeiro do Sul", "lon": -46.627660524351398, "lat": -23.522466140906062 }, "geometry": { "type": "Point", "coordinates": [ -46.627660524351398, -23.522466140906062 ] } },
{ "type": "Feature", "properties": { "Ano": 2020.0, "Nota Empenho": "74205/2020", "Nota Reserva": "46597/2020", "Ata CMDP": "2020-08-05 00:00:00", "Processo SEI": 6012201900079900.0, "Unidade": "SMSUB", "Função": "15 - URBANISMO", "Sub Função": "452 - SERVIÇOS URBANOS", "Programa": "3022 - REQUALIFICAÇÃO E PROMOÇÃO DA OCUPAÇÃO DOS ESPAÇOS PÚBLICOS", "Atividade": "1137 - PAVIMENTAÇÃO E RECAPEAMENTO DE VIAS - PROGRAMA DE METAS 3.A", "Sub Elemento Despesa": "Manutenção e Conservação de Bens Imóveis", "Item Despesa": "Manutenção e Reformas de Bens Imóveis", "Observação Empenho": "PRESTAÇÃO DE SERVIÇOS DE CONSERVAÇÃO E MANUTENÇÃO DA MALHA VIÁRIA.", "Contrato": "27189/2019", "Credor Nome": "SOEBE CONSTRUÇÃO E PAVIMENTAÇÃO SA", "Valor Empenho": 0.0, "Valor Empenho Cancelado": 0.0, "Valor Empenho Líquido": 0.0, "Valor Empenho Liquidado": 0.0, "Valor Empenho Pago": 0.0, "Equipamento 1": "Vias", "Equipamento 2": "Vias", "Endereço": "Av. Escola Politécnica - Butantã, São Paulo - SP", "Região": "Oeste", "Extensão (m)": "2100", "Trecho (Recap)": "Trecho entre Avennida Corifeu de Azevedo Marques e Avenida Eng Billings", "lon": -46.743948819371603, "lat": -23.558672862208084 }, "geometry": { "type": "Point", "coordinates": [ -46.743948819371603, -23.558672862208084 ] } },
{ "type": "Feature", "properties": { "Ano": 2020.0, "Nota Empenho": "74205/2020", "Nota Reserva": "46597/2020", "Ata CMDP": "2020-08-05 00:00:00", "Processo SEI": 6012201900079900.0, "Unidade": "SMSUB", "Função": "15 - URBANISMO", "Sub Função": "452 - SERVIÇOS URBANOS", "Programa": "3022 - REQUALIFICAÇÃO E PROMOÇÃO DA OCUPAÇÃO DOS ESPAÇOS PÚBLICOS", "Atividade": "1137 - PAVIMENTAÇÃO E RECAPEAMENTO DE VIAS - PROGRAMA DE METAS 3.A", "Sub Elemento Despesa": "Manutenção e Conservação de Bens Imóveis", "Item Despesa": "Manutenção e Reformas de Bens Imóveis", "Observação Empenho": "PRESTAÇÃO DE SERVIÇOS DE CONSERVAÇÃO E MANUTENÇÃO DA MALHA VIÁRIA.", "Contrato": "27189/2019", "Credor Nome": "SOEBE CONSTRUÇÃO E PAVIMENTAÇÃO SA", "Valor Empenho": 0.0, "Valor Empenho Cancelado": 0.0, "Valor Empenho Líquido": 0.0, "Valor Empenho Liquidado": 0.0, "Valor Empenho Pago": 0.0, "Equipamento 1": "Vias", "Equipamento 2": "Vias", "Endereço": "R. Mergenthaler - Vila Leopoldina, São Paulo - SP", "Região": "Oeste", "Extensão (m)": "1440", "Trecho (Recap)": "Trecho entre Rua Carlos Weber e Avenida Mofarrej", "lon": -46.73421129679668, "lat": -23.525961930442847 }, "geometry": { "type": "Point", "coordinates": [ -46.73421129679668, -23.525961930442847 ] } },
{ "type": "Feature", "properties": { "Ano": 2020.0, "Nota Empenho": "74205/2020", "Nota Reserva": "46597/2020", "Ata CMDP": "2020-08-05 00:00:00", "Processo SEI": 6012201900079900.0, "Unidade": "SMSUB", "Função": "15 - URBANISMO", "Sub Função": "452 - SERVIÇOS URBANOS", "Programa": "3022 - REQUALIFICAÇÃO E PROMOÇÃO DA OCUPAÇÃO DOS ESPAÇOS PÚBLICOS", "Atividade": "1137 - PAVIMENTAÇÃO E RECAPEAMENTO DE VIAS - PROGRAMA DE METAS 3.A", "Sub Elemento Despesa": "Manutenção e Conservação de Bens Imóveis", "Item Despesa": "Manutenção e Reformas de Bens Imóveis", "Observação Empenho": "PRESTAÇÃO DE SERVIÇOS DE CONSERVAÇÃO E MANUTENÇÃO DA MALHA VIÁRIA.", "Contrato": "27189/2019", "Credor Nome": "SOEBE CONSTRUÇÃO E PAVIMENTAÇÃO SA", "Valor Empenho": 0.0, "Valor Empenho Cancelado": 0.0, "Valor Empenho Líquido": 0.0, "Valor Empenho Liquidado": 0.0, "Valor Empenho Pago": 0.0, "Equipamento 1": "Vias", "Equipamento 2": "Vias", "Endereço": "R. Cerro Corá - Vila Romana, São Paulo - SP", "Região": "Oeste", "Extensão (m)": "2430", "Trecho (Recap)": "Trecho entre Avenida Diogenes Ribeiro de Lima e Rua Heitor Penteado", "lon": -46.702203549830877, "lat": -23.540716209012889 }, "geometry": { "type": "Point", "coordinates": [ -46.702203549830877, -23.540716209012889 ] } },
{ "type": "Feature", "properties": { "Ano": 2020.0, "Nota Empenho": "74205/2020", "Nota Reserva": "46597/2020", "Ata CMDP": "2020-08-05 00:00:00", "Processo SEI": 6012201900079900.0, "Unidade": "SMSUB", "Função": "15 - URBANISMO", "Sub Função": "452 - SERVIÇOS URBANOS", "Programa": "3022 - REQUALIFICAÇÃO E PROMOÇÃO DA OCUPAÇÃO DOS ESPAÇOS PÚBLICOS", "Atividade": "1137 - PAVIMENTAÇÃO E RECAPEAMENTO DE VIAS - PROGRAMA DE METAS 3.A", "Sub Elemento Despesa": "Manutenção e Conservação de Bens Imóveis", "Item Despesa": "Manutenção e Reformas de Bens Imóveis", "Observação Empenho": "PRESTAÇÃO DE SERVIÇOS DE CONSERVAÇÃO E MANUTENÇÃO DA MALHA VIÁRIA.", "Contrato": "27189/2019", "Credor Nome": "SOEBE CONSTRUÇÃO E PAVIMENTAÇÃO SA", "Valor Empenho": 0.0, "Valor Empenho Cancelado": 0.0, "Valor Empenho Líquido": 0.0, "Valor Empenho Liquidado": 0.0, "Valor Empenho Pago": 0.0, "Equipamento 1": "Vias", "Equipamento 2": "Vias", "Endereço": "R. William Speers - Lapa de Baixo, São Paulo - SP", "Região": "Oeste", "Extensão (m)": "1100", "Trecho (Recap)": "Trecho entre Rua Eng Albertin e Rua do Curtume", "lon": -46.701921331124787, "lat": -23.518283192810195 }, "geometry": { "type": "Point", "coordinates": [ -46.701921331124787, -23.518283192810195 ] } },
{ "type": "Feature", "properties": { "Ano": 2020.0, "Nota Empenho": "74205/2020", "Nota Reserva": "46597/2020", "Ata CMDP": "2020-08-05 00:00:00", "Processo SEI": 6012201900079900.0, "Unidade": "SMSUB", "Função": "15 - URBANISMO", "Sub Função": "452 - SERVIÇOS URBANOS", "Programa": "3022 - REQUALIFICAÇÃO E PROMOÇÃO DA OCUPAÇÃO DOS ESPAÇOS PÚBLICOS", "Atividade": "1137 - PAVIMENTAÇÃO E RECAPEAMENTO DE VIAS - PROGRAMA DE METAS 3.A", "Sub Elemento Despesa": "Manutenção e Conservação de Bens Imóveis", "Item Despesa": "Manutenção e Reformas de Bens Imóveis", "Observação Empenho": "PRESTAÇÃO DE SERVIÇOS DE CONSERVAÇÃO E MANUTENÇÃO DA MALHA VIÁRIA.", "Contrato": "27189/2019", "Credor Nome": "SOEBE CONSTRUÇÃO E PAVIMENTAÇÃO SA", "Valor Empenho": 0.0, "Valor Empenho Cancelado": 0.0, "Valor Empenho Líquido": 0.0, "Valor Empenho Liquidado": 0.0, "Valor Empenho Pago": 0.0, "Equipamento 1": "Vias", "Equipamento 2": "Vias", "Endereço": "R. Prof. Daher Cutait- Bela Vista, São Paulo - SP", "Região": "Centro", "Extensão (m)": "109", "Trecho (Recap)": "Trecho entre Rua Barata Ribeiro e Avenida Nove de Julho", "lon": -46.652863142721358, "lat": -23.556899497353296 }, "geometry": { "type": "Point", "coordinates": [ -46.652863142721358, -23.556899497353296 ] } },
{ "type": "Feature", "properties": { "Ano": 2020.0, "Nota Empenho": "74205/2020", "Nota Reserva": "46597/2020", "Ata CMDP": "2020-08-05 00:00:00", "Processo SEI": 6012201900079900.0, "Unidade": "SMSUB", "Função": "15 - URBANISMO", "Sub Função": "452 - SERVIÇOS URBANOS", "Programa": "3022 - REQUALIFICAÇÃO E PROMOÇÃO DA OCUPAÇÃO DOS ESPAÇOS PÚBLICOS", "Atividade": "1137 - PAVIMENTAÇÃO E RECAPEAMENTO DE VIAS - PROGRAMA DE METAS 3.A", "Sub Elemento Despesa": "Manutenção e Conservação de Bens Imóveis", "Item Despesa": "Manutenção e Reformas de Bens Imóveis", "Observação Empenho": "PRESTAÇÃO DE SERVIÇOS DE CONSERVAÇÃO E MANUTENÇÃO DA MALHA VIÁRIA.", "Contrato": "27189/2019", "Credor Nome": "SOEBE CONSTRUÇÃO E PAVIMENTAÇÃO SA", "Valor Empenho": 0.0, "Valor Empenho Cancelado": 0.0, "Valor Empenho Líquido": 0.0, "Valor Empenho Liquidado": 0.0, "Valor Empenho Pago": 0.0, "Equipamento 1": "Vias", "Equipamento 2": "Vias", "Endereço": "R. Dona Adma Jafet - Bela Vista, São Paulo - SP", "Região": "Centro", "Extensão (m)": "275", "Trecho (Recap)": "Trecho entre Rua Barata Ribeiro e Avenida Nove de Julho", "lon": -46.654521196277877, "lat": -23.558287115820317 }, "geometry": { "type": "Point", "coordinates": [ -46.654521196277877, -23.558287115820317 ] } },
{ "type": "Feature", "properties": { "Ano": 2020.0, "Nota Empenho": "74205/2020", "Nota Reserva": "46597/2020", "Ata CMDP": "2020-08-05 00:00:00", "Processo SEI": 6012201900079900.0, "Unidade": "SMSUB", "Função": "15 - URBANISMO", "Sub Função": "452 - SERVIÇOS URBANOS", "Programa": "3022 - REQUALIFICAÇÃO E PROMOÇÃO DA OCUPAÇÃO DOS ESPAÇOS PÚBLICOS", "Atividade": "1137 - PAVIMENTAÇÃO E RECAPEAMENTO DE VIAS - PROGRAMA DE METAS 3.A", "Sub Elemento Despesa": "Manutenção e Conservação de Bens Imóveis", "Item Despesa": "Manutenção e Reformas de Bens Imóveis", "Observação Empenho": "PRESTAÇÃO DE SERVIÇOS DE CONSERVAÇÃO E MANUTENÇÃO DA MALHA VIÁRIA.", "Contrato": "27189/2019", "Credor Nome": "SOEBE CONSTRUÇÃO E PAVIMENTAÇÃO SA", "Valor Empenho": 0.0, "Valor Empenho Cancelado": 0.0, "Valor Empenho Líquido": 0.0, "Valor Empenho Liquidado": 0.0, "Valor Empenho Pago": 0.0, "Equipamento 1": "Vias", "Equipamento 2": "Vias", "Endereço": "R. Vinte e Cinco de Março - Centro Histórico de São Paulo, São Paulo - SP", "Região": "Centro", "Extensão (m)": "1200", "Trecho (Recap)": "Trecho entre Avenida Senador Queiroz e Avenida Rangel Pestana", "lon": -46.631491347831883, "lat": -23.546804578809759 }, "geometry": { "type": "Point", "coordinates": [ -46.631491347831883, -23.546804578809759 ] } },
{ "type": "Feature", "properties": { "Ano": 2020.0, "Nota Empenho": "74205/2020", "Nota Reserva": "46597/2020", "Ata CMDP": "2020-08-05 00:00:00", "Processo SEI": 6012201900079900.0, "Unidade": "SMSUB", "Função": "15 - URBANISMO", "Sub Função": "452 - SERVIÇOS URBANOS", "Programa": "3022 - REQUALIFICAÇÃO E PROMOÇÃO DA OCUPAÇÃO DOS ESPAÇOS PÚBLICOS", "Atividade": "1137 - PAVIMENTAÇÃO E RECAPEAMENTO DE VIAS - PROGRAMA DE METAS 3.A", "Sub Elemento Despesa": "Manutenção e Conservação de Bens Imóveis", "Item Despesa": "Manutenção e Reformas de Bens Imóveis", "Observação Empenho": "PRESTAÇÃO DE SERVIÇOS DE CONSERVAÇÃO E MANUTENÇÃO DA MALHA VIÁRIA.", "Contrato": "27189/2019", "Credor Nome": "SOEBE CONSTRUÇÃO E PAVIMENTAÇÃO SA", "Valor Empenho": 0.0, "Valor Empenho Cancelado": 0.0, "Valor Empenho Líquido": 0.0, "Valor Empenho Liquidado": 0.0, "Valor Empenho Pago": 0.0, "Equipamento 1": "Vias", "Equipamento 2": "Vias", "Endereço": "R. Santa Ifigênia - Santa Ifigênia, São Paulo - SP", "Região": "Centro", "Extensão (m)": "800", "Trecho (Recap)": "Trecho entre Avenida Duque de Caxias e Avenida Casper Líbero", "lon": -46.639146824863325, "lat": -23.538514105330275 }, "geometry": { "type": "Point", "coordinates": [ -46.639146824863325, -23.538514105330275 ] } },
{ "type": "Feature", "properties": { "Ano": 2020.0, "Nota Empenho": "74205/2020", "Nota Reserva": "46597/2020", "Ata CMDP": "2020-08-05 00:00:00", "Processo SEI": 6012201900079900.0, "Unidade": "SMSUB", "Função": "15 - URBANISMO", "Sub Função": "452 - SERVIÇOS URBANOS", "Programa": "3022 - REQUALIFICAÇÃO E PROMOÇÃO DA OCUPAÇÃO DOS ESPAÇOS PÚBLICOS", "Atividade": "1137 - PAVIMENTAÇÃO E RECAPEAMENTO DE VIAS - PROGRAMA DE METAS 3.A", "Sub Elemento Despesa": "Manutenção e Conservação de Bens Imóveis", "Item Despesa": "Manutenção e Reformas de Bens Imóveis", "Observação Empenho": "PRESTAÇÃO DE SERVIÇOS DE CONSERVAÇÃO E MANUTENÇÃO DA MALHA VIÁRIA.", "Contrato": "27189/2019", "Credor Nome": "SOEBE CONSTRUÇÃO E PAVIMENTAÇÃO SA", "Valor Empenho": 0.0, "Valor Empenho Cancelado": 0.0, "Valor Empenho Líquido": 0.0, "Valor Empenho Liquidado": 0.0, "Valor Empenho Pago": 0.0, "Equipamento 1": "Vias", "Equipamento 2": "Vias", "Endereço": "R. Gen. Osório - Santa Ifigênia, São Paulo - SP", "Região": "Centro", "Extensão (m)": "400", "Trecho (Recap)": "Trecho entre Avenida São João e a Avenida Rio Branco", "lon": -46.642802006890186, "lat": -23.538375695404085 }, "geometry": { "type": "Point", "coordinates": [ -46.642802006890186, -23.538375695404085 ] } },
{ "type": "Feature", "properties": { "Ano": 2020.0, "Nota Empenho": "74205/2020", "Nota Reserva": "46597/2020", "Ata CMDP": "2020-08-05 00:00:00", "Processo SEI": 6012201900079900.0, "Unidade": "SMSUB", "Função": "15 - URBANISMO", "Sub Função": "452 - SERVIÇOS URBANOS", "Programa": "3022 - REQUALIFICAÇÃO E PROMOÇÃO DA OCUPAÇÃO DOS ESPAÇOS PÚBLICOS", "Atividade": "1137 - PAVIMENTAÇÃO E RECAPEAMENTO DE VIAS - PROGRAMA DE METAS 3.A", "Sub Elemento Despesa": "Manutenção e Conservação de Bens Imóveis", "Item Despesa": "Manutenção e Reformas de Bens Imóveis", "Observação Empenho": "PRESTAÇÃO DE SERVIÇOS DE CONSERVAÇÃO E MANUTENÇÃO DA MALHA VIÁRIA.", "Contrato": "27189/2019", "Credor Nome": "SOEBE CONSTRUÇÃO E PAVIMENTAÇÃO SA", "Valor Empenho": 0.0, "Valor Empenho Cancelado": 0.0, "Valor Empenho Líquido": 0.0, "Valor Empenho Liquidado": 0.0, "Valor Empenho Pago": 0.0, "Equipamento 1": "Vias", "Equipamento 2": "Vias", "Endereço": "R. Diamante - Aclimação, São Paulo - SP", "Região": "Centro", "Extensão (m)": "110", "Trecho (Recap)": "Trecho entre Praça General Polidor e Rua Paes de Andrade", "lon": -46.630048070260628, "lat": -23.571380512081934 }, "geometry": { "type": "Point", "coordinates": [ -46.630048070260628, -23.571380512081934 ] } },
{ "type": "Feature", "properties": { "Ano": 2020.0, "Nota Empenho": "74220/2020", "Nota Reserva": "46597/2020", "Ata CMDP": "2020-08-05 00:00:00", "Processo SEI": 6012201900079650.0, "Unidade": "SMSUB", "Função": "15 - URBANISMO", "Sub Função": "452 - SERVIÇOS URBANOS", "Programa": "3022 - REQUALIFICAÇÃO E PROMOÇÃO DA OCUPAÇÃO DOS ESPAÇOS PÚBLICOS", "Atividade": "1137 - PAVIMENTAÇÃO E RECAPEAMENTO DE VIAS - PROGRAMA DE METAS 3.A", "Sub Elemento Despesa": "Manutenção e Conservação de Bens Imóveis", "Item Despesa": "Manutenção e Reformas de Bens Imóveis", "Observação Empenho": "PRESTAÇÃO DE SERVIÇOS DE CONSERVAÇÃO E MANUTENÇÃO DA MALHA VIÁRIA.", "Contrato": "26785/2019", "Credor Nome": "SOEBE CONSTRUÇÃO E PAVIMENTAÇÃO SA", "Valor Empenho": 0.0, "Valor Empenho Cancelado": 0.0, "Valor Empenho Líquido": 0.0, "Valor Empenho Liquidado": 0.0, "Valor Empenho Pago": 0.0, "Equipamento 1": "Vias", "Equipamento 2": "Vias", "Endereço": "Av. Adélia Chohfi - Parque Sao Rafael, São Paulo - SP", "Região": "Sul", "Extensão (m)": "950", "Trecho (Recap)": "Trecho entre Rua Alberto de Macedo e Praça Felisberto Fernandes da Silva", "lon": -46.476998616904609, "lat": -23.617389508112225 }, "geometry": { "type": "Point", "coordinates": [ -46.476998616904609, -23.617389508112225 ] } },
{ "type": "Feature", "properties": { "Ano": 2020.0, "Nota Empenho": "74220/2020", "Nota Reserva": "46597/2020", "Ata CMDP": "2020-08-05 00:00:00", "Processo SEI": 6012201900079650.0, "Unidade": "SMSUB", "Função": "15 - URBANISMO", "Sub Função": "452 - SERVIÇOS URBANOS", "Programa": "3022 - REQUALIFICAÇÃO E PROMOÇÃO DA OCUPAÇÃO DOS ESPAÇOS PÚBLICOS", "Atividade": "1137 - PAVIMENTAÇÃO E RECAPEAMENTO DE VIAS - PROGRAMA DE METAS 3.A", "Sub Elemento Despesa": "Manutenção e Conservação de Bens Imóveis", "Item Despesa": "Manutenção e Reformas de Bens Imóveis", "Observação Empenho": "PRESTAÇÃO DE SERVIÇOS DE CONSERVAÇÃO E MANUTENÇÃO DA MALHA VIÁRIA.", "Contrato": "26785/2019", "Credor Nome": "SOEBE CONSTRUÇÃO E PAVIMENTAÇÃO SA", "Valor Empenho": 0.0, "Valor Empenho Cancelado": 0.0, "Valor Empenho Líquido": 0.0, "Valor Empenho Liquidado": 0.0, "Valor Empenho Pago": 0.0, "Equipamento 1": "Vias", "Equipamento 2": "Vias", "Endereço": "Av. Sapopemba - Jardim Adutora, São Paulo - SP", "Região": "Sul", "Extensão (m)": "1200", "Trecho (Recap)": "Trecho entre Praça Felisberto Fernandes da Silva e Rua Coronel Pacheco do Couto", "lon": -46.471510708737512, "lat": -23.613861077811091 }, "geometry": { "type": "Point", "coordinates": [ -46.471510708737512, -23.613861077811091 ] } },
{ "type": "Feature", "properties": { "Ano": 2020.0, "Nota Empenho": "74233/2020", "Nota Reserva": "46597/2020", "Ata CMDP": "2020-08-05 00:00:00", "Processo SEI": 6012201900079579.0, "Unidade": "SMSUB", "Função": "15 - URBANISMO", "Sub Função": "452 - SERVIÇOS URBANOS", "Programa": "3022 - REQUALIFICAÇÃO E PROMOÇÃO DA OCUPAÇÃO DOS ESPAÇOS PÚBLICOS", "Atividade": "1137 - PAVIMENTAÇÃO E RECAPEAMENTO DE VIAS - PROGRAMA DE METAS 3.A", "Sub Elemento Despesa": "Manutenção e Conservação de Bens Imóveis", "Item Despesa": "Manutenção e Reformas de Bens Imóveis", "Observação Empenho": "PRESTAÇÃO DE SERVIÇOS DE CONSERVAÇÃO E MANUTENÇÃO DA MALHA VIÁRIA.", "Contrato": "26814/2019", "Credor Nome": "JOFEGE PAVIMENTACAO E CONSTRUCAO LTDA", "Valor Empenho": 0.0, "Valor Empenho Cancelado": 0.0, "Valor Empenho Líquido": 0.0, "Valor Empenho Liquidado": 0.0, "Valor Empenho Pago": 0.0, "Equipamento 1": "Vias", "Equipamento 2": "Vias", "Endereço": "Av. Jacu-Pêssego - Itaquera, São Paulo - SP", "Região": "Leste", "Extensão (m)": "456", "Trecho (Recap)": "Trecho entre Avenida João Batista Conti e Rua São Teodoro", "lon": -46.446047052255913, "lat": -23.554731126247376 }, "geometry": { "type": "Point", "coordinates": [ -46.446047052255913, -23.554731126247376 ] } },
{ "type": "Feature", "properties": { "Ano": 2020.0, "Nota Empenho": "74241/2020", "Nota Reserva": "46597/2020", "Ata CMDP": "2020-08-05 00:00:00", "Processo SEI": 6012201900079463.0, "Unidade": "SMSUB", "Função": "15 - URBANISMO", "Sub Função": "452 - SERVIÇOS URBANOS", "Programa": "3022 - REQUALIFICAÇÃO E PROMOÇÃO DA OCUPAÇÃO DOS ESPAÇOS PÚBLICOS", "Atividade": "1137 - PAVIMENTAÇÃO E RECAPEAMENTO DE VIAS - PROGRAMA DE METAS 3.A", "Sub Elemento Despesa": "Manutenção e Conservação de Bens Imóveis", "Item Despesa": "Manutenção e Reformas de Bens Imóveis", "Observação Empenho": "PRESTAÇÃO DE SERVIÇOS DE CONSERVAÇÃO E MANUTENÇÃO DA MALHA VIÁRIA.", "Contrato": "26807/2019", "Credor Nome": "JOFEGE PAVIMENTACAO E CONSTRUCAO LTDA", "Valor Empenho": 0.0, "Valor Empenho Cancelado": 0.0, "Valor Empenho Líquido": 0.0, "Valor Empenho Liquidado": 0.0, "Valor Empenho Pago": 0.0, "Equipamento 1": "Vias", "Equipamento 2": "Vias", "Endereço": "Av. Águia de Haia - Cidade Antônio Estêvão de Carvalho, São Paulo - SP", "Região": "Leste", "Extensão (m)": "1870", "Trecho (Recap)": "Trecho entre Rua Cuim e Rua Boipeva", "lon": -46.47350619574685, "lat": -23.532970068996256 }, "geometry": { "type": "Point", "coordinates": [ -46.47350619574685, -23.532970068996256 ] } },
{ "type": "Feature", "properties": { "Ano": 2020.0, "Nota Empenho": "74241/2020", "Nota Reserva": "46597/2020", "Ata CMDP": "2020-08-05 00:00:00", "Processo SEI": 6012201900079463.0, "Unidade": "SMSUB", "Função": "15 - URBANISMO", "Sub Função": "452 - SERVIÇOS URBANOS", "Programa": "3022 - REQUALIFICAÇÃO E PROMOÇÃO DA OCUPAÇÃO DOS ESPAÇOS PÚBLICOS", "Atividade": "1137 - PAVIMENTAÇÃO E RECAPEAMENTO DE VIAS - PROGRAMA DE METAS 3.A", "Sub Elemento Despesa": "Manutenção e Conservação de Bens Imóveis", "Item Despesa": "Manutenção e Reformas de Bens Imóveis", "Observação Empenho": "PRESTAÇÃO DE SERVIÇOS DE CONSERVAÇÃO E MANUTENÇÃO DA MALHA VIÁRIA.", "Contrato": "26807/2019", "Credor Nome": "JOFEGE PAVIMENTACAO E CONSTRUCAO LTDA", "Valor Empenho": 0.0, "Valor Empenho Cancelado": 0.0, "Valor Empenho Líquido": 0.0, "Valor Empenho Liquidado": 0.0, "Valor Empenho Pago": 0.0, "Equipamento 1": "Vias", "Equipamento 2": "Vias", "Endereço": "Av. Calim Eid - Vila Ré, São Paulo - SP", "Região": "Leste", "Extensão (m)": "3970", "Trecho (Recap)": "Trecho entre Amador Bueno da Veiga e Viaduto Milton Leão", "lon": -46.494812621522946, "lat": -23.522528979982351 }, "geometry": { "type": "Point", "coordinates": [ -46.494812621522946, -23.522528979982351 ] } },
{ "type": "Feature", "properties": { "Ano": 2020.0, "Nota Empenho": "74260/2020", "Nota Reserva": "46597/2020", "Ata CMDP": "2020-08-05 00:00:00", "Processo SEI": 6012201900079889.0, "Unidade": "SMSUB", "Função": "15 - URBANISMO", "Sub Função": "452 - SERVIÇOS URBANOS", "Programa": "3022 - REQUALIFICAÇÃO E PROMOÇÃO DA OCUPAÇÃO DOS ESPAÇOS PÚBLICOS", "Atividade": "1137 - PAVIMENTAÇÃO E RECAPEAMENTO DE VIAS - PROGRAMA DE METAS 3.A", "Sub Elemento Despesa": "Manutenção e Conservação de Bens Imóveis", "Item Despesa": "Manutenção e Reformas de Bens Imóveis", "Observação Empenho": "PRESTAÇÃO DE SERVIÇOS DE CONSERVAÇÃO E MANUTENÇÃO DA MALHA VIÁRIA.", "Contrato": "26925/2019", "Credor Nome": "FREMIX PAVIMENTAÇÃO E CONTRUÇÕES LTDA.", "Valor Empenho": 0.0, "Valor Empenho Cancelado": 0.0, "Valor Empenho Líquido": 0.0, "Valor Empenho Liquidado": 0.0, "Valor Empenho Pago": 0.0, "Equipamento 1": "Vias", "Equipamento 2": "Vias", "Endereço": "R. Ataliba Vieira - Vila Medeiros, São Paulo - SP", "Região": "Norte", "Extensão (m)": "1400", "Trecho (Recap)": "Trecho entre Avenida Conceição e Avenida India Piquerobi", "lon": -46.585002119520354, "lat": -23.488858506951249 }, "geometry": { "type": "Point", "coordinates": [ -46.585002119520354, -23.488858506951249 ] } },
{ "type": "Feature", "properties": { "Ano": 2020.0, "Nota Empenho": "74260/2020", "Nota Reserva": "46597/2020", "Ata CMDP": "2020-08-05 00:00:00", "Processo SEI": 6012201900079889.0, "Unidade": "SMSUB", "Função": "15 - URBANISMO", "Sub Função": "452 - SERVIÇOS URBANOS", "Programa": "3022 - REQUALIFICAÇÃO E PROMOÇÃO DA OCUPAÇÃO DOS ESPAÇOS PÚBLICOS", "Atividade": "1137 - PAVIMENTAÇÃO E RECAPEAMENTO DE VIAS - PROGRAMA DE METAS 3.A", "Sub Elemento Despesa": "Manutenção e Conservação de Bens Imóveis", "Item Despesa": "Manutenção e Reformas de Bens Imóveis", "Observação Empenho": "PRESTAÇÃO DE SERVIÇOS DE CONSERVAÇÃO E MANUTENÇÃO DA MALHA VIÁRIA.", "Contrato": "26925/2019", "Credor Nome": "FREMIX PAVIMENTAÇÃO E CONTRUÇÕES LTDA.", "Valor Empenho": 0.0, "Valor Empenho Cancelado": 0.0, "Valor Empenho Líquido": 0.0, "Valor Empenho Liquidado": 0.0, "Valor Empenho Pago": 0.0, "Equipamento 1": "Vias", "Equipamento 2": "Vias", "Endereço": "Av. Conceição - Jardim Japao, São Paulo - SP", "Região": "Norte", "Extensão (m)": "3500", "Trecho (Recap)": "Trecho entre Rua Maria Candida e Rua Itamonte", "lon": -46.590469103652403, "lat": -23.499312522694957 }, "geometry": { "type": "Point", "coordinates": [ -46.590469103652403, -23.499312522694957 ] } },
{ "type": "Feature", "properties": { "Ano": 2020.0, "Nota Empenho": "74260/2020", "Nota Reserva": "46597/2020", "Ata CMDP": "2020-08-05 00:00:00", "Processo SEI": 6012201900079889.0, "Unidade": "SMSUB", "Função": "15 - URBANISMO", "Sub Função": "452 - SERVIÇOS URBANOS", "Programa": "3022 - REQUALIFICAÇÃO E PROMOÇÃO DA OCUPAÇÃO DOS ESPAÇOS PÚBLICOS", "Atividade": "1137 - PAVIMENTAÇÃO E RECAPEAMENTO DE VIAS - PROGRAMA DE METAS 3.A", "Sub Elemento Despesa": "Manutenção e Conservação de Bens Imóveis", "Item Despesa": "Manutenção e Reformas de Bens Imóveis", "Observação Empenho": "PRESTAÇÃO DE SERVIÇOS DE CONSERVAÇÃO E MANUTENÇÃO DA MALHA VIÁRIA.", "Contrato": "26925/2019", "Credor Nome": "FREMIX PAVIMENTAÇÃO E CONTRUÇÕES LTDA.", "Valor Empenho": 0.0, "Valor Empenho Cancelado": 0.0, "Valor Empenho Líquido": 0.0, "Valor Empenho Liquidado": 0.0, "Valor Empenho Pago": 0.0, "Equipamento 1": "Vias", "Equipamento 2": "Vias", "Endereço": "R. Cel. Marcílio Franco - Vila Isolina Mazzei, São Paulo - SP", "Região": "Norte", "Extensão (m)": "1350", "Trecho (Recap)": "Trecho entre Avenida Julio Buono e Avenida General Ataliba Leonel", "lon": -46.605238956383843, "lat": -23.498926235823632 }, "geometry": { "type": "Point", "coordinates": [ -46.605238956383843, -23.498926235823632 ] } },
{ "type": "Feature", "properties": { "Ano": 2020.0, "Nota Empenho": "74260/2020", "Nota Reserva": "46597/2020", "Ata CMDP": "2020-08-05 00:00:00", "Processo SEI": 6012201900079889.0, "Unidade": "SMSUB", "Função": "15 - URBANISMO", "Sub Função": "452 - SERVIÇOS URBANOS", "Programa": "3022 - REQUALIFICAÇÃO E PROMOÇÃO DA OCUPAÇÃO DOS ESPAÇOS PÚBLICOS", "Atividade": "1137 - PAVIMENTAÇÃO E RECAPEAMENTO DE VIAS - PROGRAMA DE METAS 3.A", "Sub Elemento Despesa": "Manutenção e Conservação de Bens Imóveis", "Item Despesa": "Manutenção e Reformas de Bens Imóveis", "Observação Empenho": "PRESTAÇÃO DE SERVIÇOS DE CONSERVAÇÃO E MANUTENÇÃO DA MALHA VIÁRIA.", "Contrato": "26925/2019", "Credor Nome": "FREMIX PAVIMENTAÇÃO E CONTRUÇÕES LTDA.", "Valor Empenho": 0.0, "Valor Empenho Cancelado": 0.0, "Valor Empenho Líquido": 0.0, "Valor Empenho Liquidado": 0.0, "Valor Empenho Pago": 0.0, "Equipamento 1": "Vias", "Equipamento 2": "Vias", "Endereço": "Av. Gustavo Adolfo - Vila Gustavo, São Paulo - SP", "Região": "Norte", "Extensão (m)": "2100", "Trecho (Recap)": "Trecho entre Avenida Dr Abilio Sampaio e Praça Angelo Conti", "lon": -46.582161175441335, "lat": -23.486020498354897 }, "geometry": { "type": "Point", "coordinates": [ -46.582161175441335, -23.486020498354897 ] } },
{ "type": "Feature", "properties": { "Ano": 2020.0, "Nota Empenho": "74260/2020", "Nota Reserva": "46597/2020", "Ata CMDP": "2020-08-05 00:00:00", "Processo SEI": 6012201900079889.0, "Unidade": "SMSUB", "Função": "15 - URBANISMO", "Sub Função": "452 - SERVIÇOS URBANOS", "Programa": "3022 - REQUALIFICAÇÃO E PROMOÇÃO DA OCUPAÇÃO DOS ESPAÇOS PÚBLICOS", "Atividade": "1137 - PAVIMENTAÇÃO E RECAPEAMENTO DE VIAS - PROGRAMA DE METAS 3.A", "Sub Elemento Despesa": "Manutenção e Conservação de Bens Imóveis", "Item Despesa": "Manutenção e Reformas de Bens Imóveis", "Observação Empenho": "PRESTAÇÃO DE SERVIÇOS DE CONSERVAÇÃO E MANUTENÇÃO DA MALHA VIÁRIA.", "Contrato": "26925/2019", "Credor Nome": "FREMIX PAVIMENTAÇÃO E CONTRUÇÕES LTDA.", "Valor Empenho": 0.0, "Valor Empenho Cancelado": 0.0, "Valor Empenho Líquido": 0.0, "Valor Empenho Liquidado": 0.0, "Valor Empenho Pago": 0.0, "Equipamento 1": "Vias", "Equipamento 2": "Vias", "Endereço": "Av. General Pedro Leon Schneider - Santana, São Paulo - SP", "Região": "Norte", "Extensão (m)": "300", "Trecho (Recap)": "Trecho entre Avenida Santos Dumont e Rua Voluntarios da Patria", "lon": -46.62704788992928, "lat": -23.508788590250106 }, "geometry": { "type": "Point", "coordinates": [ -46.62704788992928, -23.508788590250106 ] } },
{ "type": "Feature", "properties": { "Ano": 2020.0, "Nota Empenho": "74260/2020", "Nota Reserva": "46597/2020", "Ata CMDP": "2020-08-05 00:00:00", "Processo SEI": 6012201900079889.0, "Unidade": "SMSUB", "Função": "15 - URBANISMO", "Sub Função": "452 - SERVIÇOS URBANOS", "Programa": "3022 - REQUALIFICAÇÃO E PROMOÇÃO DA OCUPAÇÃO DOS ESPAÇOS PÚBLICOS", "Atividade": "1137 - PAVIMENTAÇÃO E RECAPEAMENTO DE VIAS - PROGRAMA DE METAS 3.A", "Sub Elemento Despesa": "Manutenção e Conservação de Bens Imóveis", "Item Despesa": "Manutenção e Reformas de Bens Imóveis", "Observação Empenho": "PRESTAÇÃO DE SERVIÇOS DE CONSERVAÇÃO E MANUTENÇÃO DA MALHA VIÁRIA.", "Contrato": "26925/2019", "Credor Nome": "FREMIX PAVIMENTAÇÃO E CONTRUÇÕES LTDA.", "Valor Empenho": 0.0, "Valor Empenho Cancelado": 0.0, "Valor Empenho Líquido": 0.0, "Valor Empenho Liquidado": 0.0, "Valor Empenho Pago": 0.0, "Equipamento 1": "Vias", "Equipamento 2": "Vias", "Endereço": "Av. Marginal Tietê Central, São Paulo - SP", "Região": "Norte", "Extensão (m)": "683", "Trecho (Recap)": "Trecho entre Avenida Moyses Roysen e Ponte Cruzeiro do Sul", "lon": -46.620994929766354, "lat": -23.518503975707333 }, "geometry": { "type": "Point", "coordinates": [ -46.620994929766354, -23.518503975707333 ] } },
{ "type": "Feature", "properties": { "Ano": 2020.0, "Nota Empenho": "74260/2020", "Nota Reserva": "46597/2020", "Ata CMDP": "2020-08-05 00:00:00", "Processo SEI": 6012201900079889.0, "Unidade": "SMSUB", "Função": "15 - URBANISMO", "Sub Função": "452 - SERVIÇOS URBANOS", "Programa": "3022 - REQUALIFICAÇÃO E PROMOÇÃO DA OCUPAÇÃO DOS ESPAÇOS PÚBLICOS", "Atividade": "1137 - PAVIMENTAÇÃO E RECAPEAMENTO DE VIAS - PROGRAMA DE METAS 3.A", "Sub Elemento Despesa": "Manutenção e Conservação de Bens Imóveis", "Item Despesa": "Manutenção e Reformas de Bens Imóveis", "Observação Empenho": "PRESTAÇÃO DE SERVIÇOS DE CONSERVAÇÃO E MANUTENÇÃO DA MALHA VIÁRIA.", "Contrato": "26925/2019", "Credor Nome": "FREMIX PAVIMENTAÇÃO E CONTRUÇÕES LTDA.", "Valor Empenho": 0.0, "Valor Empenho Cancelado": 0.0, "Valor Empenho Líquido": 0.0, "Valor Empenho Liquidado": 0.0, "Valor Empenho Pago": 0.0, "Equipamento 1": "Vias", "Equipamento 2": "Vias", "Endereço": "Pte. Presidente Jânio Quadros - Vila Maria, São Paulo - SP", "Região": "Norte", "Extensão (m)": "140", "Trecho (Recap)": "Trecho entre Alça de acesso Ponte Janio Quadros e Marginal Tiete", "lon": -46.597618212809053, "lat": -23.528509220700798 }, "geometry": { "type": "Point", "coordinates": [ -46.597618212809053, -23.528509220700798 ] } },
{ "type": "Feature", "properties": { "Ano": 2020.0, "Nota Empenho": "74260/2020", "Nota Reserva": "46597/2020", "Ata CMDP": "2020-08-05 00:00:00", "Processo SEI": 6012201900079889.0, "Unidade": "SMSUB", "Função": "15 - URBANISMO", "Sub Função": "452 - SERVIÇOS URBANOS", "Programa": "3022 - REQUALIFICAÇÃO E PROMOÇÃO DA OCUPAÇÃO DOS ESPAÇOS PÚBLICOS", "Atividade": "1137 - PAVIMENTAÇÃO E RECAPEAMENTO DE VIAS - PROGRAMA DE METAS 3.A", "Sub Elemento Despesa": "Manutenção e Conservação de Bens Imóveis", "Item Despesa": "Manutenção e Reformas de Bens Imóveis", "Observação Empenho": "PRESTAÇÃO DE SERVIÇOS DE CONSERVAÇÃO E MANUTENÇÃO DA MALHA VIÁRIA.", "Contrato": "26925/2019", "Credor Nome": "FREMIX PAVIMENTAÇÃO E CONTRUÇÕES LTDA.", "Valor Empenho": 0.0, "Valor Empenho Cancelado": 0.0, "Valor Empenho Líquido": 0.0, "Valor Empenho Liquidado": 0.0, "Valor Empenho Pago": 0.0, "Equipamento 1": "Vias", "Equipamento 2": "Vias", "Endereço": "Pte. Presidente Jânio Quadros - Vila Maria, São Paulo - SP", "Região": "Norte", "Extensão (m)": "167", "Trecho (Recap)": "Trecho entre Alça de acesso Ponte Janio Quadros e Marginal Tiete", "lon": -46.59606253169116, "lat": -23.526522160568128 }, "geometry": { "type": "Point", "coordinates": [ -46.59606253169116, -23.526522160568128 ] } },
{ "type": "Feature", "properties": { "Ano": 2020.0, "Nota Empenho": "74260/2020", "Nota Reserva": "46597/2020", "Ata CMDP": "2020-08-05 00:00:00", "Processo SEI": 6012201900079889.0, "Unidade": "SMSUB", "Função": "15 - URBANISMO", "Sub Função": "452 - SERVIÇOS URBANOS", "Programa": "3022 - REQUALIFICAÇÃO E PROMOÇÃO DA OCUPAÇÃO DOS ESPAÇOS PÚBLICOS", "Atividade": "1137 - PAVIMENTAÇÃO E RECAPEAMENTO DE VIAS - PROGRAMA DE METAS 3.A", "Sub Elemento Despesa": "Manutenção e Conservação de Bens Imóveis", "Item Despesa": "Manutenção e Reformas de Bens Imóveis", "Observação Empenho": "PRESTAÇÃO DE SERVIÇOS DE CONSERVAÇÃO E MANUTENÇÃO DA MALHA VIÁRIA.", "Contrato": "26925/2019", "Credor Nome": "FREMIX PAVIMENTAÇÃO E CONTRUÇÕES LTDA.", "Valor Empenho": 0.0, "Valor Empenho Cancelado": 0.0, "Valor Empenho Líquido": 0.0, "Valor Empenho Liquidado": 0.0, "Valor Empenho Pago": 0.0, "Equipamento 1": "Vias", "Equipamento 2": "Vias", "Endereço": "Av. Morvan Dias de Figueiredo - Parque Novo Mundo, São Paulo - SP", "Região": "Norte", "Extensão (m)": "212", "Trecho (Recap)": "Trecho entre Avenida Nadir Dias Figueiredo e Marginal Tiete", "lon": -46.593189236152405, "lat": -23.527499704952781 }, "geometry": { "type": "Point", "coordinates": [ -46.593189236152405, -23.527499704952781 ] } },
{ "type": "Feature", "properties": { "Ano": 2020.0, "Nota Empenho": "74260/2020", "Nota Reserva": "46597/2020", "Ata CMDP": "2020-08-05 00:00:00", "Processo SEI": 6012201900079889.0, "Unidade": "SMSUB", "Função": "15 - URBANISMO", "Sub Função": "452 - SERVIÇOS URBANOS", "Programa": "3022 - REQUALIFICAÇÃO E PROMOÇÃO DA OCUPAÇÃO DOS ESPAÇOS PÚBLICOS", "Atividade": "1137 - PAVIMENTAÇÃO E RECAPEAMENTO DE VIAS - PROGRAMA DE METAS 3.A", "Sub Elemento Despesa": "Manutenção e Conservação de Bens Imóveis", "Item Despesa": "Manutenção e Reformas de Bens Imóveis", "Observação Empenho": "PRESTAÇÃO DE SERVIÇOS DE CONSERVAÇÃO E MANUTENÇÃO DA MALHA VIÁRIA.", "Contrato": "26925/2019", "Credor Nome": "FREMIX PAVIMENTAÇÃO E CONTRUÇÕES LTDA.", "Valor Empenho": 0.0, "Valor Empenho Cancelado": 0.0, "Valor Empenho Líquido": 0.0, "Valor Empenho Liquidado": 0.0, "Valor Empenho Pago": 0.0, "Equipamento 1": "Vias", "Equipamento 2": "Vias", "Endereço": "R. Izidoro Matheus - Vila Maria Baixa, São Paulo - SP", "Região": "Norte", "Extensão (m)": "180", "Trecho (Recap)": "Trecho entre Avenida Nadir Dias Figueiredo e Avenida Guilherme Cotching", "lon": -46.594860697586277, "lat": -23.52597812921476 }, "geometry": { "type": "Point", "coordinates": [ -46.594860697586277, -23.52597812921476 ] } },
{ "type": "Feature", "properties": { "Ano": 2020.0, "Nota Empenho": "74263/2020", "Nota Reserva": "46597/2020", "Ata CMDP": "2020-08-05 00:00:00", "Processo SEI": 6012201900078840.0, "Unidade": "SMSUB", "Função": "15 - URBANISMO", "Sub Função": "452 - SERVIÇOS URBANOS", "Programa": "3022 - REQUALIFICAÇÃO E PROMOÇÃO DA OCUPAÇÃO DOS ESPAÇOS PÚBLICOS", "Atividade": "1137 - PAVIMENTAÇÃO E RECAPEAMENTO DE VIAS - PROGRAMA DE METAS 3.A", "Sub Elemento Despesa": "Manutenção e Conservação de Bens Imóveis", "Item Despesa": "Manutenção e Reformas de Bens Imóveis", "Observação Empenho": "PRESTAÇÃO DE SERVIÇOS DE CONSERVAÇÃO E MANUTENÇÃO DA MALHA VIÁRIA.", "Contrato": "26934/2019", "Credor Nome": "FREMIX PAVIMENTAÇÃO E CONTRUÇÕES LTDA.", "Valor Empenho": 31449.0, "Valor Empenho Cancelado": 0.0, "Valor Empenho Líquido": 31449.0, "Valor Empenho Liquidado": 31449.0, "Valor Empenho Pago": 31449.0, "Equipamento 1": "Vias", "Equipamento 2": "Vias", "Endereço": "R. Dr. José Pereira Gomes - Jardim das Oliveiras, São Paulo - SP", "Região": "Leste", "Extensão (m)": "2100", "Trecho (Recap)": "Trecho entre Avenida Marechal Tito e Rua Jorge Rodrigues de Niza", "lon": -46.385598231394518, "lat": -23.491531266794532 }, "geometry": { "type": "Point", "coordinates": [ -46.385598231394518, -23.491531266794532 ] } },
{ "type": "Feature", "properties": { "Ano": 2020.0, "Nota Empenho": "76187/2020", "Nota Reserva": "46597/2020", "Ata CMDP": "2020-08-05 00:00:00", "Processo SEI": 6012201900079463.0, "Unidade": "SMSUB", "Função": "15 - URBANISMO", "Sub Função": "452 - SERVIÇOS URBANOS", "Programa": "3022 - REQUALIFICAÇÃO E PROMOÇÃO DA OCUPAÇÃO DOS ESPAÇOS PÚBLICOS", "Atividade": "1137 - PAVIMENTAÇÃO E RECAPEAMENTO DE VIAS - PROGRAMA DE METAS 3.A", "Sub Elemento Despesa": "Manutenção e Conservação de Bens Imóveis", "Item Despesa": "Manutenção e Reformas de Bens Imóveis", "Observação Empenho": "PRESTAÇÃO DE SERVIÇOS DE CONSERVAÇÃO E MANUTENÇÃO DA MALHA VIÁRIA", "Contrato": "26807/2019", "Credor Nome": "JOFEGE PAVIMENTACAO E CONSTRUCAO LTDA", "Valor Empenho": 0.0, "Valor Empenho Cancelado": 0.0, "Valor Empenho Líquido": 0.0, "Valor Empenho Liquidado": 0.0, "Valor Empenho Pago": 0.0, "Equipamento 1": "Vias", "Equipamento 2": "Vias", "Endereço": "Av. Águia de Haia - Cidade Antônio Estêvão de Carvalho, São Paulo - SP", "Região": "Leste", "Extensão (m)": "0", "Trecho (Recap)": "Trecho entre Rua Cuim e Rua Boipeva", "lon": -46.47350619574685, "lat": -23.532970068996256 }, "geometry": { "type": "Point", "coordinates": [ -46.47350619574685, -23.532970068996256 ] } },
{ "type": "Feature", "properties": { "Ano": 2020.0, "Nota Empenho": "76187/2020", "Nota Reserva": "46597/2020", "Ata CMDP": "2020-08-05 00:00:00", "Processo SEI": 6012201900079463.0, "Unidade": "SMSUB", "Função": "15 - URBANISMO", "Sub Função": "452 - SERVIÇOS URBANOS", "Programa": "3022 - REQUALIFICAÇÃO E PROMOÇÃO DA OCUPAÇÃO DOS ESPAÇOS PÚBLICOS", "Atividade": "1137 - PAVIMENTAÇÃO E RECAPEAMENTO DE VIAS - PROGRAMA DE METAS 3.A", "Sub Elemento Despesa": "Manutenção e Conservação de Bens Imóveis", "Item Despesa": "Manutenção e Reformas de Bens Imóveis", "Observação Empenho": "PRESTAÇÃO DE SERVIÇOS DE CONSERVAÇÃO E MANUTENÇÃO DA MALHA VIÁRIA", "Contrato": "26807/2019", "Credor Nome": "JOFEGE PAVIMENTACAO E CONSTRUCAO LTDA", "Valor Empenho": 0.0, "Valor Empenho Cancelado": 0.0, "Valor Empenho Líquido": 0.0, "Valor Empenho Liquidado": 0.0, "Valor Empenho Pago": 0.0, "Equipamento 1": "Vias", "Equipamento 2": "Vias", "Endereço": "Av. Calim Eid - Vila Ré, São Paulo - SP", "Região": "Leste", "Extensão (m)": "0", "Trecho (Recap)": "Trecho entre Amador Bueno da Veiga e Viaduto Milton Leão", "lon": -46.494812621522946, "lat": -23.522528979982351 }, "geometry": { "type": "Point", "coordinates": [ -46.494812621522946, -23.522528979982351 ] } },
{ "type": "Feature", "properties": { "Ano": 2020.0, "Nota Empenho": "76620/2020", "Nota Reserva": "46597/2020", "Ata CMDP": "2020-08-05 00:00:00", "Processo SEI": 6012201900079579.0, "Unidade": "SMSUB", "Função": "15 - URBANISMO", "Sub Função": "452 - SERVIÇOS URBANOS", "Programa": "3022 - REQUALIFICAÇÃO E PROMOÇÃO DA OCUPAÇÃO DOS ESPAÇOS PÚBLICOS", "Atividade": "1137 - PAVIMENTAÇÃO E RECAPEAMENTO DE VIAS - PROGRAMA DE METAS 3.A", "Sub Elemento Despesa": "Manutenção e Conservação de Bens Imóveis", "Item Despesa": "Manutenção e Reformas de Bens Imóveis", "Observação Empenho": "PRESTAÇÃO DE SERVIÇOS DE CONSERVAÇÃO E MANUTENÇÃO DA MALHA VIÁRIA.", "Contrato": "26814/2019", "Credor Nome": "JOFEGE PAVIMENTACAO E CONSTRUCAO LTDA", "Valor Empenho": 0.0, "Valor Empenho Cancelado": 0.0, "Valor Empenho Líquido": 0.0, "Valor Empenho Liquidado": 0.0, "Valor Empenho Pago": 0.0, "Equipamento 1": "Vias", "Equipamento 2": "Vias", "Endereço": "Av. Jacu-Pêssego - Itaquera, São Paulo - SP", "Região": "Leste", "Extensão (m)": "0", "Trecho (Recap)": "Trecho entre Avenida João Batista Conti e Rua São Teodoro", "lon": -46.446047052255913, "lat": -23.554731126247376 }, "geometry": { "type": "Point", "coordinates": [ -46.446047052255913, -23.554731126247376 ] } },
{ "type": "Feature", "properties": { "Ano": 2020.0, "Nota Empenho": "78495/2020", "Nota Reserva": "46597/2020", "Ata CMDP": "2020-08-05 00:00:00", "Processo SEI": 6012201900079650.0, "Unidade": "SMSUB", "Função": "15 - URBANISMO", "Sub Função": "452 - SERVIÇOS URBANOS", "Programa": "3022 - REQUALIFICAÇÃO E PROMOÇÃO DA OCUPAÇÃO DOS ESPAÇOS PÚBLICOS", "Atividade": "1137 - PAVIMENTAÇÃO E RECAPEAMENTO DE VIAS - PROGRAMA DE METAS 3.A", "Sub Elemento Despesa": "Manutenção e Conservação de Bens Imóveis", "Item Despesa": "Manutenção e Reformas de Bens Imóveis", "Observação Empenho": "PRESTAÇÃO DE SERVIÇOS DE CONSERVAÇÃO E MANUTENÇÃO DA MALHA VIÁRIA.", "Contrato": "27189/2019", "Credor Nome": "SOEBE CONSTRUÇÃO E PAVIMENTAÇÃO SA", "Valor Empenho": 0.0, "Valor Empenho Cancelado": 0.0, "Valor Empenho Líquido": 0.0, "Valor Empenho Liquidado": 0.0, "Valor Empenho Pago": 0.0, "Equipamento 1": "Vias", "Equipamento 2": "Vias", "Endereço": "Av. Adélia Chohfi - Parque Sao Rafael, São Paulo - SP", "Região": "Sul", "Extensão (m)": "0", "Trecho (Recap)": "Trecho entre Rua Alberto de Macedo e Praça Felisberto Fernandes da Silva", "lon": -46.476998616904609, "lat": -23.617389508112225 }, "geometry": { "type": "Point", "coordinates": [ -46.476998616904609, -23.617389508112225 ] } },
{ "type": "Feature", "properties": { "Ano": 2020.0, "Nota Empenho": "78495/2020", "Nota Reserva": "46597/2020", "Ata CMDP": "2020-08-05 00:00:00", "Processo SEI": 6012201900079650.0, "Unidade": "SMSUB", "Função": "15 - URBANISMO", "Sub Função": "452 - SERVIÇOS URBANOS", "Programa": "3022 - REQUALIFICAÇÃO E PROMOÇÃO DA OCUPAÇÃO DOS ESPAÇOS PÚBLICOS", "Atividade": "1137 - PAVIMENTAÇÃO E RECAPEAMENTO DE VIAS - PROGRAMA DE METAS 3.A", "Sub Elemento Despesa": "Manutenção e Conservação de Bens Imóveis", "Item Despesa": "Manutenção e Reformas de Bens Imóveis", "Observação Empenho": "PRESTAÇÃO DE SERVIÇOS DE CONSERVAÇÃO E MANUTENÇÃO DA MALHA VIÁRIA.", "Contrato": "27189/2019", "Credor Nome": "SOEBE CONSTRUÇÃO E PAVIMENTAÇÃO SA", "Valor Empenho": 0.0, "Valor Empenho Cancelado": 0.0, "Valor Empenho Líquido": 0.0, "Valor Empenho Liquidado": 0.0, "Valor Empenho Pago": 0.0, "Equipamento 1": "Vias", "Equipamento 2": "Vias", "Endereço": "Av. Sapopemba - Jardim Adutora, São Paulo - SP", "Região": "Sul", "Extensão (m)": "0", "Trecho (Recap)": "Trecho entre Praça Felisberto Fernandes da Silva e Rua Coronel Pacheco do Couto", "lon": -46.471510708737512, "lat": -23.613861077811091 }, "geometry": { "type": "Point", "coordinates": [ -46.471510708737512, -23.613861077811091 ] } },
{ "type": "Feature", "properties": { "Ano": 2020.0, "Nota Empenho": "78497/2020", "Nota Reserva": "46597/2020", "Ata CMDP": "2020-08-05 00:00:00", "Processo SEI": 6012201900079900.0, "Unidade": "SMSUB", "Função": "15 - URBANISMO", "Sub Função": "452 - SERVIÇOS URBANOS", "Programa": "3022 - REQUALIFICAÇÃO E PROMOÇÃO DA OCUPAÇÃO DOS ESPAÇOS PÚBLICOS", "Atividade": "1137 - PAVIMENTAÇÃO E RECAPEAMENTO DE VIAS - PROGRAMA DE METAS 3.A", "Sub Elemento Despesa": "Manutenção e Conservação de Bens Imóveis", "Item Despesa": "Manutenção e Reformas de Bens Imóveis", "Observação Empenho": "PRESTAÇÃO DE SERVIÇOS DE CONSERVAÇÃO E MANUTENÇÃO DA MALHA VIÁRIA.", "Contrato": "27189/2019", "Credor Nome": "SOEBE CONSTRUÇÃO E PAVIMENTAÇÃO SA", "Valor Empenho": 0.0, "Valor Empenho Cancelado": 0.0, "Valor Empenho Líquido": 0.0, "Valor Empenho Liquidado": 0.0, "Valor Empenho Pago": 0.0, "Equipamento 1": "Vias", "Equipamento 2": "Vias", "Endereço": "R. Topázio - Vila Mariana, São Paulo - SP", "Região": "Centro", "Extensão (m)": "0", "Trecho (Recap)": "Trecho entre Praça General Polidoro e Rua do Paraíso", "lon": -46.631878336526768, "lat": -23.574419861543184 }, "geometry": { "type": "Point", "coordinates": [ -46.631878336526768, -23.574419861543184 ] } },
{ "type": "Feature", "properties": { "Ano": 2020.0, "Nota Empenho": "78497/2020", "Nota Reserva": "46597/2020", "Ata CMDP": "2020-08-05 00:00:00", "Processo SEI": 6012201900079900.0, "Unidade": "SMSUB", "Função": "15 - URBANISMO", "Sub Função": "452 - SERVIÇOS URBANOS", "Programa": "3022 - REQUALIFICAÇÃO E PROMOÇÃO DA OCUPAÇÃO DOS ESPAÇOS PÚBLICOS", "Atividade": "1137 - PAVIMENTAÇÃO E RECAPEAMENTO DE VIAS - PROGRAMA DE METAS 3.A", "Sub Elemento Despesa": "Manutenção e Conservação de Bens Imóveis", "Item Despesa": "Manutenção e Reformas de Bens Imóveis", "Observação Empenho": "PRESTAÇÃO DE SERVIÇOS DE CONSERVAÇÃO E MANUTENÇÃO DA MALHA VIÁRIA.", "Contrato": "27189/2019", "Credor Nome": "SOEBE CONSTRUÇÃO E PAVIMENTAÇÃO SA", "Valor Empenho": 0.0, "Valor Empenho Cancelado": 0.0, "Valor Empenho Líquido": 0.0, "Valor Empenho Liquidado": 0.0, "Valor Empenho Pago": 0.0, "Equipamento 1": "Vias", "Equipamento 2": "Vias", "Endereço": "R. Alagoas - Higienópolis, São Paulo - SP", "Região": "Centro", "Extensão (m)": "0", "Trecho (Recap)": "Trecho entre Praça Charles Miller e a Praça Buenos Aires", "lon": -46.66310965362571, "lat": -23.544369220063111 }, "geometry": { "type": "Point", "coordinates": [ -46.66310965362571, -23.544369220063111 ] } },
{ "type": "Feature", "properties": { "Ano": 2020.0, "Nota Empenho": "78497/2020", "Nota Reserva": "46597/2020", "Ata CMDP": "2020-08-05 00:00:00", "Processo SEI": 6012201900079900.0, "Unidade": "SMSUB", "Função": "15 - URBANISMO", "Sub Função": "452 - SERVIÇOS URBANOS", "Programa": "3022 - REQUALIFICAÇÃO E PROMOÇÃO DA OCUPAÇÃO DOS ESPAÇOS PÚBLICOS", "Atividade": "1137 - PAVIMENTAÇÃO E RECAPEAMENTO DE VIAS - PROGRAMA DE METAS 3.A", "Sub Elemento Despesa": "Manutenção e Conservação de Bens Imóveis", "Item Despesa": "Manutenção e Reformas de Bens Imóveis", "Observação Empenho": "PRESTAÇÃO DE SERVIÇOS DE CONSERVAÇÃO E MANUTENÇÃO DA MALHA VIÁRIA.", "Contrato": "27189/2019", "Credor Nome": "SOEBE CONSTRUÇÃO E PAVIMENTAÇÃO SA", "Valor Empenho": 0.0, "Valor Empenho Cancelado": 0.0, "Valor Empenho Líquido": 0.0, "Valor Empenho Liquidado": 0.0, "Valor Empenho Pago": 0.0, "Equipamento 1": "Vias", "Equipamento 2": "Vias", "Endereço": "R. Prof. Picarolo - Bela Vista, São Paulo - SP", "Região": "Centro", "Extensão (m)": "0", "Trecho (Recap)": "Trecho entre Avenida Nove de Julho e Viaduto Professor Bernardino Tranchesi", "lon": -46.654380377006611, "lat": -23.560152143693468 }, "geometry": { "type": "Point", "coordinates": [ -46.654380377006611, -23.560152143693468 ] } },
{ "type": "Feature", "properties": { "Ano": 2020.0, "Nota Empenho": "78497/2020", "Nota Reserva": "46597/2020", "Ata CMDP": "2020-08-05 00:00:00", "Processo SEI": 6012201900079900.0, "Unidade": "SMSUB", "Função": "15 - URBANISMO", "Sub Função": "452 - SERVIÇOS URBANOS", "Programa": "3022 - REQUALIFICAÇÃO E PROMOÇÃO DA OCUPAÇÃO DOS ESPAÇOS PÚBLICOS", "Atividade": "1137 - PAVIMENTAÇÃO E RECAPEAMENTO DE VIAS - PROGRAMA DE METAS 3.A", "Sub Elemento Despesa": "Manutenção e Conservação de Bens Imóveis", "Item Despesa": "Manutenção e Reformas de Bens Imóveis", "Observação Empenho": "PRESTAÇÃO DE SERVIÇOS DE CONSERVAÇÃO E MANUTENÇÃO DA MALHA VIÁRIA.", "Contrato": "27189/2019", "Credor Nome": "SOEBE CONSTRUÇÃO E PAVIMENTAÇÃO SA", "Valor Empenho": 0.0, "Valor Empenho Cancelado": 0.0, "Valor Empenho Líquido": 0.0, "Valor Empenho Liquidado": 0.0, "Valor Empenho Pago": 0.0, "Equipamento 1": "Vias", "Equipamento 2": "Vias", "Endereço": "R. Eng. Monlevade - Bela Vista, São Paulo - SP", "Região": "Centro", "Extensão (m)": "0", "Trecho (Recap)": "Trecho entre Avenida Nove de Julho e Praça Geremia Lunardelli", "lon": -46.655180704542417, "lat": -23.559817036742061 }, "geometry": { "type": "Point", "coordinates": [ -46.655180704542417, -23.559817036742061 ] } },
{ "type": "Feature", "properties": { "Ano": 2020.0, "Nota Empenho": "78497/2020", "Nota Reserva": "46597/2020", "Ata CMDP": "2020-08-05 00:00:00", "Processo SEI": 6012201900079900.0, "Unidade": "SMSUB", "Função": "15 - URBANISMO", "Sub Função": "452 - SERVIÇOS URBANOS", "Programa": "3022 - REQUALIFICAÇÃO E PROMOÇÃO DA OCUPAÇÃO DOS ESPAÇOS PÚBLICOS", "Atividade": "1137 - PAVIMENTAÇÃO E RECAPEAMENTO DE VIAS - PROGRAMA DE METAS 3.A", "Sub Elemento Despesa": "Manutenção e Conservação de Bens Imóveis", "Item Despesa": "Manutenção e Reformas de Bens Imóveis", "Observação Empenho": "PRESTAÇÃO DE SERVIÇOS DE CONSERVAÇÃO E MANUTENÇÃO DA MALHA VIÁRIA.", "Contrato": "27189/2019", "Credor Nome": "SOEBE CONSTRUÇÃO E PAVIMENTAÇÃO SA", "Valor Empenho": 0.0, "Valor Empenho Cancelado": 0.0, "Valor Empenho Líquido": 0.0, "Valor Empenho Liquidado": 0.0, "Valor Empenho Pago": 0.0, "Equipamento 1": "Vias", "Equipamento 2": "Vias", "Endereço": "R. Porto Seguro - Luz, São Paulo - SP", "Região": "Centro", "Extensão (m)": "0", "Trecho (Recap)": "Trecho entre Avenida Santos Dumont e Avenida Cruzeiro do Sul", "lon": -46.627660524351398, "lat": -23.522466140906062 }, "geometry": { "type": "Point", "coordinates": [ -46.627660524351398, -23.522466140906062 ] } },
{ "type": "Feature", "properties": { "Ano": 2020.0, "Nota Empenho": "78497/2020", "Nota Reserva": "46597/2020", "Ata CMDP": "2020-08-05 00:00:00", "Processo SEI": 6012201900079900.0, "Unidade": "SMSUB", "Função": "15 - URBANISMO", "Sub Função": "452 - SERVIÇOS URBANOS", "Programa": "3022 - REQUALIFICAÇÃO E PROMOÇÃO DA OCUPAÇÃO DOS ESPAÇOS PÚBLICOS", "Atividade": "1137 - PAVIMENTAÇÃO E RECAPEAMENTO DE VIAS - PROGRAMA DE METAS 3.A", "Sub Elemento Despesa": "Manutenção e Conservação de Bens Imóveis", "Item Despesa": "Manutenção e Reformas de Bens Imóveis", "Observação Empenho": "PRESTAÇÃO DE SERVIÇOS DE CONSERVAÇÃO E MANUTENÇÃO DA MALHA VIÁRIA.", "Contrato": "27189/2019", "Credor Nome": "SOEBE CONSTRUÇÃO E PAVIMENTAÇÃO SA", "Valor Empenho": 0.0, "Valor Empenho Cancelado": 0.0, "Valor Empenho Líquido": 0.0, "Valor Empenho Liquidado": 0.0, "Valor Empenho Pago": 0.0, "Equipamento 1": "Vias", "Equipamento 2": "Vias", "Endereço": "Av. Escola Politécnica - Butantã, São Paulo - SP", "Região": "Oeste", "Extensão (m)": "0", "Trecho (Recap)": "Trecho entre Avennida Corifeu de Azevedo Marques e Avenida Eng Billings", "lon": -46.743948819371603, "lat": -23.558672862208084 }, "geometry": { "type": "Point", "coordinates": [ -46.743948819371603, -23.558672862208084 ] } },
{ "type": "Feature", "properties": { "Ano": 2020.0, "Nota Empenho": "78497/2020", "Nota Reserva": "46597/2020", "Ata CMDP": "2020-08-05 00:00:00", "Processo SEI": 6012201900079900.0, "Unidade": "SMSUB", "Função": "15 - URBANISMO", "Sub Função": "452 - SERVIÇOS URBANOS", "Programa": "3022 - REQUALIFICAÇÃO E PROMOÇÃO DA OCUPAÇÃO DOS ESPAÇOS PÚBLICOS", "Atividade": "1137 - PAVIMENTAÇÃO E RECAPEAMENTO DE VIAS - PROGRAMA DE METAS 3.A", "Sub Elemento Despesa": "Manutenção e Conservação de Bens Imóveis", "Item Despesa": "Manutenção e Reformas de Bens Imóveis", "Observação Empenho": "PRESTAÇÃO DE SERVIÇOS DE CONSERVAÇÃO E MANUTENÇÃO DA MALHA VIÁRIA.", "Contrato": "27189/2019", "Credor Nome": "SOEBE CONSTRUÇÃO E PAVIMENTAÇÃO SA", "Valor Empenho": 0.0, "Valor Empenho Cancelado": 0.0, "Valor Empenho Líquido": 0.0, "Valor Empenho Liquidado": 0.0, "Valor Empenho Pago": 0.0, "Equipamento 1": "Vias", "Equipamento 2": "Vias", "Endereço": "R. Mergenthaler - Vila Leopoldina, São Paulo - SP", "Região": "Oeste", "Extensão (m)": "0", "Trecho (Recap)": "Trecho entre Rua Carlos Weber e Avenida Mofarrej", "lon": -46.73421129679668, "lat": -23.525961930442847 }, "geometry": { "type": "Point", "coordinates": [ -46.73421129679668, -23.525961930442847 ] } },
{ "type": "Feature", "properties": { "Ano": 2020.0, "Nota Empenho": "78497/2020", "Nota Reserva": "46597/2020", "Ata CMDP": "2020-08-05 00:00:00", "Processo SEI": 6012201900079900.0, "Unidade": "SMSUB", "Função": "15 - URBANISMO", "Sub Função": "452 - SERVIÇOS URBANOS", "Programa": "3022 - REQUALIFICAÇÃO E PROMOÇÃO DA OCUPAÇÃO DOS ESPAÇOS PÚBLICOS", "Atividade": "1137 - PAVIMENTAÇÃO E RECAPEAMENTO DE VIAS - PROGRAMA DE METAS 3.A", "Sub Elemento Despesa": "Manutenção e Conservação de Bens Imóveis", "Item Despesa": "Manutenção e Reformas de Bens Imóveis", "Observação Empenho": "PRESTAÇÃO DE SERVIÇOS DE CONSERVAÇÃO E MANUTENÇÃO DA MALHA VIÁRIA.", "Contrato": "27189/2019", "Credor Nome": "SOEBE CONSTRUÇÃO E PAVIMENTAÇÃO SA", "Valor Empenho": 0.0, "Valor Empenho Cancelado": 0.0, "Valor Empenho Líquido": 0.0, "Valor Empenho Liquidado": 0.0, "Valor Empenho Pago": 0.0, "Equipamento 1": "Vias", "Equipamento 2": "Vias", "Endereço": "R. Cerro Corá - Vila Romana, São Paulo - SP", "Região": "Oeste", "Extensão (m)": "0", "Trecho (Recap)": "Trecho entre Avenida Diogenes Ribeiro de Lima e Rua Heitor Penteado", "lon": -46.702203549830877, "lat": -23.540716209012889 }, "geometry": { "type": "Point", "coordinates": [ -46.702203549830877, -23.540716209012889 ] } },
{ "type": "Feature", "properties": { "Ano": 2020.0, "Nota Empenho": "78497/2020", "Nota Reserva": "46597/2020", "Ata CMDP": "2020-08-05 00:00:00", "Processo SEI": 6012201900079900.0, "Unidade": "SMSUB", "Função": "15 - URBANISMO", "Sub Função": "452 - SERVIÇOS URBANOS", "Programa": "3022 - REQUALIFICAÇÃO E PROMOÇÃO DA OCUPAÇÃO DOS ESPAÇOS PÚBLICOS", "Atividade": "1137 - PAVIMENTAÇÃO E RECAPEAMENTO DE VIAS - PROGRAMA DE METAS 3.A", "Sub Elemento Despesa": "Manutenção e Conservação de Bens Imóveis", "Item Despesa": "Manutenção e Reformas de Bens Imóveis", "Observação Empenho": "PRESTAÇÃO DE SERVIÇOS DE CONSERVAÇÃO E MANUTENÇÃO DA MALHA VIÁRIA.", "Contrato": "27189/2019", "Credor Nome": "SOEBE CONSTRUÇÃO E PAVIMENTAÇÃO SA", "Valor Empenho": 0.0, "Valor Empenho Cancelado": 0.0, "Valor Empenho Líquido": 0.0, "Valor Empenho Liquidado": 0.0, "Valor Empenho Pago": 0.0, "Equipamento 1": "Vias", "Equipamento 2": "Vias", "Endereço": "R. William Speers - Lapa de Baixo, São Paulo - SP", "Região": "Oeste", "Extensão (m)": "0", "Trecho (Recap)": "Trecho entre Rua Eng Albertin e Rua do Curtume", "lon": -46.701921331124787, "lat": -23.518283192810195 }, "geometry": { "type": "Point", "coordinates": [ -46.701921331124787, -23.518283192810195 ] } },
{ "type": "Feature", "properties": { "Ano": 2020.0, "Nota Empenho": "78497/2020", "Nota Reserva": "46597/2020", "Ata CMDP": "2020-08-05 00:00:00", "Processo SEI": 6012201900079900.0, "Unidade": "SMSUB", "Função": "15 - URBANISMO", "Sub Função": "452 - SERVIÇOS URBANOS", "Programa": "3022 - REQUALIFICAÇÃO E PROMOÇÃO DA OCUPAÇÃO DOS ESPAÇOS PÚBLICOS", "Atividade": "1137 - PAVIMENTAÇÃO E RECAPEAMENTO DE VIAS - PROGRAMA DE METAS 3.A", "Sub Elemento Despesa": "Manutenção e Conservação de Bens Imóveis", "Item Despesa": "Manutenção e Reformas de Bens Imóveis", "Observação Empenho": "PRESTAÇÃO DE SERVIÇOS DE CONSERVAÇÃO E MANUTENÇÃO DA MALHA VIÁRIA.", "Contrato": "27189/2019", "Credor Nome": "SOEBE CONSTRUÇÃO E PAVIMENTAÇÃO SA", "Valor Empenho": 0.0, "Valor Empenho Cancelado": 0.0, "Valor Empenho Líquido": 0.0, "Valor Empenho Liquidado": 0.0, "Valor Empenho Pago": 0.0, "Equipamento 1": "Vias", "Equipamento 2": "Vias", "Endereço": "R. Prof. Daher Cutait- Bela Vista, São Paulo - SP", "Região": "Centro", "Extensão (m)": "0", "Trecho (Recap)": "Trecho entre Rua Barata Ribeiro e Avenida Nove de Julho", "lon": -46.652863142721358, "lat": -23.556899497353296 }, "geometry": { "type": "Point", "coordinates": [ -46.652863142721358, -23.556899497353296 ] } },
{ "type": "Feature", "properties": { "Ano": 2020.0, "Nota Empenho": "78497/2020", "Nota Reserva": "46597/2020", "Ata CMDP": "2020-08-05 00:00:00", "Processo SEI": 6012201900079900.0, "Unidade": "SMSUB", "Função": "15 - URBANISMO", "Sub Função": "452 - SERVIÇOS URBANOS", "Programa": "3022 - REQUALIFICAÇÃO E PROMOÇÃO DA OCUPAÇÃO DOS ESPAÇOS PÚBLICOS", "Atividade": "1137 - PAVIMENTAÇÃO E RECAPEAMENTO DE VIAS - PROGRAMA DE METAS 3.A", "Sub Elemento Despesa": "Manutenção e Conservação de Bens Imóveis", "Item Despesa": "Manutenção e Reformas de Bens Imóveis", "Observação Empenho": "PRESTAÇÃO DE SERVIÇOS DE CONSERVAÇÃO E MANUTENÇÃO DA MALHA VIÁRIA.", "Contrato": "27189/2019", "Credor Nome": "SOEBE CONSTRUÇÃO E PAVIMENTAÇÃO SA", "Valor Empenho": 0.0, "Valor Empenho Cancelado": 0.0, "Valor Empenho Líquido": 0.0, "Valor Empenho Liquidado": 0.0, "Valor Empenho Pago": 0.0, "Equipamento 1": "Vias", "Equipamento 2": "Vias", "Endereço": "R. Dona Adma Jafet - Bela Vista, São Paulo - SP", "Região": "Centro", "Extensão (m)": "0", "Trecho (Recap)": "Trecho entre Rua Barata Ribeiro e Avenida Nove de Julho", "lon": -46.654521196277877, "lat": -23.558287115820317 }, "geometry": { "type": "Point", "coordinates": [ -46.654521196277877, -23.558287115820317 ] } },
{ "type": "Feature", "properties": { "Ano": 2020.0, "Nota Empenho": "78497/2020", "Nota Reserva": "46597/2020", "Ata CMDP": "2020-08-05 00:00:00", "Processo SEI": 6012201900079900.0, "Unidade": "SMSUB", "Função": "15 - URBANISMO", "Sub Função": "452 - SERVIÇOS URBANOS", "Programa": "3022 - REQUALIFICAÇÃO E PROMOÇÃO DA OCUPAÇÃO DOS ESPAÇOS PÚBLICOS", "Atividade": "1137 - PAVIMENTAÇÃO E RECAPEAMENTO DE VIAS - PROGRAMA DE METAS 3.A", "Sub Elemento Despesa": "Manutenção e Conservação de Bens Imóveis", "Item Despesa": "Manutenção e Reformas de Bens Imóveis", "Observação Empenho": "PRESTAÇÃO DE SERVIÇOS DE CONSERVAÇÃO E MANUTENÇÃO DA MALHA VIÁRIA.", "Contrato": "27189/2019", "Credor Nome": "SOEBE CONSTRUÇÃO E PAVIMENTAÇÃO SA", "Valor Empenho": 0.0, "Valor Empenho Cancelado": 0.0, "Valor Empenho Líquido": 0.0, "Valor Empenho Liquidado": 0.0, "Valor Empenho Pago": 0.0, "Equipamento 1": "Vias", "Equipamento 2": "Vias", "Endereço": "R. Vinte e Cinco de Março - Centro Histórico de São Paulo, São Paulo - SP", "Região": "Centro", "Extensão (m)": "0", "Trecho (Recap)": "Trecho entre Avenida Senador Queiroz e Avenida Rangel Pestana", "lon": -46.631491347831883, "lat": -23.546804578809759 }, "geometry": { "type": "Point", "coordinates": [ -46.631491347831883, -23.546804578809759 ] } },
{ "type": "Feature", "properties": { "Ano": 2020.0, "Nota Empenho": "78497/2020", "Nota Reserva": "46597/2020", "Ata CMDP": "2020-08-05 00:00:00", "Processo SEI": 6012201900079900.0, "Unidade": "SMSUB", "Função": "15 - URBANISMO", "Sub Função": "452 - SERVIÇOS URBANOS", "Programa": "3022 - REQUALIFICAÇÃO E PROMOÇÃO DA OCUPAÇÃO DOS ESPAÇOS PÚBLICOS", "Atividade": "1137 - PAVIMENTAÇÃO E RECAPEAMENTO DE VIAS - PROGRAMA DE METAS 3.A", "Sub Elemento Despesa": "Manutenção e Conservação de Bens Imóveis", "Item Despesa": "Manutenção e Reformas de Bens Imóveis", "Observação Empenho": "PRESTAÇÃO DE SERVIÇOS DE CONSERVAÇÃO E MANUTENÇÃO DA MALHA VIÁRIA.", "Contrato": "27189/2019", "Credor Nome": "SOEBE CONSTRUÇÃO E PAVIMENTAÇÃO SA", "Valor Empenho": 0.0, "Valor Empenho Cancelado": 0.0, "Valor Empenho Líquido": 0.0, "Valor Empenho Liquidado": 0.0, "Valor Empenho Pago": 0.0, "Equipamento 1": "Vias", "Equipamento 2": "Vias", "Endereço": "R. Santa Ifigênia - Santa Ifigênia, São Paulo - SP", "Região": "Centro", "Extensão (m)": "0", "Trecho (Recap)": "Trecho entre Avenida Duque de Caxias e Avenida Casper Líbero", "lon": -46.639146824863325, "lat": -23.538514105330275 }, "geometry": { "type": "Point", "coordinates": [ -46.639146824863325, -23.538514105330275 ] } },
{ "type": "Feature", "properties": { "Ano": 2020.0, "Nota Empenho": "78497/2020", "Nota Reserva": "46597/2020", "Ata CMDP": "2020-08-05 00:00:00", "Processo SEI": 6012201900079900.0, "Unidade": "SMSUB", "Função": "15 - URBANISMO", "Sub Função": "452 - SERVIÇOS URBANOS", "Programa": "3022 - REQUALIFICAÇÃO E PROMOÇÃO DA OCUPAÇÃO DOS ESPAÇOS PÚBLICOS", "Atividade": "1137 - PAVIMENTAÇÃO E RECAPEAMENTO DE VIAS - PROGRAMA DE METAS 3.A", "Sub Elemento Despesa": "Manutenção e Conservação de Bens Imóveis", "Item Despesa": "Manutenção e Reformas de Bens Imóveis", "Observação Empenho": "PRESTAÇÃO DE SERVIÇOS DE CONSERVAÇÃO E MANUTENÇÃO DA MALHA VIÁRIA.", "Contrato": "27189/2019", "Credor Nome": "SOEBE CONSTRUÇÃO E PAVIMENTAÇÃO SA", "Valor Empenho": 0.0, "Valor Empenho Cancelado": 0.0, "Valor Empenho Líquido": 0.0, "Valor Empenho Liquidado": 0.0, "Valor Empenho Pago": 0.0, "Equipamento 1": "Vias", "Equipamento 2": "Vias", "Endereço": "R. Gen. Osório - Santa Ifigênia, São Paulo - SP", "Região": "Centro", "Extensão (m)": "0", "Trecho (Recap)": "Trecho entre Avenida São João e a Avenida Rio Branco", "lon": -46.642802006890186, "lat": -23.538375695404085 }, "geometry": { "type": "Point", "coordinates": [ -46.642802006890186, -23.538375695404085 ] } },
{ "type": "Feature", "properties": { "Ano": 2020.0, "Nota Empenho": "78497/2020", "Nota Reserva": "46597/2020", "Ata CMDP": "2020-08-05 00:00:00", "Processo SEI": 6012201900079900.0, "Unidade": "SMSUB", "Função": "15 - URBANISMO", "Sub Função": "452 - SERVIÇOS URBANOS", "Programa": "3022 - REQUALIFICAÇÃO E PROMOÇÃO DA OCUPAÇÃO DOS ESPAÇOS PÚBLICOS", "Atividade": "1137 - PAVIMENTAÇÃO E RECAPEAMENTO DE VIAS - PROGRAMA DE METAS 3.A", "Sub Elemento Despesa": "Manutenção e Conservação de Bens Imóveis", "Item Despesa": "Manutenção e Reformas de Bens Imóveis", "Observação Empenho": "PRESTAÇÃO DE SERVIÇOS DE CONSERVAÇÃO E MANUTENÇÃO DA MALHA VIÁRIA.", "Contrato": "27189/2019", "Credor Nome": "SOEBE CONSTRUÇÃO E PAVIMENTAÇÃO SA", "Valor Empenho": 0.0, "Valor Empenho Cancelado": 0.0, "Valor Empenho Líquido": 0.0, "Valor Empenho Liquidado": 0.0, "Valor Empenho Pago": 0.0, "Equipamento 1": "Vias", "Equipamento 2": "Vias", "Endereço": "R. Diamante - Aclimação, São Paulo - SP", "Região": "Centro", "Extensão (m)": "0", "Trecho (Recap)": "Trecho entre Praça General Polidor e Rua Paes de Andrade", "lon": -46.630048070260628, "lat": -23.571380512081934 }, "geometry": { "type": "Point", "coordinates": [ -46.630048070260628, -23.571380512081934 ] } },
{ "type": "Feature", "properties": { "Ano": 2020.0, "Nota Empenho": "78688/2020", "Nota Reserva": "46597/2020", "Ata CMDP": "2020-08-05 00:00:00", "Processo SEI": 6012201900079579.0, "Unidade": "SMSUB", "Função": "15 - URBANISMO", "Sub Função": "452 - SERVIÇOS URBANOS", "Programa": "3022 - REQUALIFICAÇÃO E PROMOÇÃO DA OCUPAÇÃO DOS ESPAÇOS PÚBLICOS", "Atividade": "1137 - PAVIMENTAÇÃO E RECAPEAMENTO DE VIAS - PROGRAMA DE METAS 3.A", "Sub Elemento Despesa": "Manutenção e Conservação de Bens Imóveis", "Item Despesa": "Manutenção e Reformas de Bens Imóveis", "Observação Empenho": "PRESTAÇÃO DE SERVIÇOS DE CONSERVAÇÃO E MANUTENÇÃO DA MALHA VIÁRIA.", "Contrato": "26814/2019", "Credor Nome": "JOFEGE PAVIMENTACAO E CONSTRUCAO LTDA", "Valor Empenho": 0.0, "Valor Empenho Cancelado": 0.0, "Valor Empenho Líquido": 0.0, "Valor Empenho Liquidado": 0.0, "Valor Empenho Pago": 0.0, "Equipamento 1": "Vias", "Equipamento 2": "Vias", "Endereço": "Av. Jacu-Pêssego - Itaquera, São Paulo - SP", "Região": "Leste", "Extensão (m)": "0", "Trecho (Recap)": "Trecho entre Avenida João Batista Conti e Rua São Teodoro", "lon": -46.446047052255913, "lat": -23.554731126247376 }, "geometry": { "type": "Point", "coordinates": [ -46.446047052255913, -23.554731126247376 ] } },
{ "type": "Feature", "properties": { "Ano": 2020.0, "Nota Empenho": "78857/2020", "Nota Reserva": "46597/2020", "Ata CMDP": "2020-08-05 00:00:00", "Processo SEI": 6012201900079889.0, "Unidade": "SMSUB", "Função": "15 - URBANISMO", "Sub Função": "452 - SERVIÇOS URBANOS", "Programa": "3022 - REQUALIFICAÇÃO E PROMOÇÃO DA OCUPAÇÃO DOS ESPAÇOS PÚBLICOS", "Atividade": "1137 - PAVIMENTAÇÃO E RECAPEAMENTO DE VIAS - PROGRAMA DE METAS 3.A", "Sub Elemento Despesa": "Manutenção e Conservação de Bens Imóveis", "Item Despesa": "Manutenção e Reformas de Bens Imóveis", "Observação Empenho": "PRESTAÇÃO DE SERVIÇOS DE CONSERVAÇÃO E MANUTENÇÃO DA MALHA VIÁRIA.", "Contrato": "26925/2019", "Credor Nome": "FREMIX PAVIMENTAÇÃO E CONTRUÇÕES LTDA.", "Valor Empenho": 0.0, "Valor Empenho Cancelado": 0.0, "Valor Empenho Líquido": 0.0, "Valor Empenho Liquidado": 0.0, "Valor Empenho Pago": 0.0, "Equipamento 1": "Vias", "Equipamento 2": "Vias", "Endereço": "R. Ataliba Vieira - Vila Medeiros, São Paulo - SP", "Região": "Norte", "Extensão (m)": "0", "Trecho (Recap)": "Trecho entre Avenida Conceição e Avenida India Piquerobi", "lon": -46.585002119520354, "lat": -23.488858506951249 }, "geometry": { "type": "Point", "coordinates": [ -46.585002119520354, -23.488858506951249 ] } },
{ "type": "Feature", "properties": { "Ano": 2020.0, "Nota Empenho": "78857/2020", "Nota Reserva": "46597/2020", "Ata CMDP": "2020-08-05 00:00:00", "Processo SEI": 6012201900079889.0, "Unidade": "SMSUB", "Função": "15 - URBANISMO", "Sub Função": "452 - SERVIÇOS URBANOS", "Programa": "3022 - REQUALIFICAÇÃO E PROMOÇÃO DA OCUPAÇÃO DOS ESPAÇOS PÚBLICOS", "Atividade": "1137 - PAVIMENTAÇÃO E RECAPEAMENTO DE VIAS - PROGRAMA DE METAS 3.A", "Sub Elemento Despesa": "Manutenção e Conservação de Bens Imóveis", "Item Despesa": "Manutenção e Reformas de Bens Imóveis", "Observação Empenho": "PRESTAÇÃO DE SERVIÇOS DE CONSERVAÇÃO E MANUTENÇÃO DA MALHA VIÁRIA.", "Contrato": "26925/2019", "Credor Nome": "FREMIX PAVIMENTAÇÃO E CONTRUÇÕES LTDA.", "Valor Empenho": 0.0, "Valor Empenho Cancelado": 0.0, "Valor Empenho Líquido": 0.0, "Valor Empenho Liquidado": 0.0, "Valor Empenho Pago": 0.0, "Equipamento 1": "Vias", "Equipamento 2": "Vias", "Endereço": "Av. Conceição - Jardim Japao, São Paulo - SP", "Região": "Norte", "Extensão (m)": "0", "Trecho (Recap)": "Trecho entre Rua Maria Candida e Rua Itamonte", "lon": -46.590469103652403, "lat": -23.499312522694957 }, "geometry": { "type": "Point", "coordinates": [ -46.590469103652403, -23.499312522694957 ] } },
{ "type": "Feature", "properties": { "Ano": 2020.0, "Nota Empenho": "78857/2020", "Nota Reserva": "46597/2020", "Ata CMDP": "2020-08-05 00:00:00", "Processo SEI": 6012201900079889.0, "Unidade": "SMSUB", "Função": "15 - URBANISMO", "Sub Função": "452 - SERVIÇOS URBANOS", "Programa": "3022 - REQUALIFICAÇÃO E PROMOÇÃO DA OCUPAÇÃO DOS ESPAÇOS PÚBLICOS", "Atividade": "1137 - PAVIMENTAÇÃO E RECAPEAMENTO DE VIAS - PROGRAMA DE METAS 3.A", "Sub Elemento Despesa": "Manutenção e Conservação de Bens Imóveis", "Item Despesa": "Manutenção e Reformas de Bens Imóveis", "Observação Empenho": "PRESTAÇÃO DE SERVIÇOS DE CONSERVAÇÃO E MANUTENÇÃO DA MALHA VIÁRIA.", "Contrato": "26925/2019", "Credor Nome": "FREMIX PAVIMENTAÇÃO E CONTRUÇÕES LTDA.", "Valor Empenho": 0.0, "Valor Empenho Cancelado": 0.0, "Valor Empenho Líquido": 0.0, "Valor Empenho Liquidado": 0.0, "Valor Empenho Pago": 0.0, "Equipamento 1": "Vias", "Equipamento 2": "Vias", "Endereço": "R. Cel. Marcílio Franco - Vila Isolina Mazzei, São Paulo - SP", "Região": "Norte", "Extensão (m)": "0", "Trecho (Recap)": "Trecho entre Avenida Julio Buono e Avenida General Ataliba Leonel", "lon": -46.605238956383843, "lat": -23.498926235823632 }, "geometry": { "type": "Point", "coordinates": [ -46.605238956383843, -23.498926235823632 ] } },
{ "type": "Feature", "properties": { "Ano": 2020.0, "Nota Empenho": "78857/2020", "Nota Reserva": "46597/2020", "Ata CMDP": "2020-08-05 00:00:00", "Processo SEI": 6012201900079889.0, "Unidade": "SMSUB", "Função": "15 - URBANISMO", "Sub Função": "452 - SERVIÇOS URBANOS", "Programa": "3022 - REQUALIFICAÇÃO E PROMOÇÃO DA OCUPAÇÃO DOS ESPAÇOS PÚBLICOS", "Atividade": "1137 - PAVIMENTAÇÃO E RECAPEAMENTO DE VIAS - PROGRAMA DE METAS 3.A", "Sub Elemento Despesa": "Manutenção e Conservação de Bens Imóveis", "Item Despesa": "Manutenção e Reformas de Bens Imóveis", "Observação Empenho": "PRESTAÇÃO DE SERVIÇOS DE CONSERVAÇÃO E MANUTENÇÃO DA MALHA VIÁRIA.", "Contrato": "26925/2019", "Credor Nome": "FREMIX PAVIMENTAÇÃO E CONTRUÇÕES LTDA.", "Valor Empenho": 0.0, "Valor Empenho Cancelado": 0.0, "Valor Empenho Líquido": 0.0, "Valor Empenho Liquidado": 0.0, "Valor Empenho Pago": 0.0, "Equipamento 1": "Vias", "Equipamento 2": "Vias", "Endereço": "Av. Gustavo Adolfo - Vila Gustavo, São Paulo - SP", "Região": "Norte", "Extensão (m)": "0", "Trecho (Recap)": "Trecho entre Avenida Dr Abilio Sampaio e Praça Angelo Conti", "lon": -46.582161175441335, "lat": -23.486020498354897 }, "geometry": { "type": "Point", "coordinates": [ -46.582161175441335, -23.486020498354897 ] } },
{ "type": "Feature", "properties": { "Ano": 2020.0, "Nota Empenho": "78857/2020", "Nota Reserva": "46597/2020", "Ata CMDP": "2020-08-05 00:00:00", "Processo SEI": 6012201900079889.0, "Unidade": "SMSUB", "Função": "15 - URBANISMO", "Sub Função": "452 - SERVIÇOS URBANOS", "Programa": "3022 - REQUALIFICAÇÃO E PROMOÇÃO DA OCUPAÇÃO DOS ESPAÇOS PÚBLICOS", "Atividade": "1137 - PAVIMENTAÇÃO E RECAPEAMENTO DE VIAS - PROGRAMA DE METAS 3.A", "Sub Elemento Despesa": "Manutenção e Conservação de Bens Imóveis", "Item Despesa": "Manutenção e Reformas de Bens Imóveis", "Observação Empenho": "PRESTAÇÃO DE SERVIÇOS DE CONSERVAÇÃO E MANUTENÇÃO DA MALHA VIÁRIA.", "Contrato": "26925/2019", "Credor Nome": "FREMIX PAVIMENTAÇÃO E CONTRUÇÕES LTDA.", "Valor Empenho": 0.0, "Valor Empenho Cancelado": 0.0, "Valor Empenho Líquido": 0.0, "Valor Empenho Liquidado": 0.0, "Valor Empenho Pago": 0.0, "Equipamento 1": "Vias", "Equipamento 2": "Vias", "Endereço": "Av. General Pedro Leon Schneider - Santana, São Paulo - SP", "Região": "Norte", "Extensão (m)": "0", "Trecho (Recap)": "Trecho entre Avenida Santos Dumont e Rua Voluntarios da Patria", "lon": -46.62704788992928, "lat": -23.508788590250106 }, "geometry": { "type": "Point", "coordinates": [ -46.62704788992928, -23.508788590250106 ] } },
{ "type": "Feature", "properties": { "Ano": 2020.0, "Nota Empenho": "78857/2020", "Nota Reserva": "46597/2020", "Ata CMDP": "2020-08-05 00:00:00", "Processo SEI": 6012201900079889.0, "Unidade": "SMSUB", "Função": "15 - URBANISMO", "Sub Função": "452 - SERVIÇOS URBANOS", "Programa": "3022 - REQUALIFICAÇÃO E PROMOÇÃO DA OCUPAÇÃO DOS ESPAÇOS PÚBLICOS", "Atividade": "1137 - PAVIMENTAÇÃO E RECAPEAMENTO DE VIAS - PROGRAMA DE METAS 3.A", "Sub Elemento Despesa": "Manutenção e Conservação de Bens Imóveis", "Item Despesa": "Manutenção e Reformas de Bens Imóveis", "Observação Empenho": "PRESTAÇÃO DE SERVIÇOS DE CONSERVAÇÃO E MANUTENÇÃO DA MALHA VIÁRIA.", "Contrato": "26925/2019", "Credor Nome": "FREMIX PAVIMENTAÇÃO E CONTRUÇÕES LTDA.", "Valor Empenho": 0.0, "Valor Empenho Cancelado": 0.0, "Valor Empenho Líquido": 0.0, "Valor Empenho Liquidado": 0.0, "Valor Empenho Pago": 0.0, "Equipamento 1": "Vias", "Equipamento 2": "Vias", "Endereço": "Av. Marginal Tietê Central, São Paulo - SP", "Região": "Norte", "Extensão (m)": "0", "Trecho (Recap)": "Trecho entre Avenida Moyses Roysen e Ponte Cruzeiro do Sul", "lon": -46.620994929766354, "lat": -23.518503975707333 }, "geometry": { "type": "Point", "coordinates": [ -46.620994929766354, -23.518503975707333 ] } },
{ "type": "Feature", "properties": { "Ano": 2020.0, "Nota Empenho": "78857/2020", "Nota Reserva": "46597/2020", "Ata CMDP": "2020-08-05 00:00:00", "Processo SEI": 6012201900079889.0, "Unidade": "SMSUB", "Função": "15 - URBANISMO", "Sub Função": "452 - SERVIÇOS URBANOS", "Programa": "3022 - REQUALIFICAÇÃO E PROMOÇÃO DA OCUPAÇÃO DOS ESPAÇOS PÚBLICOS", "Atividade": "1137 - PAVIMENTAÇÃO E RECAPEAMENTO DE VIAS - PROGRAMA DE METAS 3.A", "Sub Elemento Despesa": "Manutenção e Conservação de Bens Imóveis", "Item Despesa": "Manutenção e Reformas de Bens Imóveis", "Observação Empenho": "PRESTAÇÃO DE SERVIÇOS DE CONSERVAÇÃO E MANUTENÇÃO DA MALHA VIÁRIA.", "Contrato": "26925/2019", "Credor Nome": "FREMIX PAVIMENTAÇÃO E CONTRUÇÕES LTDA.", "Valor Empenho": 0.0, "Valor Empenho Cancelado": 0.0, "Valor Empenho Líquido": 0.0, "Valor Empenho Liquidado": 0.0, "Valor Empenho Pago": 0.0, "Equipamento 1": "Vias", "Equipamento 2": "Vias", "Endereço": "Pte. Presidente Jânio Quadros - Vila Maria, São Paulo - SP", "Região": "Norte", "Extensão (m)": "0", "Trecho (Recap)": "Trecho entre Alça de acesso Ponte Janio Quadros e Marginal Tiete", "lon": -46.597618212809053, "lat": -23.528509220700798 }, "geometry": { "type": "Point", "coordinates": [ -46.597618212809053, -23.528509220700798 ] } },
{ "type": "Feature", "properties": { "Ano": 2020.0, "Nota Empenho": "78857/2020", "Nota Reserva": "46597/2020", "Ata CMDP": "2020-08-05 00:00:00", "Processo SEI": 6012201900079889.0, "Unidade": "SMSUB", "Função": "15 - URBANISMO", "Sub Função": "452 - SERVIÇOS URBANOS", "Programa": "3022 - REQUALIFICAÇÃO E PROMOÇÃO DA OCUPAÇÃO DOS ESPAÇOS PÚBLICOS", "Atividade": "1137 - PAVIMENTAÇÃO E RECAPEAMENTO DE VIAS - PROGRAMA DE METAS 3.A", "Sub Elemento Despesa": "Manutenção e Conservação de Bens Imóveis", "Item Despesa": "Manutenção e Reformas de Bens Imóveis", "Observação Empenho": "PRESTAÇÃO DE SERVIÇOS DE CONSERVAÇÃO E MANUTENÇÃO DA MALHA VIÁRIA.", "Contrato": "26925/2019", "Credor Nome": "FREMIX PAVIMENTAÇÃO E CONTRUÇÕES LTDA.", "Valor Empenho": 0.0, "Valor Empenho Cancelado": 0.0, "Valor Empenho Líquido": 0.0, "Valor Empenho Liquidado": 0.0, "Valor Empenho Pago": 0.0, "Equipamento 1": "Vias", "Equipamento 2": "Vias", "Endereço": "Pte. Presidente Jânio Quadros - Vila Maria, São Paulo - SP", "Região": "Norte", "Extensão (m)": "0", "Trecho (Recap)": "Trecho entre Alça de acesso Ponte Janio Quadros e Marginal Tiete", "lon": -46.59606253169116, "lat": -23.526522160568128 }, "geometry": { "type": "Point", "coordinates": [ -46.59606253169116, -23.526522160568128 ] } },
{ "type": "Feature", "properties": { "Ano": 2020.0, "Nota Empenho": "78857/2020", "Nota Reserva": "46597/2020", "Ata CMDP": "2020-08-05 00:00:00", "Processo SEI": 6012201900079889.0, "Unidade": "SMSUB", "Função": "15 - URBANISMO", "Sub Função": "452 - SERVIÇOS URBANOS", "Programa": "3022 - REQUALIFICAÇÃO E PROMOÇÃO DA OCUPAÇÃO DOS ESPAÇOS PÚBLICOS", "Atividade": "1137 - PAVIMENTAÇÃO E RECAPEAMENTO DE VIAS - PROGRAMA DE METAS 3.A", "Sub Elemento Despesa": "Manutenção e Conservação de Bens Imóveis", "Item Despesa": "Manutenção e Reformas de Bens Imóveis", "Observação Empenho": "PRESTAÇÃO DE SERVIÇOS DE CONSERVAÇÃO E MANUTENÇÃO DA MALHA VIÁRIA.", "Contrato": "26925/2019", "Credor Nome": "FREMIX PAVIMENTAÇÃO E CONTRUÇÕES LTDA.", "Valor Empenho": 0.0, "Valor Empenho Cancelado": 0.0, "Valor Empenho Líquido": 0.0, "Valor Empenho Liquidado": 0.0, "Valor Empenho Pago": 0.0, "Equipamento 1": "Vias", "Equipamento 2": "Vias", "Endereço": "Av. Morvan Dias de Figueiredo - Parque Novo Mundo, São Paulo - SP", "Região": "Norte", "Extensão (m)": "0", "Trecho (Recap)": "Trecho entre Avenida Nadir Dias Figueiredo e Marginal Tiete", "lon": -46.593189236152405, "lat": -23.527499704952781 }, "geometry": { "type": "Point", "coordinates": [ -46.593189236152405, -23.527499704952781 ] } },
{ "type": "Feature", "properties": { "Ano": 2020.0, "Nota Empenho": "78857/2020", "Nota Reserva": "46597/2020", "Ata CMDP": "2020-08-05 00:00:00", "Processo SEI": 6012201900079889.0, "Unidade": "SMSUB", "Função": "15 - URBANISMO", "Sub Função": "452 - SERVIÇOS URBANOS", "Programa": "3022 - REQUALIFICAÇÃO E PROMOÇÃO DA OCUPAÇÃO DOS ESPAÇOS PÚBLICOS", "Atividade": "1137 - PAVIMENTAÇÃO E RECAPEAMENTO DE VIAS - PROGRAMA DE METAS 3.A", "Sub Elemento Despesa": "Manutenção e Conservação de Bens Imóveis", "Item Despesa": "Manutenção e Reformas de Bens Imóveis", "Observação Empenho": "PRESTAÇÃO DE SERVIÇOS DE CONSERVAÇÃO E MANUTENÇÃO DA MALHA VIÁRIA.", "Contrato": "26925/2019", "Credor Nome": "FREMIX PAVIMENTAÇÃO E CONTRUÇÕES LTDA.", "Valor Empenho": 0.0, "Valor Empenho Cancelado": 0.0, "Valor Empenho Líquido": 0.0, "Valor Empenho Liquidado": 0.0, "Valor Empenho Pago": 0.0, "Equipamento 1": "Vias", "Equipamento 2": "Vias", "Endereço": "R. Izidoro Matheus - Vila Maria Baixa, São Paulo - SP", "Região": "Norte", "Extensão (m)": "0", "Trecho (Recap)": "Trecho entre Avenida Nadir Dias Figueiredo e Avenida Guilherme Cotching", "lon": -46.594860697586277, "lat": -23.52597812921476 }, "geometry": { "type": "Point", "coordinates": [ -46.594860697586277, -23.52597812921476 ] } },
{ "type": "Feature", "properties": { "Ano": 2020.0, "Nota Empenho": "79647/2020", "Nota Reserva": "46597/2020", "Ata CMDP": "2020-08-05 00:00:00", "Processo SEI": 6012201900079579.0, "Unidade": "SMSUB", "Função": "15 - URBANISMO", "Sub Função": "452 - SERVIÇOS URBANOS", "Programa": "3022 - REQUALIFICAÇÃO E PROMOÇÃO DA OCUPAÇÃO DOS ESPAÇOS PÚBLICOS", "Atividade": "1137 - PAVIMENTAÇÃO E RECAPEAMENTO DE VIAS - PROGRAMA DE METAS 3.A", "Sub Elemento Despesa": "Manutenção e Conservação de Bens Imóveis", "Item Despesa": "Manutenção e Reformas de Bens Imóveis", "Observação Empenho": "PRESTAÇÃO DE SERVIÇOS DE CONSERVAÇÃO E MANUTENÇÃO DA MALHA VIÁRIA.", "Contrato": "26814/2019", "Credor Nome": "JOFEGE PAVIMENTACAO E CONSTRUCAO LTDA", "Valor Empenho": 0.0, "Valor Empenho Cancelado": 0.0, "Valor Empenho Líquido": 0.0, "Valor Empenho Liquidado": 0.0, "Valor Empenho Pago": 0.0, "Equipamento 1": "Vias", "Equipamento 2": "Vias", "Endereço": "Av. Jacu-Pêssego - Itaquera, São Paulo - SP", "Região": "Leste", "Extensão (m)": "0", "Trecho (Recap)": "Trecho entre Avenida João Batista Conti e Rua São Teodoro", "lon": -46.446047052255913, "lat": -23.554731126247376 }, "geometry": { "type": "Point", "coordinates": [ -46.446047052255913, -23.554731126247376 ] } },
{ "type": "Feature", "properties": { "Ano": 2020.0, "Nota Empenho": "86945/2020", "Nota Reserva": "46597/2020", "Ata CMDP": "2020-08-05 00:00:00", "Processo SEI": 6020201700017751.0, "Unidade": "SMT", "Função": "15 - URBANISMO", "Sub Função": "451 - INFRA-ESTRUTURA URBANA", "Programa": "3009 - MELHORIA DA MOBILIDADE URBANA UNIVERSAL", "Atividade": "5417 - PROJETOS DE MOBILIDADE URBANA ORIUNDOS DE RECURSOS DE DESESTATIZAÇÕES E PARCERIAS", "Sub Elemento Despesa": "Obras em Andamento - Uso Comum do Povo", "Item Despesa": "Sistemas Viários", "Observação Empenho": "Convênio nº 01/201/ - SMT/SPTRANS", "Contrato": "26735/2017", "Credor Nome": "SAO PAULO TRANSPORTE SA", "Valor Empenho": 10000000.0, "Valor Empenho Cancelado": 9734444.12, "Valor Empenho Líquido": 10000000.0, "Valor Empenho Liquidado": 265555.88, "Valor Empenho Pago": 265555.88, "Equipamento 1": "Vias", "Equipamento 2": "Corredor de Ônibus Leste - Itaquera", "Endereço": "Av. Itaquera - Parque Maria Luiza, São Paulo - SP", "Região": "Leste", "Extensão (m)": null, "Trecho (Recap)": "Trecho entre Avenida Itaquera entre a Avenida Aricanduva e a Praça Francisco Daniel Lopes;", "lon": -46.503349836923483, "lat": -23.549243526819641 }, "geometry": { "type": "Point", "coordinates": [ -46.503349836923483, -23.549243526819641 ] } },
{ "type": "Feature", "properties": { "Ano": 2020.0, "Nota Empenho": "86945/2020", "Nota Reserva": "46597/2020", "Ata CMDP": "2020-08-05 00:00:00", "Processo SEI": 6020201700017751.0, "Unidade": "SMT", "Função": "15 - URBANISMO", "Sub Função": "451 - INFRA-ESTRUTURA URBANA", "Programa": "3009 - MELHORIA DA MOBILIDADE URBANA UNIVERSAL", "Atividade": "5417 - PROJETOS DE MOBILIDADE URBANA ORIUNDOS DE RECURSOS DE DESESTATIZAÇÕES E PARCERIAS", "Sub Elemento Despesa": "Obras em Andamento - Uso Comum do Povo", "Item Despesa": "Sistemas Viários", "Observação Empenho": "Convênio nº 01/201/ - SMT/SPTRANS", "Contrato": "26735/2017", "Credor Nome": "SAO PAULO TRANSPORTE SA", "Valor Empenho": 0.0, "Valor Empenho Cancelado": 0.0, "Valor Empenho Líquido": 0.0, "Valor Empenho Liquidado": 0.0, "Valor Empenho Pago": 0.0, "Equipamento 1": "Vias", "Equipamento 2": "Corredor de Ônibus Leste - Itaquera", "Endereço": "Av. Líder - Cidade Líder, São Paulo - SP", "Região": "Leste", "Extensão (m)": null, "Trecho (Recap)": "Trecho entre Avenida Líder entre a Praça Francisco Daniel Lopes e a Avenida Itaquera", "lon": -46.475356138444262, "lat": -23.556848026391997 }, "geometry": { "type": "Point", "coordinates": [ -46.475356138444262, -23.556848026391997 ] } },
{ "type": "Feature", "properties": { "Ano": 2020.0, "Nota Empenho": "90610/2020", "Nota Reserva": "46597/2020", "Ata CMDP": "2020-08-05 00:00:00", "Processo SEI": 6012201900022950.0, "Unidade": "SMSUB", "Função": "15 - URBANISMO", "Sub Função": "452 - SERVIÇOS URBANOS", "Programa": "3022 - REQUALIFICAÇÃO E PROMOÇÃO DA OCUPAÇÃO DOS ESPAÇOS PÚBLICOS", "Atividade": "1137 - PAVIMENTAÇÃO E RECAPEAMENTO DE VIAS - PROGRAMA DE METAS 3.A", "Sub Elemento Despesa": "Manutenção e Conservação de Bens Imóveis", "Item Despesa": "Manutenção e Reformas de Bens Imóveis", "Observação Empenho": "PRESTAÇÃO DE SERVIÇOS DE CONSERVAÇÃO DA MALHA VIARIA", "Contrato": "21962/2019", "Credor Nome": "SOEBE CONSTRUÇÃO E PAVIMENTAÇÃO SA", "Valor Empenho": 1131522.14, "Valor Empenho Cancelado": 1130997.11, "Valor Empenho Líquido": 1131522.14, "Valor Empenho Liquidado": 525.03, "Valor Empenho Pago": 525.03, "Equipamento 1": "Vias", "Equipamento 2": "Vias", "Endereço": "Av. Aricanduva - Parque Savoi City, São Paulo - SP", "Região": "Leste", "Extensão (m)": "0", "Trecho (Recap)": "Trecho entre Rua Afonso Sampaio Souza até Rua André de Almeida", "lon": -46.490559859527153, "lat": -23.581959265327519 }, "geometry": { "type": "Point", "coordinates": [ -46.490559859527153, -23.581959265327519 ] } },
{ "type": "Feature", "properties": { "Ano": 2020.0, "Nota Empenho": "90610/2020", "Nota Reserva": "46597/2020", "Ata CMDP": "2020-08-05 00:00:00", "Processo SEI": 6012201900022950.0, "Unidade": "SMSUB", "Função": "15 - URBANISMO", "Sub Função": "452 - SERVIÇOS URBANOS", "Programa": "3022 - REQUALIFICAÇÃO E PROMOÇÃO DA OCUPAÇÃO DOS ESPAÇOS PÚBLICOS", "Atividade": "1137 - PAVIMENTAÇÃO E RECAPEAMENTO DE VIAS - PROGRAMA DE METAS 3.A", "Sub Elemento Despesa": "Manutenção e Conservação de Bens Imóveis", "Item Despesa": "Manutenção e Reformas de Bens Imóveis", "Observação Empenho": "PRESTAÇÃO DE SERVIÇOS DE CONSERVAÇÃO DA MALHA VIARIA", "Contrato": "21962/2019", "Credor Nome": "SOEBE CONSTRUÇÃO E PAVIMENTAÇÃO SA", "Valor Empenho": 0.0, "Valor Empenho Cancelado": 0.0, "Valor Empenho Líquido": 0.0, "Valor Empenho Liquidado": 0.0, "Valor Empenho Pago": 0.0, "Equipamento 1": "Vias", "Equipamento 2": "Vias", "Endereço": "Tv. Somos Todos Iguais - Jardim da Conquista, São Paulo - SP", "Região": "Leste", "Extensão (m)": "0", "Trecho (Recap)": "Trecho entre Travessa Sinhá Moça e Travessa Vereda Tropical", "lon": -46.450277914436199, "lat": -23.608209610136907 }, "geometry": { "type": "Point", "coordinates": [ -46.450277914436199, -23.608209610136907 ] } },
{ "type": "Feature", "properties": { "Ano": 2020.0, "Nota Empenho": "90612/2020", "Nota Reserva": "46597/2020", "Ata CMDP": "2020-08-05 00:00:00", "Processo SEI": 6012201900079650.0, "Unidade": "SMSUB", "Função": "15 - URBANISMO", "Sub Função": "452 - SERVIÇOS URBANOS", "Programa": "3022 - REQUALIFICAÇÃO E PROMOÇÃO DA OCUPAÇÃO DOS ESPAÇOS PÚBLICOS", "Atividade": "1137 - PAVIMENTAÇÃO E RECAPEAMENTO DE VIAS - PROGRAMA DE METAS 3.A", "Sub Elemento Despesa": "Manutenção e Conservação de Bens Imóveis", "Item Despesa": "Manutenção e Reformas de Bens Imóveis", "Observação Empenho": "PRESTAÇÃO DE SERVIÇOS DE CONSERVAÇÃO DA MALHA VIARIA", "Contrato": "26785/2019", "Credor Nome": "SOEBE CONSTRUÇÃO E PAVIMENTAÇÃO SA", "Valor Empenho": 0.0, "Valor Empenho Cancelado": 0.0, "Valor Empenho Líquido": 0.0, "Valor Empenho Liquidado": 0.0, "Valor Empenho Pago": 0.0, "Equipamento 1": "Vias", "Equipamento 2": "Vias", "Endereço": "Av. Adélia Chohfi - Parque Sao Rafael, São Paulo - SP", "Região": "Sul", "Extensão (m)": "0", "Trecho (Recap)": "Trecho entre Rua Alberto de Macedo e Praça Felisberto Fernandes da Silva", "lon": -46.476998616904609, "lat": -23.617389508112225 }, "geometry": { "type": "Point", "coordinates": [ -46.476998616904609, -23.617389508112225 ] } },
{ "type": "Feature", "properties": { "Ano": 2020.0, "Nota Empenho": "90612/2020", "Nota Reserva": "46597/2020", "Ata CMDP": "2020-08-05 00:00:00", "Processo SEI": 6012201900079650.0, "Unidade": "SMSUB", "Função": "15 - URBANISMO", "Sub Função": "452 - SERVIÇOS URBANOS", "Programa": "3022 - REQUALIFICAÇÃO E PROMOÇÃO DA OCUPAÇÃO DOS ESPAÇOS PÚBLICOS", "Atividade": "1137 - PAVIMENTAÇÃO E RECAPEAMENTO DE VIAS - PROGRAMA DE METAS 3.A", "Sub Elemento Despesa": "Manutenção e Conservação de Bens Imóveis", "Item Despesa": "Manutenção e Reformas de Bens Imóveis", "Observação Empenho": "PRESTAÇÃO DE SERVIÇOS DE CONSERVAÇÃO DA MALHA VIARIA", "Contrato": "26785/2019", "Credor Nome": "SOEBE CONSTRUÇÃO E PAVIMENTAÇÃO SA", "Valor Empenho": 0.0, "Valor Empenho Cancelado": 0.0, "Valor Empenho Líquido": 0.0, "Valor Empenho Liquidado": 0.0, "Valor Empenho Pago": 0.0, "Equipamento 1": "Vias", "Equipamento 2": "Vias", "Endereço": "Av. Sapopemba - Jardim Adutora, São Paulo - SP", "Região": "Sul", "Extensão (m)": "0", "Trecho (Recap)": "Trecho entre Praça Felisberto Fernandes da Silva e Rua Coronel Pacheco do Couto", "lon": -46.471510708737512, "lat": -23.613861077811091 }, "geometry": { "type": "Point", "coordinates": [ -46.471510708737512, -23.613861077811091 ] } },
{ "type": "Feature", "properties": { "Ano": 2020.0, "Nota Empenho": "90624/2020", "Nota Reserva": "46597/2020", "Ata CMDP": "2020-08-05 00:00:00", "Processo SEI": 6012201900055556.0, "Unidade": "SMSUB", "Função": "15 - URBANISMO", "Sub Função": "452 - SERVIÇOS URBANOS", "Programa": "3022 - REQUALIFICAÇÃO E PROMOÇÃO DA OCUPAÇÃO DOS ESPAÇOS PÚBLICOS", "Atividade": "1137 - PAVIMENTAÇÃO E RECAPEAMENTO DE VIAS - PROGRAMA DE METAS 3.A", "Sub Elemento Despesa": "Manutenção e Conservação de Bens Imóveis", "Item Despesa": "Manutenção e Reformas de Bens Imóveis", "Observação Empenho": "PRESTAÇÃO DE SERVIÇOS DE CONSERVAÇÃO DA MALHA VIARIA", "Contrato": "21235/2019", "Credor Nome": "SOUZA COMPEC ENGENHARIA E CONSTRUÇÕES LTDA", "Valor Empenho": 552515.86, "Valor Empenho Cancelado": 552515.86, "Valor Empenho Líquido": 0.0, "Valor Empenho Liquidado": 0.0, "Valor Empenho Pago": 0.0, "Equipamento 1": "Vias", "Equipamento 2": "Vias", "Endereço": "Av. Luiz Ignácio De Anhaia Mello (Trecho 4) entre a Rua Francisco Fett (Estação São Lucas) até R. Visconde de Goiana.", "Região": "Leste", "Extensão (m)": "0", "Trecho (Recap)": "Trecho entre Rua Francisco Fett (Estação São Lucas) até R. Visconde de Goiana.", "lon": -46.544901811774366, "lat": -23.588705560361348 }, "geometry": { "type": "Point", "coordinates": [ -46.544901811774366, -23.588705560361348 ] } },
{ "type": "Feature", "properties": { "Ano": 2020.0, "Nota Empenho": "94080/2020", "Nota Reserva": "46597/2020", "Ata CMDP": "2020-08-05 00:00:00", "Processo SEI": 6012201900022950.0, "Unidade": "SMSUB", "Função": "15 - URBANISMO", "Sub Função": "452 - SERVIÇOS URBANOS", "Programa": "3022 - REQUALIFICAÇÃO E PROMOÇÃO DA OCUPAÇÃO DOS ESPAÇOS PÚBLICOS", "Atividade": "1137 - PAVIMENTAÇÃO E RECAPEAMENTO DE VIAS - PROGRAMA DE METAS 3.A", "Sub Elemento Despesa": "Manutenção e Conservação de Bens Imóveis", "Item Despesa": "Manutenção e Reformas de Bens Imóveis", "Observação Empenho": "PRESTAÇÃO DE SERVIÇOS DE CONSERVAÇÃO E MANUTENÇÃO DA MALHA VIÁRIA.", "Contrato": "21962/2019", "Credor Nome": "SOEBE CONSTRUÇÃO E PAVIMENTAÇÃO SA", "Valor Empenho": 392606.59, "Valor Empenho Cancelado": 392606.59, "Valor Empenho Líquido": 392606.59, "Valor Empenho Liquidado": 0.0, "Valor Empenho Pago": 0.0, "Equipamento 1": "Vias", "Equipamento 2": "Vias", "Endereço": "Av. Aricanduva - Parque Savoi City, São Paulo - SP", "Região": "Leste", "Extensão (m)": "0", "Trecho (Recap)": "Trecho entre Rua Afonso Sampaio Souza até Rua André de Almeida", "lon": -46.490559859527153, "lat": -23.581959265327519 }, "geometry": { "type": "Point", "coordinates": [ -46.490559859527153, -23.581959265327519 ] } },
{ "type": "Feature", "properties": { "Ano": 2020.0, "Nota Empenho": "94080/2020", "Nota Reserva": "46597/2020", "Ata CMDP": "2020-08-05 00:00:00", "Processo SEI": 6012201900022950.0, "Unidade": "SMSUB", "Função": "15 - URBANISMO", "Sub Função": "452 - SERVIÇOS URBANOS", "Programa": "3022 - REQUALIFICAÇÃO E PROMOÇÃO DA OCUPAÇÃO DOS ESPAÇOS PÚBLICOS", "Atividade": "1137 - PAVIMENTAÇÃO E RECAPEAMENTO DE VIAS - PROGRAMA DE METAS 3.A", "Sub Elemento Despesa": "Manutenção e Conservação de Bens Imóveis", "Item Despesa": "Manutenção e Reformas de Bens Imóveis", "Observação Empenho": "PRESTAÇÃO DE SERVIÇOS DE CONSERVAÇÃO E MANUTENÇÃO DA MALHA VIÁRIA.", "Contrato": "21962/2019", "Credor Nome": "SOEBE CONSTRUÇÃO E PAVIMENTAÇÃO SA", "Valor Empenho": 0.0, "Valor Empenho Cancelado": 0.0, "Valor Empenho Líquido": 0.0, "Valor Empenho Liquidado": 0.0, "Valor Empenho Pago": 0.0, "Equipamento 1": "Vias", "Equipamento 2": "Vias", "Endereço": "Tv. Somos Todos Iguais - Jardim da Conquista, São Paulo - SP", "Região": "Leste", "Extensão (m)": "0", "Trecho (Recap)": "Trecho entre Travessa Sinhá Moça e Travessa Vereda Tropical", "lon": -46.450277914436199, "lat": -23.608209610136907 }, "geometry": { "type": "Point", "coordinates": [ -46.450277914436199, -23.608209610136907 ] } },
{ "type": "Feature", "properties": { "Ano": 2020.0, "Nota Empenho": "94090/2020", "Nota Reserva": "46597/2020", "Ata CMDP": "2020-08-05 00:00:00", "Processo SEI": 6012201900079579.0, "Unidade": "SMSUB", "Função": "15 - URBANISMO", "Sub Função": "452 - SERVIÇOS URBANOS", "Programa": "3022 - REQUALIFICAÇÃO E PROMOÇÃO DA OCUPAÇÃO DOS ESPAÇOS PÚBLICOS", "Atividade": "1137 - PAVIMENTAÇÃO E RECAPEAMENTO DE VIAS - PROGRAMA DE METAS 3.A", "Sub Elemento Despesa": "Manutenção e Conservação de Bens Imóveis", "Item Despesa": "Manutenção e Reformas de Bens Imóveis", "Observação Empenho": "PRESTAÇÃO DE SERVIÇOS DE CONSERVAÇÃO E MANUTENÇÃO DA MALHA VIÁRIA.", "Contrato": "26814/2019", "Credor Nome": "JOFEGE PAVIMENTACAO E CONSTRUCAO LTDA", "Valor Empenho": 0.0, "Valor Empenho Cancelado": 0.0, "Valor Empenho Líquido": 0.0, "Valor Empenho Liquidado": 0.0, "Valor Empenho Pago": 0.0, "Equipamento 1": "Vias", "Equipamento 2": "Vias", "Endereço": "Av. Jacu-Pêssego - Itaquera, São Paulo - SP", "Região": "Leste", "Extensão (m)": "0", "Trecho (Recap)": "Trecho entre Avenida João Batista Conti e Rua São Teodoro", "lon": -46.446047052255913, "lat": -23.554731126247376 }, "geometry": { "type": "Point", "coordinates": [ -46.446047052255913, -23.554731126247376 ] } },
{ "type": "Feature", "properties": { "Ano": 2020.0, "Nota Empenho": "97447/2020", "Nota Reserva": "63238/2020", "Ata CMDP": "2020-08-26 00:00:00", "Processo SEI": 6020202000114973.0, "Unidade": "SMT", "Função": "15 - URBANISMO", "Sub Função": "451 - INFRA-ESTRUTURA URBANA", "Programa": "3009 - MELHORIA DA MOBILIDADE URBANA UNIVERSAL", "Atividade": "5417 - PROJETOS DE MOBILIDADE URBANA ORIUNDOS DE RECURSOS DE DESESTATIZAÇÕES E PARCERIAS", "Sub Elemento Despesa": "Manutenção e Conservação de Bens Imóveis", "Item Despesa": "Manutenção e Reformas de Bens Imóveis", "Observação Empenho": "Serviços de manutenção do Sistema Cicloviário da Cidade de São Paulo – LOTE 5", "Contrato": "24548/2020", "Credor Nome": "BELLACON CONSTRUTORA E INCORPORADORA LTDA", "Valor Empenho": 4683226.27, "Valor Empenho Cancelado": 0.0, "Valor Empenho Líquido": 4683226.27, "Valor Empenho Liquidado": 4683226.27, "Valor Empenho Pago": 4683226.27, "Equipamento 1": "Ciclovias", "Equipamento 2": "Ciclovia Abel Tavares", "Endereço": "R. Abel Tavares - Jardim Belem, São Paulo - SP", "Região": "Norte", "Extensão (m)": "0", "Trecho (Recap)": "Trecho Rua Abel Tavares", "lon": -46.470292337399584, "lat": -23.493797264779115 }, "geometry": { "type": "Point", "coordinates": [ -46.470292337399584, -23.493797264779115 ] } },
{ "type": "Feature", "properties": { "Ano": 2020.0, "Nota Empenho": "97447/2020", "Nota Reserva": "63238/2020", "Ata CMDP": "2020-08-26 00:00:00", "Processo SEI": 6020202000114973.0, "Unidade": "SMT", "Função": "15 - URBANISMO", "Sub Função": "451 - INFRA-ESTRUTURA URBANA", "Programa": "3009 - MELHORIA DA MOBILIDADE URBANA UNIVERSAL", "Atividade": "5417 - PROJETOS DE MOBILIDADE URBANA ORIUNDOS DE RECURSOS DE DESESTATIZAÇÕES E PARCERIAS", "Sub Elemento Despesa": "Manutenção e Conservação de Bens Imóveis", "Item Despesa": "Manutenção e Reformas de Bens Imóveis", "Observação Empenho": "Serviços de manutenção do Sistema Cicloviário da Cidade de São Paulo – LOTE 5", "Contrato": "24548/2020", "Credor Nome": "BELLACON CONSTRUTORA E INCORPORADORA LTDA", "Valor Empenho": 0.0, "Valor Empenho Cancelado": 0.0, "Valor Empenho Líquido": 0.0, "Valor Empenho Liquidado": 0.0, "Valor Empenho Pago": 0.0, "Equipamento 1": "Ciclovias", "Equipamento 2": "Ciclovia Olavo Fontoura", "Endereço": "Av. Olavo Fontoura - Santana, São Paulo - SP", "Região": "Norte", "Extensão (m)": "0", "Trecho (Recap)": "Trecho Avenida Olavo Fontoura", "lon": -46.641533856778743, "lat": -23.51505375158656 }, "geometry": { "type": "Point", "coordinates": [ -46.641533856778743, -23.51505375158656 ] } },
{ "type": "Feature", "properties": { "Ano": 2020.0, "Nota Empenho": "97447/2020", "Nota Reserva": "63238/2020", "Ata CMDP": "2020-08-26 00:00:00", "Processo SEI": 6020202000114973.0, "Unidade": "SMT", "Função": "15 - URBANISMO", "Sub Função": "451 - INFRA-ESTRUTURA URBANA", "Programa": "3009 - MELHORIA DA MOBILIDADE URBANA UNIVERSAL", "Atividade": "5417 - PROJETOS DE MOBILIDADE URBANA ORIUNDOS DE RECURSOS DE DESESTATIZAÇÕES E PARCERIAS", "Sub Elemento Despesa": "Manutenção e Conservação de Bens Imóveis", "Item Despesa": "Manutenção e Reformas de Bens Imóveis", "Observação Empenho": "Serviços de manutenção do Sistema Cicloviário da Cidade de São Paulo – LOTE 5", "Contrato": "24548/2020", "Credor Nome": "BELLACON CONSTRUTORA E INCORPORADORA LTDA", "Valor Empenho": 0.0, "Valor Empenho Cancelado": 0.0, "Valor Empenho Líquido": 0.0, "Valor Empenho Liquidado": 0.0, "Valor Empenho Pago": 0.0, "Equipamento 1": "Ciclovias", "Equipamento 2": "Ciclovia Joaquim Ramalho", "Endereço": "Praça Stélio Machado Loureiro - Vila Guilherme, São Paulo - SP", "Região": "Norte", "Extensão (m)": "0", "Trecho (Recap)": "Trecho Praça Stélio Machado", "lon": -46.608970988669057, "lat": -23.517352410622287 }, "geometry": { "type": "Point", "coordinates": [ -46.608970988669057, -23.517352410622287 ] } },
{ "type": "Feature", "properties": { "Ano": 2020.0, "Nota Empenho": "97447/2020", "Nota Reserva": "63238/2020", "Ata CMDP": "2020-08-26 00:00:00", "Processo SEI": 6020202000114973.0, "Unidade": "SMT", "Função": "15 - URBANISMO", "Sub Função": "451 - INFRA-ESTRUTURA URBANA", "Programa": "3009 - MELHORIA DA MOBILIDADE URBANA UNIVERSAL", "Atividade": "5417 - PROJETOS DE MOBILIDADE URBANA ORIUNDOS DE RECURSOS DE DESESTATIZAÇÕES E PARCERIAS", "Sub Elemento Despesa": "Manutenção e Conservação de Bens Imóveis", "Item Despesa": "Manutenção e Reformas de Bens Imóveis", "Observação Empenho": "Serviços de manutenção do Sistema Cicloviário da Cidade de São Paulo – LOTE 5", "Contrato": "24548/2020", "Credor Nome": "BELLACON CONSTRUTORA E INCORPORADORA LTDA", "Valor Empenho": 0.0, "Valor Empenho Cancelado": 0.0, "Valor Empenho Líquido": 0.0, "Valor Empenho Liquidado": 0.0, "Valor Empenho Pago": 0.0, "Equipamento 1": "Ciclovias", "Equipamento 2": "Ciclovia Eng. Caetano Álvares", "Endereço": "Av. Eng. Caetano Álvares - Limão, São Paulo - SP", "Região": "Norte", "Extensão (m)": "0", "Trecho (Recap)": "Trecho Avenida Eng Caetano Álvares", "lon": -46.649953445977388, "lat": -23.488528880015043 }, "geometry": { "type": "Point", "coordinates": [ -46.649953445977388, -23.488528880015043 ] } },
{ "type": "Feature", "properties": { "Ano": 2020.0, "Nota Empenho": "97447/2020", "Nota Reserva": "63238/2020", "Ata CMDP": "2020-08-26 00:00:00", "Processo SEI": 6020202000114973.0, "Unidade": "SMT", "Função": "15 - URBANISMO", "Sub Função": "451 - INFRA-ESTRUTURA URBANA", "Programa": "3009 - MELHORIA DA MOBILIDADE URBANA UNIVERSAL", "Atividade": "5417 - PROJETOS DE MOBILIDADE URBANA ORIUNDOS DE RECURSOS DE DESESTATIZAÇÕES E PARCERIAS", "Sub Elemento Despesa": "Manutenção e Conservação de Bens Imóveis", "Item Despesa": "Manutenção e Reformas de Bens Imóveis", "Observação Empenho": "Serviços de manutenção do Sistema Cicloviário da Cidade de São Paulo – LOTE 5", "Contrato": "24548/2020", "Credor Nome": "BELLACON CONSTRUTORA E INCORPORADORA LTDA", "Valor Empenho": 0.0, "Valor Empenho Cancelado": 0.0, "Valor Empenho Líquido": 0.0, "Valor Empenho Liquidado": 0.0, "Valor Empenho Pago": 0.0, "Equipamento 1": "Ciclovias", "Equipamento 2": "Ciclovia Fuad Lutfalla", "Endereço": "Av. Fuad Lutfalla - Vila Maria Trindade, São Paulo - SP", "Região": "Norte", "Extensão (m)": "0", "Trecho (Recap)": "Trecho Avenida Fuad Lutfalla", "lon": -46.708226735617437, "lat": -23.481711554931969 }, "geometry": { "type": "Point", "coordinates": [ -46.708226735617437, -23.481711554931969 ] } },
{ "type": "Feature", "properties": { "Ano": 2020.0, "Nota Empenho": "97447/2020", "Nota Reserva": "63238/2020", "Ata CMDP": "2020-08-26 00:00:00", "Processo SEI": 6020202000114973.0, "Unidade": "SMT", "Função": "15 - URBANISMO", "Sub Função": "451 - INFRA-ESTRUTURA URBANA", "Programa": "3009 - MELHORIA DA MOBILIDADE URBANA UNIVERSAL", "Atividade": "5417 - PROJETOS DE MOBILIDADE URBANA ORIUNDOS DE RECURSOS DE DESESTATIZAÇÕES E PARCERIAS", "Sub Elemento Despesa": "Manutenção e Conservação de Bens Imóveis", "Item Despesa": "Manutenção e Reformas de Bens Imóveis", "Observação Empenho": "Serviços de manutenção do Sistema Cicloviário da Cidade de São Paulo – LOTE 5", "Contrato": "24548/2020", "Credor Nome": "BELLACON CONSTRUTORA E INCORPORADORA LTDA", "Valor Empenho": 0.0, "Valor Empenho Cancelado": 0.0, "Valor Empenho Líquido": 0.0, "Valor Empenho Liquidado": 0.0, "Valor Empenho Pago": 0.0, "Equipamento 1": "Ciclovias", "Equipamento 2": "Ciclovia Santos Dumont", "Endereço": "Av. Santos Dumont - Luz, São Paulo - SP", "Região": "Norte", "Extensão (m)": "0", "Trecho (Recap)": "Trecho Avenida Santos Dumont", "lon": -46.629909540843201, "lat": -23.516710680783 }, "geometry": { "type": "Point", "coordinates": [ -46.629909540843201, -23.516710680783 ] } },
{ "type": "Feature", "properties": { "Ano": 2020.0, "Nota Empenho": "97447/2020", "Nota Reserva": "63238/2020", "Ata CMDP": "2020-08-26 00:00:00", "Processo SEI": 6020202000114973.0, "Unidade": "SMT", "Função": "15 - URBANISMO", "Sub Função": "451 - INFRA-ESTRUTURA URBANA", "Programa": "3009 - MELHORIA DA MOBILIDADE URBANA UNIVERSAL", "Atividade": "5417 - PROJETOS DE MOBILIDADE URBANA ORIUNDOS DE RECURSOS DE DESESTATIZAÇÕES E PARCERIAS", "Sub Elemento Despesa": "Manutenção e Conservação de Bens Imóveis", "Item Despesa": "Manutenção e Reformas de Bens Imóveis", "Observação Empenho": "Serviços de manutenção do Sistema Cicloviário da Cidade de São Paulo – LOTE 5", "Contrato": "24548/2020", "Credor Nome": "BELLACON CONSTRUTORA E INCORPORADORA LTDA", "Valor Empenho": 0.0, "Valor Empenho Cancelado": 0.0, "Valor Empenho Líquido": 0.0, "Valor Empenho Liquidado": 0.0, "Valor Empenho Pago": 0.0, "Equipamento 1": "Ciclovias", "Equipamento 2": "Ciclovia Inajar de Souza", "Endereço": "Av. Inajar de Souza - Limão, São Paulo - SP", "Região": "Norte", "Extensão (m)": "0", "Trecho (Recap)": "Trecho Avenida Inajar de Souza", "lon": -46.672456825963145, "lat": -23.47662833949833 }, "geometry": { "type": "Point", "coordinates": [ -46.672456825963145, -23.47662833949833 ] } },
{ "type": "Feature", "properties": { "Ano": 2020.0, "Nota Empenho": "97447/2020", "Nota Reserva": "63238/2020", "Ata CMDP": "2020-08-26 00:00:00", "Processo SEI": 6020202000114973.0, "Unidade": "SMT", "Função": "15 - URBANISMO", "Sub Função": "451 - INFRA-ESTRUTURA URBANA", "Programa": "3009 - MELHORIA DA MOBILIDADE URBANA UNIVERSAL", "Atividade": "5417 - PROJETOS DE MOBILIDADE URBANA ORIUNDOS DE RECURSOS DE DESESTATIZAÇÕES E PARCERIAS", "Sub Elemento Despesa": "Manutenção e Conservação de Bens Imóveis", "Item Despesa": "Manutenção e Reformas de Bens Imóveis", "Observação Empenho": "Serviços de manutenção do Sistema Cicloviário da Cidade de São Paulo – LOTE 5", "Contrato": "24548/2020", "Credor Nome": "BELLACON CONSTRUTORA E INCORPORADORA LTDA", "Valor Empenho": 0.0, "Valor Empenho Cancelado": 0.0, "Valor Empenho Líquido": 0.0, "Valor Empenho Liquidado": 0.0, "Valor Empenho Pago": 0.0, "Equipamento 1": "Ciclovias", "Equipamento 2": "Ciclovia Sumaré", "Endereço": "Av. Sumaré, - Perdizes, São Paulo - SP", "Região": "Oeste", "Extensão (m)": "0", "Trecho (Recap)": "Trecho Avenida Sumaré", "lon": -46.676311765453335, "lat": -23.541638460235511 }, "geometry": { "type": "Point", "coordinates": [ -46.676311765453335, -23.541638460235511 ] } },
{ "type": "Feature", "properties": { "Ano": 2020.0, "Nota Empenho": "97449/2020", "Nota Reserva": "63238/2020", "Ata CMDP": "2020-08-26 00:00:00", "Processo SEI": 6020202000114957.0, "Unidade": "SMT", "Função": "15 - URBANISMO", "Sub Função": "451 - INFRA-ESTRUTURA URBANA", "Programa": "3009 - MELHORIA DA MOBILIDADE URBANA UNIVERSAL", "Atividade": "5417 - PROJETOS DE MOBILIDADE URBANA ORIUNDOS DE RECURSOS DE DESESTATIZAÇÕES E PARCERIAS", "Sub Elemento Despesa": "Manutenção e Conservação de Bens Imóveis", "Item Despesa": "Manutenção e Reformas de Bens Imóveis", "Observação Empenho": "Serviços de manutenção do Sistema Cicloviário da Cidade de São Paulo – LOTE 2", "Contrato": "24550/2020", "Credor Nome": "SHOP SIGNS OBRAS E SERVICOS LTDA", "Valor Empenho": 3657492.53, "Valor Empenho Cancelado": 1844446.07, "Valor Empenho Líquido": 3657492.53, "Valor Empenho Liquidado": 1813046.46, "Valor Empenho Pago": 1813046.46, "Equipamento 1": "Ciclovias", "Equipamento 2": "Ciclovia Atlantica", "Endereço": "Av. Atlantica - SP", "Região": "Sul", "Extensão (m)": "1115", "Trecho (Recap)": "entre Avenida João de Barros e Rua Valentim Delano", "lon": -46.713553702463358, "lat": -23.680908681747383 }, "geometry": { "type": "Point", "coordinates": [ -46.713553702463358, -23.680908681747383 ] } },
{ "type": "Feature", "properties": { "Ano": null, "Nota Empenho": null, "Nota Reserva": null, "Ata CMDP": null, "Processo SEI": null, "Unidade": null, "Função": null, "Sub Função": null, "Programa": null, "Atividade": null, "Sub Elemento Despesa": null, "Item Despesa": null, "Observação Empenho": null, "Contrato": null, "Credor Nome": null, "Valor Empenho": null, "Valor Empenho Cancelado": null, "Valor Empenho Líquido": null, "Valor Empenho Liquidado": null, "Valor Empenho Pago": null, "Equipamento 1": "Ciclovias", "Equipamento 2": "Ciclofaixa Jardim Helena ", "Endereço": "São Miguel - Rua Cardon", "Região": "Leste", "Extensão (m)": "1300", "Trecho (Recap)": "Rua Cardon, entre as ruas Suzana e Criúva", "lon": -46.437207096202528, "lat": -23.516312076785614 }, "geometry": { "type": "Point", "coordinates": [ -46.437207096202528, -23.516312076785614 ] } },
{ "type": "Feature", "properties": { "Ano": null, "Nota Empenho": null, "Nota Reserva": null, "Ata CMDP": null, "Processo SEI": null, "Unidade": null, "Função": null, "Sub Função": null, "Programa": null, "Atividade": null, "Sub Elemento Despesa": null, "Item Despesa": null, "Observação Empenho": null, "Contrato": null, "Credor Nome": null, "Valor Empenho": null, "Valor Empenho Cancelado": null, "Valor Empenho Líquido": null, "Valor Empenho Liquidado": null, "Valor Empenho Pago": null, "Equipamento 1": "Ciclovias", "Equipamento 2": "Ciclofaixa Jardim Helena ", "Endereço": "São Miguel - Rua Criuva", "Região": "Leste", "Extensão (m)": "60", "Trecho (Recap)": "Rua Criúva, entre a Rua Cardon e a Avenida Nordestina", "lon": -46.432855099124438, "lat": -23.518847210964346 }, "geometry": { "type": "Point", "coordinates": [ -46.432855099124438, -23.518847210964346 ] } },
{ "type": "Feature", "properties": { "Ano": 2021.0, "Nota Empenho": "102050/2021", "Nota Reserva": "14302/2021", "Ata CMDP": "2021-07-01 00:00:00", "Processo SEI": 7610202000017757.0, "Unidade": "COHAB", "Função": "26 - TRANSPORTE", "Sub Função": "785 - TRANSPORTES ESPECIAIS", "Programa": "3009 - MELHORIA DA MOBILIDADE URBANA UNIVERSAL", "Atividade": "1097 - CONSTRUÇÃO DE CICLOVIAS, CICLOFAIXAS E CICLORROTAS", "Sub Elemento Despesa": "Obras em Andamento - Uso Comum do Povo", "Item Despesa": "Pavimentação de Ruas e Avenidas", "Observação Empenho": "Execução das obras e serviços contratados no âmbito do Lote 12 - CTR PPP 06/19 conforme Termo de Cooperação COHAB-SP 06.01/20 e aditamento 06.02/20.", "Contrato": "16633/2020", "Credor Nome": "HABITA SAO PAULO S.A.", "Valor Empenho": 1449268.63, "Valor Empenho Cancelado": 0.0, "Valor Empenho Líquido": 1449268.63, "Valor Empenho Liquidado": 1449268.63, "Valor Empenho Pago": 1449268.63, "Equipamento 1": "Ciclovias", "Equipamento 2": "Ciclovia Inajar de Souza", "Endereço": "Av. Inajar de Souza - Parque Tiete, São Paulo - SP", "Região": "Norte", "Extensão (m)": "0", "Trecho (Recap)": "Trecho Avenda General Penha Brasil", "lon": -46.674631399124472, "lat": -23.458718558679607 }, "geometry": { "type": "Point", "coordinates": [ -46.674631399124472, -23.458718558679607 ] } },
{ "type": "Feature", "properties": { "Ano": 2021.0, "Nota Empenho": "102050/2021", "Nota Reserva": "14302/2021", "Ata CMDP": "2021-07-01 00:00:00", "Processo SEI": 7610202000017757.0, "Unidade": "COHAB", "Função": "26 - TRANSPORTE", "Sub Função": "785 - TRANSPORTES ESPECIAIS", "Programa": "3009 - MELHORIA DA MOBILIDADE URBANA UNIVERSAL", "Atividade": "1097 - CONSTRUÇÃO DE CICLOVIAS, CICLOFAIXAS E CICLORROTAS", "Sub Elemento Despesa": "Obras em Andamento - Uso Comum do Povo", "Item Despesa": "Pavimentação de Ruas e Avenidas", "Observação Empenho": "Execução das obras e serviços contratados no âmbito do Lote 12 - CTR PPP 06/19 conforme Termo de Cooperação COHAB-SP 06.01/20 e aditamento 06.02/20.", "Contrato": "16633/2020", "Credor Nome": "HABITA SAO PAULO S.A.", "Valor Empenho": 0.0, "Valor Empenho Cancelado": 0.0, "Valor Empenho Líquido": 0.0, "Valor Empenho Liquidado": 0.0, "Valor Empenho Pago": 0.0, "Equipamento 1": "Ciclovias", "Equipamento 2": "Ciclovia João Paulo I - Miguel Conjeo", "Endereço": "Av. Miguel Conejo, Vila Albertina, São Paulo - SP", "Região": "Norte", "Extensão (m)": "0", "Trecho (Recap)": "Trecho entre Avenida N. Sra. do Ó e Avenida Padre Orlando Garcia da Silveira", "lon": -46.691926582273702, "lat": -23.494122315292369 }, "geometry": { "type": "Point", "coordinates": [ -46.691926582273702, -23.494122315292369 ] } },
{ "type": "Feature", "properties": { "Ano": 2021.0, "Nota Empenho": "102050/2021", "Nota Reserva": "14302/2021", "Ata CMDP": "2021-07-01 00:00:00", "Processo SEI": 7610202000017757.0, "Unidade": "COHAB", "Função": "26 - TRANSPORTE", "Sub Função": "785 - TRANSPORTES ESPECIAIS", "Programa": "3009 - MELHORIA DA MOBILIDADE URBANA UNIVERSAL", "Atividade": "1097 - CONSTRUÇÃO DE CICLOVIAS, CICLOFAIXAS E CICLORROTAS", "Sub Elemento Despesa": "Obras em Andamento - Uso Comum do Povo", "Item Despesa": "Pavimentação de Ruas e Avenidas", "Observação Empenho": "Execução das obras e serviços contratados no âmbito do Lote 12 - CTR PPP 06/19 conforme Termo de Cooperação COHAB-SP 06.01/20 e aditamento 06.02/20.", "Contrato": "16633/2020", "Credor Nome": "HABITA SAO PAULO S.A.", "Valor Empenho": 0.0, "Valor Empenho Cancelado": 0.0, "Valor Empenho Líquido": 0.0, "Valor Empenho Liquidado": 0.0, "Valor Empenho Pago": 0.0, "Equipamento 1": "Ciclovias", "Equipamento 2": "Ciclovia Jose da Natividade", "Endereço": "Av. José da Natividade Saldanha - Vila Penteado, São Paulo - SP", "Região": "Norte", "Extensão (m)": "0", "Trecho (Recap)": "Trecho entre Avenida João Paulo I e Avenida Jose da Natividade Saldanha", "lon": -46.685052400738712, "lat": -23.471807785035342 }, "geometry": { "type": "Point", "coordinates": [ -46.685052400738712, -23.471807785035342 ] } },
{ "type": "Feature", "properties": { "Ano": 2021.0, "Nota Empenho": "102059/2021", "Nota Reserva": "71492/2021", "Ata CMDP": "2021-02-15 00:00:00", "Processo SEI": 7610202000017757.0, "Unidade": "COHAB", "Função": "26 - TRANSPORTE", "Sub Função": "785 - TRANSPORTES ESPECIAIS", "Programa": "3009 - MELHORIA DA MOBILIDADE URBANA UNIVERSAL", "Atividade": "1097 - CONSTRUÇÃO DE CICLOVIAS, CICLOFAIXAS E CICLORROTAS", "Sub Elemento Despesa": "Obras em Andamento - Uso Comum do Povo", "Item Despesa": "Pavimentação de Ruas e Avenidas", "Observação Empenho": "Execução das obras e serviços contratados no âmbito do Lote 12 - CTR PPP 06/19 conforme Termo de Cooperação COHAB-SP 06.01/20 e aditamento 06.02/20.", "Contrato": "16633/2020", "Credor Nome": "HABITA SAO PAULO S.A.", "Valor Empenho": 664948.89, "Valor Empenho Cancelado": 98442.64, "Valor Empenho Líquido": 664948.89, "Valor Empenho Liquidado": 566506.25, "Valor Empenho Pago": 566506.25, "Equipamento 1": "Ciclovias", "Equipamento 2": "Ciclovia Inajar de Souza", "Endereço": "Av. Inajar de Souza - Parque Tiete, São Paulo - SP", "Região": "Norte", "Extensão (m)": "0", "Trecho (Recap)": "Trecho Avenda General Penha Brasil", "lon": -46.674631399124472, "lat": -23.458718558679607 }, "geometry": { "type": "Point", "coordinates": [ -46.674631399124472, -23.458718558679607 ] } },
{ "type": "Feature", "properties": { "Ano": 2021.0, "Nota Empenho": "102059/2021", "Nota Reserva": "71492/2021", "Ata CMDP": "2021-02-15 00:00:00", "Processo SEI": 7610202000017757.0, "Unidade": "COHAB", "Função": "26 - TRANSPORTE", "Sub Função": "785 - TRANSPORTES ESPECIAIS", "Programa": "3009 - MELHORIA DA MOBILIDADE URBANA UNIVERSAL", "Atividade": "1097 - CONSTRUÇÃO DE CICLOVIAS, CICLOFAIXAS E CICLORROTAS", "Sub Elemento Despesa": "Obras em Andamento - Uso Comum do Povo", "Item Despesa": "Pavimentação de Ruas e Avenidas", "Observação Empenho": "Execução das obras e serviços contratados no âmbito do Lote 12 - CTR PPP 06/19 conforme Termo de Cooperação COHAB-SP 06.01/20 e aditamento 06.02/20.", "Contrato": "16633/2020", "Credor Nome": "HABITA SAO PAULO S.A.", "Valor Empenho": 0.0, "Valor Empenho Cancelado": 0.0, "Valor Empenho Líquido": 0.0, "Valor Empenho Liquidado": 0.0, "Valor Empenho Pago": 0.0, "Equipamento 1": "Ciclovias", "Equipamento 2": "Ciclovia João Paulo I - Miguel Conjeo", "Endereço": "Av. Miguel Conejo, Vila Albertina, São Paulo - SP", "Região": "Norte", "Extensão (m)": "0", "Trecho (Recap)": "Trecho entre Avenida N. Sra. do Ó e Avenida Padre Orlando Garcia da Silveira", "lon": -46.691926582273702, "lat": -23.494122315292369 }, "geometry": { "type": "Point", "coordinates": [ -46.691926582273702, -23.494122315292369 ] } },
{ "type": "Feature", "properties": { "Ano": 2021.0, "Nota Empenho": "102059/2021", "Nota Reserva": "71492/2021", "Ata CMDP": "2021-02-15 00:00:00", "Processo SEI": 7610202000017757.0, "Unidade": "COHAB", "Função": "26 - TRANSPORTE", "Sub Função": "785 - TRANSPORTES ESPECIAIS", "Programa": "3009 - MELHORIA DA MOBILIDADE URBANA UNIVERSAL", "Atividade": "1097 - CONSTRUÇÃO DE CICLOVIAS, CICLOFAIXAS E CICLORROTAS", "Sub Elemento Despesa": "Obras em Andamento - Uso Comum do Povo", "Item Despesa": "Pavimentação de Ruas e Avenidas", "Observação Empenho": "Execução das obras e serviços contratados no âmbito do Lote 12 - CTR PPP 06/19 conforme Termo de Cooperação COHAB-SP 06.01/20 e aditamento 06.02/20.", "Contrato": "16633/2020", "Credor Nome": "HABITA SAO PAULO S.A.", "Valor Empenho": 0.0, "Valor Empenho Cancelado": 0.0, "Valor Empenho Líquido": 0.0, "Valor Empenho Liquidado": 0.0, "Valor Empenho Pago": 0.0, "Equipamento 1": "Ciclovias", "Equipamento 2": "Ciclovia Jose da Natividade", "Endereço": "Av. José da Natividade Saldanha - Vila Penteado, São Paulo - SP", "Região": "Norte", "Extensão (m)": "0", "Trecho (Recap)": "Trecho entre Avenida João Paulo I e Avenida Jose da Natividade Saldanha", "lon": -46.685052400738712, "lat": -23.471807785035342 }, "geometry": { "type": "Point", "coordinates": [ -46.685052400738712, -23.471807785035342 ] } },
{ "type": "Feature", "properties": { "Ano": 2021.0, "Nota Empenho": "24623/2021", "Nota Reserva": "18820/2021", "Ata CMDP": "2021-07-01 00:00:00", "Processo SEI": 6020202000123832.0, "Unidade": "SMT", "Função": "26 - TRANSPORTE", "Sub Função": "785 - TRANSPORTES ESPECIAIS", "Programa": "3009 - MELHORIA DA MOBILIDADE URBANA UNIVERSAL", "Atividade": "1098 - AMPLIAÇÃO, REFORMA E REQUALIFICAÇÃO DE CICLOVIAS, CICLOFAIXAS E CICLORROTAS", "Sub Elemento Despesa": "Manutenção e Conservação de Bens Imóveis", "Item Despesa": "Manutenção e Reformas de Bens Imóveis", "Observação Empenho": "Contrato 33/2020-SMT – Serviços de manutenção do Sistema Cicloviário da Cidade de São Paulo – LOTE 1", "Contrato": "27111/2020", "Credor Nome": "B & B ENGENHARIA E CONSTRUCOES LTDA", "Valor Empenho": 1667244.1, "Valor Empenho Cancelado": 1681.85, "Valor Empenho Líquido": 1665562.25, "Valor Empenho Liquidado": 1665562.25, "Valor Empenho Pago": 1665562.25, "Equipamento 1": "Ciclovias", "Equipamento 2": "Ciclovia Eliseu de Almeida", "Endereço": "R. Camargo - Butantã, São Paulo - SP", "Região": "Oeste", "Extensão (m)": "0", "Trecho (Recap)": "Trecho entre Rua Camargo, Avenida Caxingui e Avenida Eliseu de Almeida", "lon": -46.711956059305273, "lat": -23.574648319577548 }, "geometry": { "type": "Point", "coordinates": [ -46.711956059305273, -23.574648319577548 ] } },
{ "type": "Feature", "properties": { "Ano": 2021.0, "Nota Empenho": "24623/2021", "Nota Reserva": "18820/2021", "Ata CMDP": "2021-07-01 00:00:00", "Processo SEI": 6020202000123832.0, "Unidade": "SMT", "Função": "26 - TRANSPORTE", "Sub Função": "785 - TRANSPORTES ESPECIAIS", "Programa": "3009 - MELHORIA DA MOBILIDADE URBANA UNIVERSAL", "Atividade": "1098 - AMPLIAÇÃO, REFORMA E REQUALIFICAÇÃO DE CICLOVIAS, CICLOFAIXAS E CICLORROTAS", "Sub Elemento Despesa": "Manutenção e Conservação de Bens Imóveis", "Item Despesa": "Manutenção e Reformas de Bens Imóveis", "Observação Empenho": "Contrato 33/2020-SMT – Serviços de manutenção do Sistema Cicloviário da Cidade de São Paulo – LOTE 1", "Contrato": "27111/2020", "Credor Nome": "B & B ENGENHARIA E CONSTRUCOES LTDA", "Valor Empenho": 0.0, "Valor Empenho Cancelado": 0.0, "Valor Empenho Líquido": 0.0, "Valor Empenho Liquidado": 0.0, "Valor Empenho Pago": 0.0, "Equipamento 1": "Ciclovias", "Equipamento 2": "Ciclovia Teotonio Vilela", "Endereço": "Av. Pirajussara - Instituto de Previdencia, São Paulo - SP", "Região": "Oeste", "Extensão (m)": "0", "Trecho (Recap)": "Trecho entre Avenida Pirajussara e Avenida Eliseu Almeida", "lon": -46.739594295211887, "lat": -23.591986313627689 }, "geometry": { "type": "Point", "coordinates": [ -46.739594295211887, -23.591986313627689 ] } },
{ "type": "Feature", "properties": { "Ano": 2021.0, "Nota Empenho": "24623/2021", "Nota Reserva": "18820/2021", "Ata CMDP": "2021-07-01 00:00:00", "Processo SEI": 6020202000123832.0, "Unidade": "SMT", "Função": "26 - TRANSPORTE", "Sub Função": "785 - TRANSPORTES ESPECIAIS", "Programa": "3009 - MELHORIA DA MOBILIDADE URBANA UNIVERSAL", "Atividade": "1098 - AMPLIAÇÃO, REFORMA E REQUALIFICAÇÃO DE CICLOVIAS, CICLOFAIXAS E CICLORROTAS", "Sub Elemento Despesa": "Manutenção e Conservação de Bens Imóveis", "Item Despesa": "Manutenção e Reformas de Bens Imóveis", "Observação Empenho": "Contrato 33/2020-SMT – Serviços de manutenção do Sistema Cicloviário da Cidade de São Paulo – LOTE 1", "Contrato": "27111/2020", "Credor Nome": "B & B ENGENHARIA E CONSTRUCOES LTDA", "Valor Empenho": 0.0, "Valor Empenho Cancelado": 0.0, "Valor Empenho Líquido": 0.0, "Valor Empenho Liquidado": 0.0, "Valor Empenho Pago": 0.0, "Equipamento 1": "Ciclovias", "Equipamento 2": "Ciclovia Teotonio Vilela", "Endereço": "Av. Sen. Teotônio Vilela - Cidade Dutra, São Paulo - SP", "Região": "Sul", "Extensão (m)": "0", "Trecho (Recap)": "Trecho Av Senador Teotonio Vilela", "lon": -46.700266231772758, "lat": -23.707064808555899 }, "geometry": { "type": "Point", "coordinates": [ -46.700266231772758, -23.707064808555899 ] } },
{ "type": "Feature", "properties": { "Ano": 2021.0, "Nota Empenho": "24623/2021", "Nota Reserva": "18820/2021", "Ata CMDP": "2021-07-01 00:00:00", "Processo SEI": 6020202000123832.0, "Unidade": "SMT", "Função": "26 - TRANSPORTE", "Sub Função": "785 - TRANSPORTES ESPECIAIS", "Programa": "3009 - MELHORIA DA MOBILIDADE URBANA UNIVERSAL", "Atividade": "1098 - AMPLIAÇÃO, REFORMA E REQUALIFICAÇÃO DE CICLOVIAS, CICLOFAIXAS E CICLORROTAS", "Sub Elemento Despesa": "Manutenção e Conservação de Bens Imóveis", "Item Despesa": "Manutenção e Reformas de Bens Imóveis", "Observação Empenho": "Contrato 33/2020-SMT – Serviços de manutenção do Sistema Cicloviário da Cidade de São Paulo – LOTE 1", "Contrato": "27111/2020", "Credor Nome": "B & B ENGENHARIA E CONSTRUCOES LTDA", "Valor Empenho": 0.0, "Valor Empenho Cancelado": 0.0, "Valor Empenho Líquido": 0.0, "Valor Empenho Liquidado": 0.0, "Valor Empenho Pago": 0.0, "Equipamento 1": "Ciclovias", "Equipamento 2": "Ciclovia Butantã", "Endereço": "Av. Afrânio Peixoto - Butantã, São Paulo - SP", "Região": "Oeste", "Extensão (m)": "0", "Trecho (Recap)": "Trecho Av Afrânio Peixoto", "lon": -46.711353629262547, "lat": -23.565711445386619 }, "geometry": { "type": "Point", "coordinates": [ -46.711353629262547, -23.565711445386619 ] } },
{ "type": "Feature", "properties": { "Ano": 2021.0, "Nota Empenho": "24623/2021", "Nota Reserva": "18820/2021", "Ata CMDP": "2021-07-01 00:00:00", "Processo SEI": 6020202000123832.0, "Unidade": "SMT", "Função": "26 - TRANSPORTE", "Sub Função": "785 - TRANSPORTES ESPECIAIS", "Programa": "3009 - MELHORIA DA MOBILIDADE URBANA UNIVERSAL", "Atividade": "1098 - AMPLIAÇÃO, REFORMA E REQUALIFICAÇÃO DE CICLOVIAS, CICLOFAIXAS E CICLORROTAS", "Sub Elemento Despesa": "Manutenção e Conservação de Bens Imóveis", "Item Despesa": "Manutenção e Reformas de Bens Imóveis", "Observação Empenho": "Contrato 33/2020-SMT – Serviços de manutenção do Sistema Cicloviário da Cidade de São Paulo – LOTE 1", "Contrato": "27111/2020", "Credor Nome": "B & B ENGENHARIA E CONSTRUCOES LTDA", "Valor Empenho": 0.0, "Valor Empenho Cancelado": 0.0, "Valor Empenho Líquido": 0.0, "Valor Empenho Liquidado": 0.0, "Valor Empenho Pago": 0.0, "Equipamento 1": "Ciclovias", "Equipamento 2": "Ciclovia Jorge João Saad", "Endereço": "Av. Jorge João Saad - Butantã, São Paulo - SP", "Região": "Oeste", "Extensão (m)": "0", "Trecho (Recap)": "Trecho entre Avenida Jorge João Saad e Avenida Jacob Salvador Zveibil", "lon": -46.724403656034681, "lat": -23.58663737369189 }, "geometry": { "type": "Point", "coordinates": [ -46.724403656034681, -23.58663737369189 ] } },
{ "type": "Feature", "properties": { "Ano": 2021.0, "Nota Empenho": "24623/2021", "Nota Reserva": "18820/2021", "Ata CMDP": "2021-07-01 00:00:00", "Processo SEI": 6020202000123832.0, "Unidade": "SMT", "Função": "26 - TRANSPORTE", "Sub Função": "785 - TRANSPORTES ESPECIAIS", "Programa": "3009 - MELHORIA DA MOBILIDADE URBANA UNIVERSAL", "Atividade": "1098 - AMPLIAÇÃO, REFORMA E REQUALIFICAÇÃO DE CICLOVIAS, CICLOFAIXAS E CICLORROTAS", "Sub Elemento Despesa": "Manutenção e Conservação de Bens Imóveis", "Item Despesa": "Manutenção e Reformas de Bens Imóveis", "Observação Empenho": "Contrato 33/2020-SMT – Serviços de manutenção do Sistema Cicloviário da Cidade de São Paulo – LOTE 1", "Contrato": "27111/2020", "Credor Nome": "B & B ENGENHARIA E CONSTRUCOES LTDA", "Valor Empenho": 0.0, "Valor Empenho Cancelado": 0.0, "Valor Empenho Líquido": 0.0, "Valor Empenho Liquidado": 0.0, "Valor Empenho Pago": 0.0, "Equipamento 1": "Ciclovias", "Equipamento 2": "Ciclovia Eliseu de Almeida", "Endereço": "R. Camargo - Butantã, São Paulo - SP", "Região": "Oeste", "Extensão (m)": "0", "Trecho (Recap)": "Trecho entre Rua Camargo, Avenida Caxingui e Avenida Eliseu de Almeida", "lon": -46.711956059305273, "lat": -23.574648319577548 }, "geometry": { "type": "Point", "coordinates": [ -46.711956059305273, -23.574648319577548 ] } },
{ "type": "Feature", "properties": { "Ano": 2021.0, "Nota Empenho": "32459/2021", "Nota Reserva": "14302/2021", "Ata CMDP": "2021-07-01 00:00:00", "Processo SEI": 7610202000017749.0, "Unidade": "COHAB", "Função": "26 - TRANSPORTE", "Sub Função": "785 - TRANSPORTES ESPECIAIS", "Programa": "3009 - MELHORIA DA MOBILIDADE URBANA UNIVERSAL", "Atividade": "1097 - CONSTRUÇÃO DE CICLOVIAS, CICLOFAIXAS E CICLORROTAS", "Sub Elemento Despesa": "Obras em Andamento - Uso Comum do Povo", "Item Despesa": "Pavimentação de Ruas e Avenidas", "Observação Empenho": "Execução das obras e serviços contratados no âmbito do Lote 01 - CTR PPP 01/19 conforme Termo de Cooperação COHAB-SP 01.01/20", "Contrato": "16630/2020", "Credor Nome": "HABITA SAO PAULO S.A.", "Valor Empenho": 4881269.64, "Valor Empenho Cancelado": 1204.0, "Valor Empenho Líquido": 4880065.64, "Valor Empenho Liquidado": 4880065.64, "Valor Empenho Pago": 4880065.64, "Equipamento 1": "Ciclovias", "Equipamento 2": "Ciclovia Almirante Delamare", "Endereço": "Viaduto Alm. Delamare - Vila Heliopolis, São Paulo - SP", "Região": "Sul", "Extensão (m)": "0", "Trecho (Recap)": "Trecho entre Rua Silva Bueno e Av. Guido Aliberti", "lon": -46.60027875131015, "lat": -23.600962552148143 }, "geometry": { "type": "Point", "coordinates": [ -46.60027875131015, -23.600962552148143 ] } },
{ "type": "Feature", "properties": { "Ano": 2021.0, "Nota Empenho": "32459/2021", "Nota Reserva": "14302/2021", "Ata CMDP": "2021-07-01 00:00:00", "Processo SEI": 7610202000017749.0, "Unidade": "COHAB", "Função": "26 - TRANSPORTE", "Sub Função": "785 - TRANSPORTES ESPECIAIS", "Programa": "3009 - MELHORIA DA MOBILIDADE URBANA UNIVERSAL", "Atividade": "1097 - CONSTRUÇÃO DE CICLOVIAS, CICLOFAIXAS E CICLORROTAS", "Sub Elemento Despesa": "Obras em Andamento - Uso Comum do Povo", "Item Despesa": "Pavimentação de Ruas e Avenidas", "Observação Empenho": "Execução das obras e serviços contratados no âmbito do Lote 01 - CTR PPP 01/19 conforme Termo de Cooperação COHAB-SP 01.01/20", "Contrato": "16630/2020", "Credor Nome": "HABITA SAO PAULO S.A.", "Valor Empenho": 0.0, "Valor Empenho Cancelado": 0.0, "Valor Empenho Líquido": 0.0, "Valor Empenho Liquidado": 0.0, "Valor Empenho Pago": 0.0, "Equipamento 1": "Ciclovias", "Equipamento 2": "Ciclovia Av. Presidente Tancredo Neves", "Endereço": "Av. Pres. Tancredo Neves - Vila Nancy, São Paulo - SP", "Região": "Sul", "Extensão (m)": "0", "Trecho (Recap)": "Trecho entre Rua N. Sra. da Saúde e Rua Dr. Audísio de Alencar", "lon": -46.604692415568607, "lat": -23.605433787546065 }, "geometry": { "type": "Point", "coordinates": [ -46.604692415568607, -23.605433787546065 ] } },
{ "type": "Feature", "properties": { "Ano": 2021.0, "Nota Empenho": "32459/2021", "Nota Reserva": "14302/2021", "Ata CMDP": "2021-07-01 00:00:00", "Processo SEI": 7610202000017749.0, "Unidade": "COHAB", "Função": "26 - TRANSPORTE", "Sub Função": "785 - TRANSPORTES ESPECIAIS", "Programa": "3009 - MELHORIA DA MOBILIDADE URBANA UNIVERSAL", "Atividade": "1097 - CONSTRUÇÃO DE CICLOVIAS, CICLOFAIXAS E CICLORROTAS", "Sub Elemento Despesa": "Obras em Andamento - Uso Comum do Povo", "Item Despesa": "Pavimentação de Ruas e Avenidas", "Observação Empenho": "Execução das obras e serviços contratados no âmbito do Lote 01 - CTR PPP 01/19 conforme Termo de Cooperação COHAB-SP 01.01/20", "Contrato": "16630/2020", "Credor Nome": "HABITA SAO PAULO S.A.", "Valor Empenho": 0.0, "Valor Empenho Cancelado": 0.0, "Valor Empenho Líquido": 0.0, "Valor Empenho Liquidado": 0.0, "Valor Empenho Pago": 0.0, "Equipamento 1": "Ciclovias", "Equipamento 2": "Ciclovia Carioca-Visconde Camamu", "Endereço": "R. Visc. de Camamu - Vila Heliopolis, São Paulo - SP", "Região": "Sul", "Extensão (m)": "0", "Trecho (Recap)": "Trecho entre Avenida Alm. Delamare e Av Presidente Wilson", "lon": -46.592448300444723, "lat": -23.60403911961258 }, "geometry": { "type": "Point", "coordinates": [ -46.592448300444723, -23.60403911961258 ] } },
{ "type": "Feature", "properties": { "Ano": 2021.0, "Nota Empenho": "32459/2021", "Nota Reserva": "14302/2021", "Ata CMDP": "2021-07-01 00:00:00", "Processo SEI": 7610202000017749.0, "Unidade": "COHAB", "Função": "26 - TRANSPORTE", "Sub Função": "785 - TRANSPORTES ESPECIAIS", "Programa": "3009 - MELHORIA DA MOBILIDADE URBANA UNIVERSAL", "Atividade": "1097 - CONSTRUÇÃO DE CICLOVIAS, CICLOFAIXAS E CICLORROTAS", "Sub Elemento Despesa": "Obras em Andamento - Uso Comum do Povo", "Item Despesa": "Pavimentação de Ruas e Avenidas", "Observação Empenho": "Execução das obras e serviços contratados no âmbito do Lote 01 - CTR PPP 01/19 conforme Termo de Cooperação COHAB-SP 01.01/20", "Contrato": "16630/2020", "Credor Nome": "HABITA SAO PAULO S.A.", "Valor Empenho": 0.0, "Valor Empenho Cancelado": 0.0, "Valor Empenho Líquido": 0.0, "Valor Empenho Liquidado": 0.0, "Valor Empenho Pago": 0.0, "Equipamento 1": "Ciclovias", "Equipamento 2": "Ciclovia Dom Lucas Obes", "Endereço": "Rua Dom Lucas Obes - Ipiranga, São Paulo - SP", "Região": "Sul", "Extensão (m)": "0", "Trecho (Recap)": "Trecho entre Rua Silva Bueno e Av Presidente Wilson", "lon": -46.599754139348022, "lat": -23.5889573879045 }, "geometry": { "type": "Point", "coordinates": [ -46.599754139348022, -23.5889573879045 ] } },
{ "type": "Feature", "properties": { "Ano": 2021.0, "Nota Empenho": "32459/2021", "Nota Reserva": "14302/2021", "Ata CMDP": "2021-07-01 00:00:00", "Processo SEI": 7610202000017749.0, "Unidade": "COHAB", "Função": "26 - TRANSPORTE", "Sub Função": "785 - TRANSPORTES ESPECIAIS", "Programa": "3009 - MELHORIA DA MOBILIDADE URBANA UNIVERSAL", "Atividade": "1097 - CONSTRUÇÃO DE CICLOVIAS, CICLOFAIXAS E CICLORROTAS", "Sub Elemento Despesa": "Obras em Andamento - Uso Comum do Povo", "Item Despesa": "Pavimentação de Ruas e Avenidas", "Observação Empenho": "Execução das obras e serviços contratados no âmbito do Lote 01 - CTR PPP 01/19 conforme Termo de Cooperação COHAB-SP 01.01/20", "Contrato": "16630/2020", "Credor Nome": "HABITA SAO PAULO S.A.", "Valor Empenho": 0.0, "Valor Empenho Cancelado": 0.0, "Valor Empenho Líquido": 0.0, "Valor Empenho Liquidado": 0.0, "Valor Empenho Pago": 0.0, "Equipamento 1": "Ciclovias", "Equipamento 2": "Ciclovia Juntas Provisorias", "Endereço": "R. das Juntas Provisórias - Ipiranga, São Paulo - SP", "Região": "Sul", "Extensão (m)": "0", "Trecho (Recap)": "Trecho entre Rua Dr. Audisio de Alencar e Rua Dom Lucas Obes", "lon": -46.597580259385694, "lat": -23.59601972679544 }, "geometry": { "type": "Point", "coordinates": [ -46.597580259385694, -23.59601972679544 ] } },
{ "type": "Feature", "properties": { "Ano": 2021.0, "Nota Empenho": "32459/2021", "Nota Reserva": "14302/2021", "Ata CMDP": "2021-07-01 00:00:00", "Processo SEI": 7610202000017749.0, "Unidade": "COHAB", "Função": "26 - TRANSPORTE", "Sub Função": "785 - TRANSPORTES ESPECIAIS", "Programa": "3009 - MELHORIA DA MOBILIDADE URBANA UNIVERSAL", "Atividade": "1097 - CONSTRUÇÃO DE CICLOVIAS, CICLOFAIXAS E CICLORROTAS", "Sub Elemento Despesa": "Obras em Andamento - Uso Comum do Povo", "Item Despesa": "Pavimentação de Ruas e Avenidas", "Observação Empenho": "Execução das obras e serviços contratados no âmbito do Lote 01 - CTR PPP 01/19 conforme Termo de Cooperação COHAB-SP 01.01/20", "Contrato": "16630/2020", "Credor Nome": "HABITA SAO PAULO S.A.", "Valor Empenho": 0.0, "Valor Empenho Cancelado": 0.0, "Valor Empenho Líquido": 0.0, "Valor Empenho Liquidado": 0.0, "Valor Empenho Pago": 0.0, "Equipamento 1": "Ciclovias", "Equipamento 2": "Ciclovia Grande São Paulo", "Endereço": "Viaduto Grande São Paulo - Ipiranga, São Paulo - SP", "Região": "Sul", "Extensão (m)": "0", "Trecho (Recap)": "Trecho entre Rua das Juntas Provisorias e Rua Patriarca", "lon": -46.588356038301058, "lat": -23.589835525673116 }, "geometry": { "type": "Point", "coordinates": [ -46.588356038301058, -23.589835525673116 ] } },
{ "type": "Feature", "properties": { "Ano": 2021.0, "Nota Empenho": "32463/2021", "Nota Reserva": "14302/2021", "Ata CMDP": "2021-07-01 00:00:00", "Processo SEI": 7610202000017757.0, "Unidade": "COHAB", "Função": "26 - TRANSPORTE", "Sub Função": "785 - TRANSPORTES ESPECIAIS", "Programa": "3009 - MELHORIA DA MOBILIDADE URBANA UNIVERSAL", "Atividade": "1097 - CONSTRUÇÃO DE CICLOVIAS, CICLOFAIXAS E CICLORROTAS", "Sub Elemento Despesa": "Obras em Andamento - Uso Comum do Povo", "Item Despesa": "Pavimentação de Ruas e Avenidas", "Observação Empenho": "Pagamento das medições de janeiro e fevereiro/2021 referente a execução das obras e serviços contratados no âmbito do Lote 12 - CTR PPP 06/19 conforme Termo de Cooperação COHAB-SP 06.01/20 e aditamento 06.02/20", "Contrato": "16633/2020", "Credor Nome": "HABITA SAO PAULO S.A.", "Valor Empenho": 1499521.89, "Valor Empenho Cancelado": 0.0, "Valor Empenho Líquido": 1499521.89, "Valor Empenho Liquidado": 1499521.89, "Valor Empenho Pago": 1499521.89, "Equipamento 1": "Ciclovias", "Equipamento 2": "Ciclovia Inajar de Souza", "Endereço": "Av. Inajar de Souza - Parque Tiete, São Paulo - SP", "Região": "Norte", "Extensão (m)": "0", "Trecho (Recap)": "Trecho Avenda General Penha Brasil", "lon": -46.674631399124472, "lat": -23.458718558679607 }, "geometry": { "type": "Point", "coordinates": [ -46.674631399124472, -23.458718558679607 ] } },
{ "type": "Feature", "properties": { "Ano": 2021.0, "Nota Empenho": "32463/2021", "Nota Reserva": "14302/2021", "Ata CMDP": "2021-07-01 00:00:00", "Processo SEI": 7610202000017757.0, "Unidade": "COHAB", "Função": "26 - TRANSPORTE", "Sub Função": "785 - TRANSPORTES ESPECIAIS", "Programa": "3009 - MELHORIA DA MOBILIDADE URBANA UNIVERSAL", "Atividade": "1097 - CONSTRUÇÃO DE CICLOVIAS, CICLOFAIXAS E CICLORROTAS", "Sub Elemento Despesa": "Obras em Andamento - Uso Comum do Povo", "Item Despesa": "Pavimentação de Ruas e Avenidas", "Observação Empenho": "Pagamento das medições de janeiro e fevereiro/2021 referente a execução das obras e serviços contratados no âmbito do Lote 12 - CTR PPP 06/19 conforme Termo de Cooperação COHAB-SP 06.01/20 e aditamento 06.02/20", "Contrato": "16633/2020", "Credor Nome": "HABITA SAO PAULO S.A.", "Valor Empenho": 0.0, "Valor Empenho Cancelado": 0.0, "Valor Empenho Líquido": 0.0, "Valor Empenho Liquidado": 0.0, "Valor Empenho Pago": 0.0, "Equipamento 1": "Ciclovias", "Equipamento 2": "Ciclovia João Paulo I - Miguel Conjeo", "Endereço": "Av. Miguel Conejo, Vila Albertina, São Paulo - SP", "Região": "Norte", "Extensão (m)": "0", "Trecho (Recap)": "Trecho entre Avenida N. Sra. do Ó e Avenida Padre Orlando Garcia da Silveira", "lon": -46.691926582273702, "lat": -23.494122315292369 }, "geometry": { "type": "Point", "coordinates": [ -46.691926582273702, -23.494122315292369 ] } },
{ "type": "Feature", "properties": { "Ano": 2021.0, "Nota Empenho": "32463/2021", "Nota Reserva": "14302/2021", "Ata CMDP": "2021-07-01 00:00:00", "Processo SEI": 7610202000017757.0, "Unidade": "COHAB", "Função": "26 - TRANSPORTE", "Sub Função": "785 - TRANSPORTES ESPECIAIS", "Programa": "3009 - MELHORIA DA MOBILIDADE URBANA UNIVERSAL", "Atividade": "1097 - CONSTRUÇÃO DE CICLOVIAS, CICLOFAIXAS E CICLORROTAS", "Sub Elemento Despesa": "Obras em Andamento - Uso Comum do Povo", "Item Despesa": "Pavimentação de Ruas e Avenidas", "Observação Empenho": "Pagamento das medições de janeiro e fevereiro/2021 referente a execução das obras e serviços contratados no âmbito do Lote 12 - CTR PPP 06/19 conforme Termo de Cooperação COHAB-SP 06.01/20 e aditamento 06.02/20", "Contrato": "16633/2020", "Credor Nome": "HABITA SAO PAULO S.A.", "Valor Empenho": 0.0, "Valor Empenho Cancelado": 0.0, "Valor Empenho Líquido": 0.0, "Valor Empenho Liquidado": 0.0, "Valor Empenho Pago": 0.0, "Equipamento 1": "Ciclovias", "Equipamento 2": "Ciclovia Jose da Natividade", "Endereço": "Av. José da Natividade Saldanha - Vila Penteado, São Paulo - SP", "Região": "Norte", "Extensão (m)": "0", "Trecho (Recap)": "Trecho entre Avenida João Paulo I e Avenida Jose da Natividade Saldanha", "lon": -46.685052400738712, "lat": -23.471807785035342 }, "geometry": { "type": "Point", "coordinates": [ -46.685052400738712, -23.471807785035342 ] } },
{ "type": "Feature", "properties": { "Ano": 2021.0, "Nota Empenho": "35123/2021", "Nota Reserva": "25900/2021", "Ata CMDP": "2021-07-01 00:00:00", "Processo SEI": 6012201900079463.0, "Unidade": "SMSUB", "Função": "15 - URBANISMO", "Sub Função": "452 - SERVIÇOS URBANOS", "Programa": "3022 - REQUALIFICAÇÃO E PROMOÇÃO DA OCUPAÇÃO DOS ESPAÇOS PÚBLICOS", "Atividade": "1137 - PAVIMENTAÇÃO E RECAPEAMENTO DE VIAS", "Sub Elemento Despesa": "Manutenção e Conservação de Bens Imóveis", "Item Despesa": "Manutenção e Reformas de Bens Imóveis", "Observação Empenho": "Ata de Registros de Preços nº 16/SMPR/COGEL/2017 - AGRUPAMENTO IV, objetivando os serviços de conservação e manutenção da malha viária", "Contrato": "26807/2019", "Credor Nome": "JOFEGE PAVIMENTACAO E CONSTRUCAO LTDA", "Valor Empenho": 0.0, "Valor Empenho Cancelado": 0.0, "Valor Empenho Líquido": 0.0, "Valor Empenho Liquidado": 0.0, "Valor Empenho Pago": 0.0, "Equipamento 1": "Vias", "Equipamento 2": "Vias", "Endereço": "Av. Águia de Haia - Cidade Antônio Estêvão de Carvalho, São Paulo - SP", "Região": "Leste", "Extensão (m)": "0", "Trecho (Recap)": "Trecho entre Rua Cuim e Rua Boipeva", "lon": -46.47350619574685, "lat": -23.532970068996256 }, "geometry": { "type": "Point", "coordinates": [ -46.47350619574685, -23.532970068996256 ] } },
{ "type": "Feature", "properties": { "Ano": 2021.0, "Nota Empenho": "35123/2021", "Nota Reserva": "25900/2021", "Ata CMDP": "2021-07-01 00:00:00", "Processo SEI": 6012201900079463.0, "Unidade": "SMSUB", "Função": "15 - URBANISMO", "Sub Função": "452 - SERVIÇOS URBANOS", "Programa": "3022 - REQUALIFICAÇÃO E PROMOÇÃO DA OCUPAÇÃO DOS ESPAÇOS PÚBLICOS", "Atividade": "1137 - PAVIMENTAÇÃO E RECAPEAMENTO DE VIAS", "Sub Elemento Despesa": "Manutenção e Conservação de Bens Imóveis", "Item Despesa": "Manutenção e Reformas de Bens Imóveis", "Observação Empenho": "Ata de Registros de Preços nº 16/SMPR/COGEL/2017 - AGRUPAMENTO IV, objetivando os serviços de conservação e manutenção da malha viária", "Contrato": "26807/2019", "Credor Nome": "JOFEGE PAVIMENTACAO E CONSTRUCAO LTDA", "Valor Empenho": 0.0, "Valor Empenho Cancelado": 0.0, "Valor Empenho Líquido": 0.0, "Valor Empenho Liquidado": 0.0, "Valor Empenho Pago": 0.0, "Equipamento 1": "Vias", "Equipamento 2": "Vias", "Endereço": "Av. Calim Eid - Vila Ré, São Paulo - SP", "Região": "Leste", "Extensão (m)": "0", "Trecho (Recap)": "Trecho entre Amador Bueno da Veiga e Viaduto Milton Leão", "lon": -46.494812621522946, "lat": -23.522528979982351 }, "geometry": { "type": "Point", "coordinates": [ -46.494812621522946, -23.522528979982351 ] } },
{ "type": "Feature", "properties": { "Ano": 2021.0, "Nota Empenho": "35146/2021", "Nota Reserva": "25900/2021", "Ata CMDP": "2021-07-01 00:00:00", "Processo SEI": 6012201900079579.0, "Unidade": "SMSUB", "Função": "15 - URBANISMO", "Sub Função": "452 - SERVIÇOS URBANOS", "Programa": "3022 - REQUALIFICAÇÃO E PROMOÇÃO DA OCUPAÇÃO DOS ESPAÇOS PÚBLICOS", "Atividade": "1137 - PAVIMENTAÇÃO E RECAPEAMENTO DE VIAS", "Sub Elemento Despesa": "Manutenção e Conservação de Bens Imóveis", "Item Despesa": "Manutenção e Reformas de Bens Imóveis", "Observação Empenho": "Ata de RP 12/SMPR/COGEL/2017 - AGRUPAMENTO IX, objetivando os serviços de conservação e manutenção da malha viária.", "Contrato": "26814/2019", "Credor Nome": "JOFEGE PAVIMENTACAO E CONSTRUCAO LTDA", "Valor Empenho": 0.0, "Valor Empenho Cancelado": 0.0, "Valor Empenho Líquido": 0.0, "Valor Empenho Liquidado": 0.0, "Valor Empenho Pago": 0.0, "Equipamento 1": "Vias", "Equipamento 2": "Vias", "Endereço": "Av. Jacu-Pêssego - Itaquera, São Paulo - SP", "Região": "Leste", "Extensão (m)": "0", "Trecho (Recap)": "Trecho entre Avenida João Batista Conti e Rua São Teodoro", "lon": -46.446047052255913, "lat": -23.554731126247376 }, "geometry": { "type": "Point", "coordinates": [ -46.446047052255913, -23.554731126247376 ] } },
{ "type": "Feature", "properties": { "Ano": 2021.0, "Nota Empenho": "35248/2021", "Nota Reserva": "25900/2021", "Ata CMDP": "2021-07-01 00:00:00", "Processo SEI": 6012201900079889.0, "Unidade": "SMSUB", "Função": "15 - URBANISMO", "Sub Função": "452 - SERVIÇOS URBANOS", "Programa": "3022 - REQUALIFICAÇÃO E PROMOÇÃO DA OCUPAÇÃO DOS ESPAÇOS PÚBLICOS", "Atividade": "1137 - PAVIMENTAÇÃO E RECAPEAMENTO DE VIAS", "Sub Elemento Despesa": "Manutenção e Conservação de Bens Imóveis", "Item Despesa": "Manutenção e Reformas de Bens Imóveis", "Observação Empenho": "Ata de Registros de Preços nº 14/SMPR/COGEL/2017 - AGRUPAMENTO II, objetivando os serviços de conservação e manutenção da malha viária.", "Contrato": "26925/2019", "Credor Nome": "FREMIX PAVIMENTAÇÃO E CONTRUÇÕES LTDA.", "Valor Empenho": 0.0, "Valor Empenho Cancelado": 0.0, "Valor Empenho Líquido": 0.0, "Valor Empenho Liquidado": 0.0, "Valor Empenho Pago": 0.0, "Equipamento 1": "Vias", "Equipamento 2": "Vias", "Endereço": "R. Ataliba Vieira - Vila Medeiros, São Paulo - SP", "Região": "Norte", "Extensão (m)": "0", "Trecho (Recap)": "Trecho entre Avenida Conceição e Avenida India Piquerobi", "lon": -46.585002119520354, "lat": -23.488858506951249 }, "geometry": { "type": "Point", "coordinates": [ -46.585002119520354, -23.488858506951249 ] } },
{ "type": "Feature", "properties": { "Ano": 2021.0, "Nota Empenho": "35248/2021", "Nota Reserva": "25900/2021", "Ata CMDP": "2021-07-01 00:00:00", "Processo SEI": 6012201900079889.0, "Unidade": "SMSUB", "Função": "15 - URBANISMO", "Sub Função": "452 - SERVIÇOS URBANOS", "Programa": "3022 - REQUALIFICAÇÃO E PROMOÇÃO DA OCUPAÇÃO DOS ESPAÇOS PÚBLICOS", "Atividade": "1137 - PAVIMENTAÇÃO E RECAPEAMENTO DE VIAS", "Sub Elemento Despesa": "Manutenção e Conservação de Bens Imóveis", "Item Despesa": "Manutenção e Reformas de Bens Imóveis", "Observação Empenho": "Ata de Registros de Preços nº 14/SMPR/COGEL/2017 - AGRUPAMENTO II, objetivando os serviços de conservação e manutenção da malha viária.", "Contrato": "26925/2019", "Credor Nome": "FREMIX PAVIMENTAÇÃO E CONTRUÇÕES LTDA.", "Valor Empenho": 0.0, "Valor Empenho Cancelado": 0.0, "Valor Empenho Líquido": 0.0, "Valor Empenho Liquidado": 0.0, "Valor Empenho Pago": 0.0, "Equipamento 1": "Vias", "Equipamento 2": "Vias", "Endereço": "Av. Conceição - Jardim Japao, São Paulo - SP", "Região": "Norte", "Extensão (m)": "0", "Trecho (Recap)": "Trecho entre Rua Maria Candida e Rua Itamonte", "lon": -46.590469103652403, "lat": -23.499312522694957 }, "geometry": { "type": "Point", "coordinates": [ -46.590469103652403, -23.499312522694957 ] } },
{ "type": "Feature", "properties": { "Ano": 2021.0, "Nota Empenho": "35248/2021", "Nota Reserva": "25900/2021", "Ata CMDP": "2021-07-01 00:00:00", "Processo SEI": 6012201900079889.0, "Unidade": "SMSUB", "Função": "15 - URBANISMO", "Sub Função": "452 - SERVIÇOS URBANOS", "Programa": "3022 - REQUALIFICAÇÃO E PROMOÇÃO DA OCUPAÇÃO DOS ESPAÇOS PÚBLICOS", "Atividade": "1137 - PAVIMENTAÇÃO E RECAPEAMENTO DE VIAS", "Sub Elemento Despesa": "Manutenção e Conservação de Bens Imóveis", "Item Despesa": "Manutenção e Reformas de Bens Imóveis", "Observação Empenho": "Ata de Registros de Preços nº 14/SMPR/COGEL/2017 - AGRUPAMENTO II, objetivando os serviços de conservação e manutenção da malha viária.", "Contrato": "26925/2019", "Credor Nome": "FREMIX PAVIMENTAÇÃO E CONTRUÇÕES LTDA.", "Valor Empenho": 0.0, "Valor Empenho Cancelado": 0.0, "Valor Empenho Líquido": 0.0, "Valor Empenho Liquidado": 0.0, "Valor Empenho Pago": 0.0, "Equipamento 1": "Vias", "Equipamento 2": "Vias", "Endereço": "R. Cel. Marcílio Franco - Vila Isolina Mazzei, São Paulo - SP", "Região": "Norte", "Extensão (m)": "0", "Trecho (Recap)": "Trecho entre Avenida Julio Buono e Avenida General Ataliba Leonel", "lon": -46.605238956383843, "lat": -23.498926235823632 }, "geometry": { "type": "Point", "coordinates": [ -46.605238956383843, -23.498926235823632 ] } },
{ "type": "Feature", "properties": { "Ano": 2021.0, "Nota Empenho": "35248/2021", "Nota Reserva": "25900/2021", "Ata CMDP": "2021-07-01 00:00:00", "Processo SEI": 6012201900079889.0, "Unidade": "SMSUB", "Função": "15 - URBANISMO", "Sub Função": "452 - SERVIÇOS URBANOS", "Programa": "3022 - REQUALIFICAÇÃO E PROMOÇÃO DA OCUPAÇÃO DOS ESPAÇOS PÚBLICOS", "Atividade": "1137 - PAVIMENTAÇÃO E RECAPEAMENTO DE VIAS", "Sub Elemento Despesa": "Manutenção e Conservação de Bens Imóveis", "Item Despesa": "Manutenção e Reformas de Bens Imóveis", "Observação Empenho": "Ata de Registros de Preços nº 14/SMPR/COGEL/2017 - AGRUPAMENTO II, objetivando os serviços de conservação e manutenção da malha viária.", "Contrato": "26925/2019", "Credor Nome": "FREMIX PAVIMENTAÇÃO E CONTRUÇÕES LTDA.", "Valor Empenho": 0.0, "Valor Empenho Cancelado": 0.0, "Valor Empenho Líquido": 0.0, "Valor Empenho Liquidado": 0.0, "Valor Empenho Pago": 0.0, "Equipamento 1": "Vias", "Equipamento 2": "Vias", "Endereço": "Av. Gustavo Adolfo - Vila Gustavo, São Paulo - SP", "Região": "Norte", "Extensão (m)": "0", "Trecho (Recap)": "Trecho entre Avenida Dr Abilio Sampaio e Praça Angelo Conti", "lon": -46.582161175441335, "lat": -23.486020498354897 }, "geometry": { "type": "Point", "coordinates": [ -46.582161175441335, -23.486020498354897 ] } },
{ "type": "Feature", "properties": { "Ano": 2021.0, "Nota Empenho": "35248/2021", "Nota Reserva": "25900/2021", "Ata CMDP": "2021-07-01 00:00:00", "Processo SEI": 6012201900079889.0, "Unidade": "SMSUB", "Função": "15 - URBANISMO", "Sub Função": "452 - SERVIÇOS URBANOS", "Programa": "3022 - REQUALIFICAÇÃO E PROMOÇÃO DA OCUPAÇÃO DOS ESPAÇOS PÚBLICOS", "Atividade": "1137 - PAVIMENTAÇÃO E RECAPEAMENTO DE VIAS", "Sub Elemento Despesa": "Manutenção e Conservação de Bens Imóveis", "Item Despesa": "Manutenção e Reformas de Bens Imóveis", "Observação Empenho": "Ata de Registros de Preços nº 14/SMPR/COGEL/2017 - AGRUPAMENTO II, objetivando os serviços de conservação e manutenção da malha viária.", "Contrato": "26925/2019", "Credor Nome": "FREMIX PAVIMENTAÇÃO E CONTRUÇÕES LTDA.", "Valor Empenho": 0.0, "Valor Empenho Cancelado": 0.0, "Valor Empenho Líquido": 0.0, "Valor Empenho Liquidado": 0.0, "Valor Empenho Pago": 0.0, "Equipamento 1": "Vias", "Equipamento 2": "Vias", "Endereço": "Av. General Pedro Leon Schneider - Santana, São Paulo - SP", "Região": "Norte", "Extensão (m)": "0", "Trecho (Recap)": "Trecho entre Avenida Santos Dumont e Rua Voluntarios da Patria", "lon": -46.62704788992928, "lat": -23.508788590250106 }, "geometry": { "type": "Point", "coordinates": [ -46.62704788992928, -23.508788590250106 ] } },
{ "type": "Feature", "properties": { "Ano": 2021.0, "Nota Empenho": "35248/2021", "Nota Reserva": "25900/2021", "Ata CMDP": "2021-07-01 00:00:00", "Processo SEI": 6012201900079889.0, "Unidade": "SMSUB", "Função": "15 - URBANISMO", "Sub Função": "452 - SERVIÇOS URBANOS", "Programa": "3022 - REQUALIFICAÇÃO E PROMOÇÃO DA OCUPAÇÃO DOS ESPAÇOS PÚBLICOS", "Atividade": "1137 - PAVIMENTAÇÃO E RECAPEAMENTO DE VIAS", "Sub Elemento Despesa": "Manutenção e Conservação de Bens Imóveis", "Item Despesa": "Manutenção e Reformas de Bens Imóveis", "Observação Empenho": "Ata de Registros de Preços nº 14/SMPR/COGEL/2017 - AGRUPAMENTO II, objetivando os serviços de conservação e manutenção da malha viária.", "Contrato": "26925/2019", "Credor Nome": "FREMIX PAVIMENTAÇÃO E CONTRUÇÕES LTDA.", "Valor Empenho": 0.0, "Valor Empenho Cancelado": 0.0, "Valor Empenho Líquido": 0.0, "Valor Empenho Liquidado": 0.0, "Valor Empenho Pago": 0.0, "Equipamento 1": "Vias", "Equipamento 2": "Vias", "Endereço": "Av. Marginal Tietê Central, São Paulo - SP", "Região": "Norte", "Extensão (m)": "0", "Trecho (Recap)": "Trecho entre Avenida Moyses Roysen e Ponte Cruzeiro do Sul", "lon": -46.620994929766354, "lat": -23.518503975707333 }, "geometry": { "type": "Point", "coordinates": [ -46.620994929766354, -23.518503975707333 ] } },
{ "type": "Feature", "properties": { "Ano": 2021.0, "Nota Empenho": "35248/2021", "Nota Reserva": "25900/2021", "Ata CMDP": "2021-07-01 00:00:00", "Processo SEI": 6012201900079889.0, "Unidade": "SMSUB", "Função": "15 - URBANISMO", "Sub Função": "452 - SERVIÇOS URBANOS", "Programa": "3022 - REQUALIFICAÇÃO E PROMOÇÃO DA OCUPAÇÃO DOS ESPAÇOS PÚBLICOS", "Atividade": "1137 - PAVIMENTAÇÃO E RECAPEAMENTO DE VIAS", "Sub Elemento Despesa": "Manutenção e Conservação de Bens Imóveis", "Item Despesa": "Manutenção e Reformas de Bens Imóveis", "Observação Empenho": "Ata de Registros de Preços nº 14/SMPR/COGEL/2017 - AGRUPAMENTO II, objetivando os serviços de conservação e manutenção da malha viária.", "Contrato": "26925/2019", "Credor Nome": "FREMIX PAVIMENTAÇÃO E CONTRUÇÕES LTDA.", "Valor Empenho": 0.0, "Valor Empenho Cancelado": 0.0, "Valor Empenho Líquido": 0.0, "Valor Empenho Liquidado": 0.0, "Valor Empenho Pago": 0.0, "Equipamento 1": "Vias", "Equipamento 2": "Vias", "Endereço": "Pte. Presidente Jânio Quadros - Vila Maria, São Paulo - SP", "Região": "Norte", "Extensão (m)": "0", "Trecho (Recap)": "Trecho entre Alça de acesso Ponte Janio Quadros e Marginal Tiete", "lon": -46.597618212809053, "lat": -23.528509220700798 }, "geometry": { "type": "Point", "coordinates": [ -46.597618212809053, -23.528509220700798 ] } },
{ "type": "Feature", "properties": { "Ano": 2021.0, "Nota Empenho": "35248/2021", "Nota Reserva": "25900/2021", "Ata CMDP": "2021-07-01 00:00:00", "Processo SEI": 6012201900079889.0, "Unidade": "SMSUB", "Função": "15 - URBANISMO", "Sub Função": "452 - SERVIÇOS URBANOS", "Programa": "3022 - REQUALIFICAÇÃO E PROMOÇÃO DA OCUPAÇÃO DOS ESPAÇOS PÚBLICOS", "Atividade": "1137 - PAVIMENTAÇÃO E RECAPEAMENTO DE VIAS", "Sub Elemento Despesa": "Manutenção e Conservação de Bens Imóveis", "Item Despesa": "Manutenção e Reformas de Bens Imóveis", "Observação Empenho": "Ata de Registros de Preços nº 14/SMPR/COGEL/2017 - AGRUPAMENTO II, objetivando os serviços de conservação e manutenção da malha viária.", "Contrato": "26925/2019", "Credor Nome": "FREMIX PAVIMENTAÇÃO E CONTRUÇÕES LTDA.", "Valor Empenho": 0.0, "Valor Empenho Cancelado": 0.0, "Valor Empenho Líquido": 0.0, "Valor Empenho Liquidado": 0.0, "Valor Empenho Pago": 0.0, "Equipamento 1": "Vias", "Equipamento 2": "Vias", "Endereço": "Pte. Presidente Jânio Quadros - Vila Maria, São Paulo - SP", "Região": "Norte", "Extensão (m)": "0", "Trecho (Recap)": "Trecho entre Alça de acesso Ponte Janio Quadros e Marginal Tiete", "lon": -46.59606253169116, "lat": -23.526522160568128 }, "geometry": { "type": "Point", "coordinates": [ -46.59606253169116, -23.526522160568128 ] } },
{ "type": "Feature", "properties": { "Ano": 2021.0, "Nota Empenho": "35248/2021", "Nota Reserva": "25900/2021", "Ata CMDP": "2021-07-01 00:00:00", "Processo SEI": 6012201900079889.0, "Unidade": "SMSUB", "Função": "15 - URBANISMO", "Sub Função": "452 - SERVIÇOS URBANOS", "Programa": "3022 - REQUALIFICAÇÃO E PROMOÇÃO DA OCUPAÇÃO DOS ESPAÇOS PÚBLICOS", "Atividade": "1137 - PAVIMENTAÇÃO E RECAPEAMENTO DE VIAS", "Sub Elemento Despesa": "Manutenção e Conservação de Bens Imóveis", "Item Despesa": "Manutenção e Reformas de Bens Imóveis", "Observação Empenho": "Ata de Registros de Preços nº 14/SMPR/COGEL/2017 - AGRUPAMENTO II, objetivando os serviços de conservação e manutenção da malha viária.", "Contrato": "26925/2019", "Credor Nome": "FREMIX PAVIMENTAÇÃO E CONTRUÇÕES LTDA.", "Valor Empenho": 0.0, "Valor Empenho Cancelado": 0.0, "Valor Empenho Líquido": 0.0, "Valor Empenho Liquidado": 0.0, "Valor Empenho Pago": 0.0, "Equipamento 1": "Vias", "Equipamento 2": "Vias", "Endereço": "Av. Morvan Dias de Figueiredo - Parque Novo Mundo, São Paulo - SP", "Região": "Norte", "Extensão (m)": "0", "Trecho (Recap)": "Trecho entre Avenida Nadir Dias Figueiredo e Marginal Tiete", "lon": -46.593189236152405, "lat": -23.527499704952781 }, "geometry": { "type": "Point", "coordinates": [ -46.593189236152405, -23.527499704952781 ] } },
{ "type": "Feature", "properties": { "Ano": 2021.0, "Nota Empenho": "35248/2021", "Nota Reserva": "25900/2021", "Ata CMDP": "2021-07-01 00:00:00", "Processo SEI": 6012201900079889.0, "Unidade": "SMSUB", "Função": "15 - URBANISMO", "Sub Função": "452 - SERVIÇOS URBANOS", "Programa": "3022 - REQUALIFICAÇÃO E PROMOÇÃO DA OCUPAÇÃO DOS ESPAÇOS PÚBLICOS", "Atividade": "1137 - PAVIMENTAÇÃO E RECAPEAMENTO DE VIAS", "Sub Elemento Despesa": "Manutenção e Conservação de Bens Imóveis", "Item Despesa": "Manutenção e Reformas de Bens Imóveis", "Observação Empenho": "Ata de Registros de Preços nº 14/SMPR/COGEL/2017 - AGRUPAMENTO II, objetivando os serviços de conservação e manutenção da malha viária.", "Contrato": "26925/2019", "Credor Nome": "FREMIX PAVIMENTAÇÃO E CONTRUÇÕES LTDA.", "Valor Empenho": 0.0, "Valor Empenho Cancelado": 0.0, "Valor Empenho Líquido": 0.0, "Valor Empenho Liquidado": 0.0, "Valor Empenho Pago": 0.0, "Equipamento 1": "Vias", "Equipamento 2": "Vias", "Endereço": "R. Izidoro Matheus - Vila Maria Baixa, São Paulo - SP", "Região": "Norte", "Extensão (m)": "0", "Trecho (Recap)": "Trecho entre Avenida Nadir Dias Figueiredo e Avenida Guilherme Cotching", "lon": -46.594860697586277, "lat": -23.52597812921476 }, "geometry": { "type": "Point", "coordinates": [ -46.594860697586277, -23.52597812921476 ] } },
{ "type": "Feature", "properties": { "Ano": 2021.0, "Nota Empenho": "36257/2021", "Nota Reserva": "25900/2021", "Ata CMDP": "2021-07-01 00:00:00", "Processo SEI": 6012201900079463.0, "Unidade": "SMSUB", "Função": "15 - URBANISMO", "Sub Função": "452 - SERVIÇOS URBANOS", "Programa": "3022 - REQUALIFICAÇÃO E PROMOÇÃO DA OCUPAÇÃO DOS ESPAÇOS PÚBLICOS", "Atividade": "1137 - PAVIMENTAÇÃO E RECAPEAMENTO DE VIAS", "Sub Elemento Despesa": "Manutenção e Conservação de Bens Imóveis", "Item Despesa": "Manutenção e Reformas de Bens Imóveis", "Observação Empenho": "Ata de Registros de Preços nº 16/SMPR/COGEL/2017 - AGRUPAMENTO IV, Reajuste - objetivando os serviços de conservação e manutenção da malha viária", "Contrato": null, "Credor Nome": "JOFEGE PAVIMENTACAO E CONSTRUCAO LTDA", "Valor Empenho": 0.0, "Valor Empenho Cancelado": 0.0, "Valor Empenho Líquido": 0.0, "Valor Empenho Liquidado": 0.0, "Valor Empenho Pago": 0.0, "Equipamento 1": "Vias", "Equipamento 2": "Vias", "Endereço": "Av. Águia de Haia - Cidade Antônio Estêvão de Carvalho, São Paulo - SP", "Região": "Leste", "Extensão (m)": "0", "Trecho (Recap)": "Trecho entre Rua Cuim e Rua Boipeva", "lon": -46.47350619574685, "lat": -23.532970068996256 }, "geometry": { "type": "Point", "coordinates": [ -46.47350619574685, -23.532970068996256 ] } },
{ "type": "Feature", "properties": { "Ano": 2021.0, "Nota Empenho": "36257/2021", "Nota Reserva": "25900/2021", "Ata CMDP": "2021-07-01 00:00:00", "Processo SEI": 6012201900079463.0, "Unidade": "SMSUB", "Função": "15 - URBANISMO", "Sub Função": "452 - SERVIÇOS URBANOS", "Programa": "3022 - REQUALIFICAÇÃO E PROMOÇÃO DA OCUPAÇÃO DOS ESPAÇOS PÚBLICOS", "Atividade": "1137 - PAVIMENTAÇÃO E RECAPEAMENTO DE VIAS", "Sub Elemento Despesa": "Manutenção e Conservação de Bens Imóveis", "Item Despesa": "Manutenção e Reformas de Bens Imóveis", "Observação Empenho": "Ata de Registros de Preços nº 16/SMPR/COGEL/2017 - AGRUPAMENTO IV, Reajuste - objetivando os serviços de conservação e manutenção da malha viária", "Contrato": null, "Credor Nome": "JOFEGE PAVIMENTACAO E CONSTRUCAO LTDA", "Valor Empenho": 0.0, "Valor Empenho Cancelado": 0.0, "Valor Empenho Líquido": 0.0, "Valor Empenho Liquidado": 0.0, "Valor Empenho Pago": 0.0, "Equipamento 1": "Vias", "Equipamento 2": "Vias", "Endereço": "Av. Calim Eid - Vila Ré, São Paulo - SP", "Região": "Leste", "Extensão (m)": "0", "Trecho (Recap)": "Trecho entre Amador Bueno da Veiga e Viaduto Milton Leão", "lon": -46.494812621522946, "lat": -23.522528979982351 }, "geometry": { "type": "Point", "coordinates": [ -46.494812621522946, -23.522528979982351 ] } },
{ "type": "Feature", "properties": { "Ano": 2021.0, "Nota Empenho": "41657/2021", "Nota Reserva": "25900/2021", "Ata CMDP": "2021-07-01 00:00:00", "Processo SEI": 6012201900079463.0, "Unidade": "SMSUB", "Função": "15 - URBANISMO", "Sub Função": "452 - SERVIÇOS URBANOS", "Programa": "3022 - REQUALIFICAÇÃO E PROMOÇÃO DA OCUPAÇÃO DOS ESPAÇOS PÚBLICOS", "Atividade": "1137 - PAVIMENTAÇÃO E RECAPEAMENTO DE VIAS", "Sub Elemento Despesa": "Manutenção e Conservação de Bens Imóveis", "Item Despesa": "Manutenção e Reformas de Bens Imóveis", "Observação Empenho": "Ata RP 016/SMPR/COGEL/2017 - Agrupamento IV, objetivando os serviços de conservação e manutenção da malha viária.", "Contrato": "26807/2019", "Credor Nome": "JOFEGE PAVIMENTACAO E CONSTRUCAO LTDA", "Valor Empenho": 10607.04, "Valor Empenho Cancelado": 0.0, "Valor Empenho Líquido": 0.0, "Valor Empenho Liquidado": 0.0, "Valor Empenho Pago": 0.0, "Equipamento 1": "Vias", "Equipamento 2": "Vias", "Endereço": "Av. Águia de Haia - Cidade Antônio Estêvão de Carvalho, São Paulo - SP", "Região": "Leste", "Extensão (m)": "0", "Trecho (Recap)": "Trecho entre Rua Cuim e Rua Boipeva", "lon": -46.47350619574685, "lat": -23.532970068996256 }, "geometry": { "type": "Point", "coordinates": [ -46.47350619574685, -23.532970068996256 ] } },
{ "type": "Feature", "properties": { "Ano": 2021.0, "Nota Empenho": "41657/2021", "Nota Reserva": "25900/2021", "Ata CMDP": "2021-07-01 00:00:00", "Processo SEI": 6012201900079463.0, "Unidade": "SMSUB", "Função": "15 - URBANISMO", "Sub Função": "452 - SERVIÇOS URBANOS", "Programa": "3022 - REQUALIFICAÇÃO E PROMOÇÃO DA OCUPAÇÃO DOS ESPAÇOS PÚBLICOS", "Atividade": "1137 - PAVIMENTAÇÃO E RECAPEAMENTO DE VIAS", "Sub Elemento Despesa": "Manutenção e Conservação de Bens Imóveis", "Item Despesa": "Manutenção e Reformas de Bens Imóveis", "Observação Empenho": "Ata RP 016/SMPR/COGEL/2017 - Agrupamento IV, objetivando os serviços de conservação e manutenção da malha viária.", "Contrato": "26807/2019", "Credor Nome": "JOFEGE PAVIMENTACAO E CONSTRUCAO LTDA", "Valor Empenho": 10607.04, "Valor Empenho Cancelado": 0.0, "Valor Empenho Líquido": 0.0, "Valor Empenho Liquidado": 0.0, "Valor Empenho Pago": 0.0, "Equipamento 1": "Vias", "Equipamento 2": "Vias", "Endereço": "Av. Calim Eid - Vila Ré, São Paulo - SP", "Região": "Leste", "Extensão (m)": "0", "Trecho (Recap)": "Trecho entre Amador Bueno da Veiga e Viaduto Milton Leão", "lon": -46.494812621522946, "lat": -23.522528979982351 }, "geometry": { "type": "Point", "coordinates": [ -46.494812621522946, -23.522528979982351 ] } },
{ "type": "Feature", "properties": { "Ano": 2021.0, "Nota Empenho": "66477/2021", "Nota Reserva": "26915/2021", "Ata CMDP": "2021-07-01 00:00:00", "Processo SEI": 6012202100077600.0, "Unidade": "SMSUB", "Função": "15 - URBANISMO", "Sub Função": "452 - SERVIÇOS URBANOS", "Programa": "3022 - REQUALIFICAÇÃO E PROMOÇÃO DA OCUPAÇÃO DOS ESPAÇOS PÚBLICOS", "Atividade": "1137 - PAVIMENTAÇÃO E RECAPEAMENTO DE VIAS", "Sub Elemento Despesa": "Manutenção e Conservação de Bens Imóveis", "Item Despesa": "Manutenção e Reformas de Bens Imóveis", "Observação Empenho": "Contratação de empresa para execução dos serviços de manutenção da malha viária existente em pavimento rígido e pavimento em paralelepípedo, à Prefeitura do Município de São Paulo – PMSP.", "Contrato": "15673/2021", "Credor Nome": "CONSTRUTORA LETTIERI CORDARO LTDA", "Valor Empenho": 781595.46, "Valor Empenho Cancelado": 381200.69, "Valor Empenho Líquido": 781595.46, "Valor Empenho Liquidado": 400394.77, "Valor Empenho Pago": 400394.77, "Equipamento 1": null, "Equipamento 2": null, "Endereço": "Túnel Jânio Quadros (Av. Lineu de Paula Machado até Av. Presidente Juscelino", "Região": "Oeste", "Extensão (m)": null, "Trecho (Recap)": null, "lon": -46.691557326445775, "lat": -23.589794716499107 }, "geometry": { "type": "Point", "coordinates": [ -46.691557326445775, -23.589794716499107 ] } },
{ "type": "Feature", "properties": { "Ano": 2022.0, "Nota Empenho": "101370/2022", "Nota Reserva": "20247/2022", "Ata CMDP": "2022-05-04 00:00:00", "Processo SEI": 6018202200391783.0, "Unidade": "SMS", "Função": "10 - SAÚDE", "Sub Função": "302 - ASSISTÊNCIA HOSPITALAR E AMBULATORIAL", "Programa": "3003 - AÇÕES E SERVIÇOS DA SAÚDE EM ATENÇÃO BÁSICA, ESPECIALIDADES E VIGILÂNCIA", "Atividade": "5204 - AVANÇA SAÚDE SP - AMPLIAÇÃO, REFORMA E REQUALIFICAÇÃO DE EQUIPAMENTOS DE SAÚDE", "Sub Elemento Despesa": "Obras em Andamento - Uso Comum do Povo", "Item Despesa": "Hospitais e similares", "Observação Empenho": "Execução das obras contratadas objeto do Acordo de Cooperação Técnica PPP 01.04/22 (071367541), Termo Aditivo PPP nº 01.05/22 (073601309) e nos encaminhamentos (069143946 e 069767628), visando a implantação do Centro Oncológico Bruno Covas.", "Contrato": "32301/2022", "Credor Nome": "HABITA SAO PAULO S.A.", "Valor Empenho": 2066863.32, "Valor Empenho Cancelado": 1440928.37, "Valor Empenho Líquido": 1297850.0, "Valor Empenho Liquidado": 625934.95, "Valor Empenho Pago": 625934.95, "Equipamento 1": null, "Equipamento 2": null, "Endereço": "Av. Santa Catarina, 2785", "Região": "Sul", "Extensão (m)": null, "Trecho (Recap)": null, "lon": -46.6536434, "lat": -23.657542922346902 }, "geometry": { "type": "Point", "coordinates": [ -46.6536434, -23.657542922346902 ] } },
{ "type": "Feature", "properties": { "Ano": 2022.0, "Nota Empenho": "104811/2022", "Nota Reserva": "45284/2022", "Ata CMDP": "2022-08-08 00:00:00", "Processo SEI": 7610201800014258.0, "Unidade": "COHAB", "Função": "16 - HABITAÇÃO", "Sub Função": "451 - INFRA-ESTRUTURA URBANA", "Programa": "3002 - ACESSO À MORADIA ADEQUADA", "Atividade": "3356 - REGULARIZAÇÃO FUNDIÁRIA", "Sub Elemento Despesa": "Instalações", "Item Despesa": "Elevadores", "Observação Empenho": "CONSTRUÇÃO DE TRINCHEIRAS DE EXTRAÇÃO DE GASES E SERVIÇOS CONTÍNUOS DE MONITORAMENTO, OPERAÇÃO, CONSERVAÇÃO E MANUTENÇÃO - C. H. HELIÓPOLIS L, GLEBAS I E II. (ADITAMENTO 2022/2023).", "Contrato": "20226/2022", "Credor Nome": "WEBER CONSULTORIA E ENGENHARIA AMBIENTAL LIMITADA", "Valor Empenho": 58452.3, "Valor Empenho Cancelado": 58452.3, "Valor Empenho Líquido": 0.0, "Valor Empenho Liquidado": 0.0, "Valor Empenho Pago": 0.0, "Equipamento 1": "Unidade Habitacional", "Equipamento 2": "COHAB Heliópolis", "Endereço": "Av. Presidente Wilson, Gleba L, Vila Independência, São Paulo/SP", "Região": "Sul", "Extensão (m)": null, "Trecho (Recap)": null, "lon": -46.580909616882778, "lat": -23.60753478942468 }, "geometry": { "type": "Point", "coordinates": [ -46.580909616882778, -23.60753478942468 ] } },
{ "type": "Feature", "properties": { "Ano": 2022.0, "Nota Empenho": "104845/2022", "Nota Reserva": "45284/2022", "Ata CMDP": "2022-08-08 00:00:00", "Processo SEI": 7610201800014258.0, "Unidade": "COHAB", "Função": "16 - HABITAÇÃO", "Sub Função": "451 - INFRA-ESTRUTURA URBANA", "Programa": "3002 - ACESSO À MORADIA ADEQUADA", "Atividade": "3356 - REGULARIZAÇÃO FUNDIÁRIA", "Sub Elemento Despesa": "Instalações", "Item Despesa": "Outras Instalações", "Observação Empenho": "CONSTRUÇÃO DE TRINCHEIRAS DE EXTRAÇÃO DE GASES E SERVIÇOS CONTÍNUOS DE MONITORAMENTO, OPERAÇÃO, CONSERVAÇÃO E MANUTENÇÃO - C. H. HELIÓPOLIS L, GLEBAS I E II. (ADITAMENTO 2022/2023).", "Contrato": "20226/2022", "Credor Nome": "WEBER CONSULTORIA E ENGENHARIA AMBIENTAL LIMITADA", "Valor Empenho": 58452.3, "Valor Empenho Cancelado": 955.08, "Valor Empenho Líquido": 58452.3, "Valor Empenho Liquidado": 57497.22, "Valor Empenho Pago": 57497.22, "Equipamento 1": "Unidade Habitacional", "Equipamento 2": "COHAB Heliópolis", "Endereço": "Av. Presidente Wilson, Gleba L, Vila Independência, São Paulo/SP", "Região": "Sul", "Extensão (m)": null, "Trecho (Recap)": null, "lon": -46.580909616882778, "lat": -23.60753478942468 }, "geometry": { "type": "Point", "coordinates": [ -46.580909616882778, -23.60753478942468 ] } },
{ "type": "Feature", "properties": { "Ano": 2022.0, "Nota Empenho": "113030/2022", "Nota Reserva": "42472/2022", "Ata CMDP": null, "Processo SEI": 6032202200027743.0, "Unidade": "SUB-CL", "Função": "15 - URBANISMO", "Sub Função": "452 - SERVIÇOS URBANOS", "Programa": "3022 - REQUALIFICAÇÃO E PROMOÇÃO DA OCUPAÇÃO DOS ESPAÇOS PÚBLICOS", "Atividade": "1137 - PAVIMENTAÇÃO E RECAPEAMENTO DE VIAS", "Sub Elemento Despesa": "Obras em Andamento - Uso Comum do Povo", "Item Despesa": "Pavimentação de Ruas e Avenidas", "Observação Empenho": "CV.063/SUB-CL/2022 - PAVIMENTAÇÃO DA RUA ALCANTARILLA - VILA ANDRADE", "Contrato": "35550/2022", "Credor Nome": "MACOR ENGENHARIA CONSTRUCOES E COMERCIO LTDA", "Valor Empenho": 183485.76, "Valor Empenho Cancelado": 0.0, "Valor Empenho Líquido": 183485.76, "Valor Empenho Liquidado": 183485.76, "Valor Empenho Pago": 183485.76, "Equipamento 1": null, "Equipamento 2": null, "Endereço": "RUA ALCANTARILLA - VILA ANDRADE", "Região": "Sul", "Extensão (m)": null, "Trecho (Recap)": null, "lon": -46.732336513797343, "lat": -23.635002592689851 }, "geometry": { "type": "Point", "coordinates": [ -46.732336513797343, -23.635002592689851 ] } },
{ "type": "Feature", "properties": { "Ano": 2022.0, "Nota Empenho": "117648/2022", "Nota Reserva": "42472/2022", "Ata CMDP": null, "Processo SEI": 6032202200027735.0, "Unidade": "SUB-CL", "Função": "15 - URBANISMO", "Sub Função": "452 - SERVIÇOS URBANOS", "Programa": "3022 - REQUALIFICAÇÃO E PROMOÇÃO DA OCUPAÇÃO DOS ESPAÇOS PÚBLICOS", "Atividade": "1137 - PAVIMENTAÇÃO E RECAPEAMENTO DE VIAS", "Sub Elemento Despesa": "Obras em Andamento - Uso Comum do Povo", "Item Despesa": "Pavimentação de Ruas e Avenidas", "Observação Empenho": "TP.015/SUB-CL/2022 - CONTRATAÇÃO DE OBRA PARA PAVIMENTAÇÃO DA RUA CARUPINA E RUA CANTO DO RIO VERDE - VILA ANDRADE.", "Contrato": "36894/2022", "Credor Nome": "MACOR ENGENHARIA CONSTRUCOES E COMERCIO LTDA", "Valor Empenho": 2784622.68, "Valor Empenho Cancelado": 2.63, "Valor Empenho Líquido": 2784622.68, "Valor Empenho Liquidado": 2784620.05, "Valor Empenho Pago": 2784620.05, "Equipamento 1": null, "Equipamento 2": null, "Endereço": "RUA CARUPINA E RUA CANTO DO RIO VERDE - VILA ANDRADE", "Região": "Sul", "Extensão (m)": null, "Trecho (Recap)": null, "lon": -46.744614720738092, "lat": -23.626512899181744 }, "geometry": { "type": "Point", "coordinates": [ -46.744614720738092, -23.626512899181744 ] } },
{ "type": "Feature", "properties": { "Ano": 2022.0, "Nota Empenho": "119702/2022", "Nota Reserva": "42477/2022", "Ata CMDP": null, "Processo SEI": 6042202200025680.0, "Unidade": "SUB-JA", "Função": "15 - URBANISMO", "Sub Função": "452 - SERVIÇOS URBANOS", "Programa": "3022 - REQUALIFICAÇÃO E PROMOÇÃO DA OCUPAÇÃO DOS ESPAÇOS PÚBLICOS", "Atividade": "1137 - PAVIMENTAÇÃO E RECAPEAMENTO DE VIAS", "Sub Elemento Despesa": "Obras em Andamento - Uso Comum do Povo", "Item Despesa": "Pavimentação de Ruas e Avenidas", "Observação Empenho": "SUB-JA - PAVIMENTAÇÃO DE VIAS NO BAIRRO JABAQUARA - SÃO PAULO SP", "Contrato": "31556/2022", "Credor Nome": "CASAMAX  COMERCIAL LTDA", "Valor Empenho": 423907.27, "Valor Empenho Cancelado": 423907.27, "Valor Empenho Líquido": 423907.27, "Valor Empenho Liquidado": 0.0, "Valor Empenho Pago": 0.0, "Equipamento 1": null, "Equipamento 2": null, "Endereço": "Bairro Jabaquara", "Região": "Sul", "Extensão (m)": null, "Trecho (Recap)": null, "lon": -46.650512521925698, "lat": -23.639709222722008 }, "geometry": { "type": "Point", "coordinates": [ -46.650512521925698, -23.639709222722008 ] } },
{ "type": "Feature", "properties": { "Ano": 2022.0, "Nota Empenho": "26191/2022", "Nota Reserva": "20386/2022", "Ata CMDP": null, "Processo SEI": 6018202100518609.0, "Unidade": "SMS", "Função": "10 - SAÚDE", "Sub Função": "301 - ATENÇÃO BÁSICA", "Programa": "3003 - AÇÕES E SERVIÇOS DA SAÚDE EM ATENÇÃO BÁSICA, ESPECIALIDADES E VIGILÂNCIA", "Atividade": "5204 - AVANÇA SAÚDE SP - AMPLIAÇÃO, REFORMA E REQUALIFICAÇÃO DE EQUIPAMENTOS DE SAÚDE", "Sub Elemento Despesa": "Obras em Andamento - Uso Comum do Povo", "Item Despesa": "Hospitais e similares", "Observação Empenho": "SMS - BID - CONTRATAÇÃO DE OBRAS PREVISTAS NO PLANO DE AQUISIÇÃO DO PROGRAMA AVANÇA SAÚDE - UBS ATUALPA", "Contrato": "28293/2021", "Credor Nome": "M A S CONSTRUCOES E EMPREENDIMENTOS LIMITADA", "Valor Empenho": 2667043.44, "Valor Empenho Cancelado": 2667043.44, "Valor Empenho Líquido": 0.0, "Valor Empenho Liquidado": 0.0, "Valor Empenho Pago": 0.0, "Equipamento 1": "Unidade de Saúde", "Equipamento 2": "UBS Atualpa", "Endereço": "Rua Ambaré 150", "Região": "Leste", "Extensão (m)": null, "Trecho (Recap)": null, "lon": -46.650512521925698, "lat": -23.506774872545847 }, "geometry": { "type": "Point", "coordinates": [ -46.650512521925698, -23.506774872545847 ] } },
{ "type": "Feature", "properties": { "Ano": 2022.0, "Nota Empenho": "26224/2022", "Nota Reserva": "20386/2022", "Ata CMDP": null, "Processo SEI": 6018202100518609.0, "Unidade": "SMS", "Função": "10 - SAÚDE", "Sub Função": "301 - ATENÇÃO BÁSICA", "Programa": "3003 - AÇÕES E SERVIÇOS DA SAÚDE EM ATENÇÃO BÁSICA, ESPECIALIDADES E VIGILÂNCIA", "Atividade": "5204 - AVANÇA SAÚDE SP - AMPLIAÇÃO, REFORMA E REQUALIFICAÇÃO DE EQUIPAMENTOS DE SAÚDE", "Sub Elemento Despesa": "Obras em Andamento - Uso Comum do Povo", "Item Despesa": "Hospitais e similares", "Observação Empenho": "SMS - BID - CONTRATAÇÃO DE OBRAS PREVISTAS NO PLANO DE AQUISIÇÃO DO PROGRAMA AVANÇA SAÚDE - UBS JARDIM CONQUISTA II", "Contrato": "5317/2022", "Credor Nome": "DB CONSTRUCOES LTDA", "Valor Empenho": 2763554.09, "Valor Empenho Cancelado": 2763554.09, "Valor Empenho Líquido": 0.0, "Valor Empenho Liquidado": 0.0, "Valor Empenho Pago": 0.0, "Equipamento 1": "Unidade de Saúde", "Equipamento 2": "UBS Jardim Conquista II", "Endereço": "Tv. Somos Todos Iguais, 915", "Região": "Leste", "Extensão (m)": null, "Trecho (Recap)": null, "lon": -46.396490921771885, "lat": -23.607086629897037 }, "geometry": { "type": "Point", "coordinates": [ -46.396490921771885, -23.607086629897037 ] } },
{ "type": "Feature", "properties": { "Ano": 2022.0, "Nota Empenho": "26228/2022", "Nota Reserva": "20386/2022", "Ata CMDP": null, "Processo SEI": 6018202100518609.0, "Unidade": "SMS", "Função": "10 - SAÚDE", "Sub Função": "301 - ATENÇÃO BÁSICA", "Programa": "3003 - AÇÕES E SERVIÇOS DA SAÚDE EM ATENÇÃO BÁSICA, ESPECIALIDADES E VIGILÂNCIA", "Atividade": "5204 - AVANÇA SAÚDE SP - AMPLIAÇÃO, REFORMA E REQUALIFICAÇÃO DE EQUIPAMENTOS DE SAÚDE", "Sub Elemento Despesa": "Obras em Andamento - Uso Comum do Povo", "Item Despesa": "Hospitais e similares", "Observação Empenho": "SMS - BID - AVANÇA SAÚDE - CONTRATAÇÃO DE EMPRESA PARA A EXECUÇÃO DAS OBRAS DE REFORMA E AMPLIAÇÃO DO EQUIPAMENTO DE SAÚDE UBS GUARANI/VARGAS", "Contrato": "28228/2021", "Credor Nome": "LEMAM CONSTRUCOES E COMERCIO SA", "Valor Empenho": 987267.58, "Valor Empenho Cancelado": 987267.58, "Valor Empenho Líquido": 0.0, "Valor Empenho Liquidado": 0.0, "Valor Empenho Pago": 0.0, "Equipamento 1": "Unidade de Saúde", "Equipamento 2": "UBS Guarani Vargar", "Endereço": "Avenida Diederichsen, 1338", "Região": "Sul", "Extensão (m)": null, "Trecho (Recap)": null, "lon": -46.638299102957383, "lat": -23.647844204904811 }, "geometry": { "type": "Point", "coordinates": [ -46.638299102957383, -23.647844204904811 ] } },
{ "type": "Feature", "properties": { "Ano": 2022.0, "Nota Empenho": "26230/2022", "Nota Reserva": "20388/2022", "Ata CMDP": null, "Processo SEI": 6018202100518609.0, "Unidade": "SMS", "Função": "10 - SAÚDE", "Sub Função": "302 - ASSISTÊNCIA HOSPITALAR E AMBULATORIAL", "Programa": "3003 - AÇÕES E SERVIÇOS DA SAÚDE EM ATENÇÃO BÁSICA, ESPECIALIDADES E VIGILÂNCIA", "Atividade": "5204 - AVANÇA SAÚDE SP - AMPLIAÇÃO, REFORMA E REQUALIFICAÇÃO DE EQUIPAMENTOS DE SAÚDE", "Sub Elemento Despesa": "Obras em Andamento - Uso Comum do Povo", "Item Despesa": "Hospitais e similares", "Observação Empenho": "SMS - BID - CONTRATAÇÃO DE OBRAS PREVISTAS NO PLANO DE AQUISIÇÃO DO PROGRAMA AVANÇA SAÚDE - UPA CARRÃO", "Contrato": "28287/2021", "Credor Nome": "TETRABASE  ENGENHARIA E CONSTRUCOES LTDA", "Valor Empenho": 294751.96, "Valor Empenho Cancelado": 294751.96, "Valor Empenho Líquido": 0.0, "Valor Empenho Liquidado": 0.0, "Valor Empenho Pago": 0.0, "Equipamento 1": "Unidade de Saúde", "Equipamento 2": "UPA Carrão", "Endereço": "R. Luís Pinto, 664", "Região": "Leste", "Extensão (m)": null, "Trecho (Recap)": null, "lon": -46.533949613878868, "lat": -23.549610388057104 }, "geometry": { "type": "Point", "coordinates": [ -46.533949613878868, -23.549610388057104 ] } },
{ "type": "Feature", "properties": { "Ano": 2022.0, "Nota Empenho": "26236/2022", "Nota Reserva": "20388/2022", "Ata CMDP": null, "Processo SEI": 6018202100518609.0, "Unidade": "SMS", "Função": "10 - SAÚDE", "Sub Função": "302 - ASSISTÊNCIA HOSPITALAR E AMBULATORIAL", "Programa": "3003 - AÇÕES E SERVIÇOS DA SAÚDE EM ATENÇÃO BÁSICA, ESPECIALIDADES E VIGILÂNCIA", "Atividade": "5204 - AVANÇA SAÚDE SP - AMPLIAÇÃO, REFORMA E REQUALIFICAÇÃO DE EQUIPAMENTOS DE SAÚDE", "Sub Elemento Despesa": "Obras em Andamento - Uso Comum do Povo", "Item Despesa": "Hospitais e similares", "Observação Empenho": "SMS - BID - CONTRATAÇÃO DE OBRAS PREVISTAS NO PLANO DE AQUISIÇÃO DO PROGRAMA AVANÇA  AÚDE - UPA RIO PEQUENO", "Contrato": "28291/2021", "Credor Nome": "CONSTRUTORA PROGREDIOR LTDA", "Valor Empenho": 4079562.18, "Valor Empenho Cancelado": 4079562.18, "Valor Empenho Líquido": 0.0, "Valor Empenho Liquidado": 0.0, "Valor Empenho Pago": 0.0, "Equipamento 1": "Unidade de Saúde", "Equipamento 2": "UPA Rio Pequeno", "Endereço": "R. José Vicente da Cruz, 90", "Região": "Oeste", "Extensão (m)": null, "Trecho (Recap)": null, "lon": -46.764915322096897, "lat": -23.576673412718502 }, "geometry": { "type": "Point", "coordinates": [ -46.764915322096897, -23.576673412718502 ] } },
{ "type": "Feature", "properties": { "Ano": 2022.0, "Nota Empenho": "27148/2022", "Nota Reserva": "20246/2022", "Ata CMDP": "2022-05-04 00:00:00", "Processo SEI": 6018202100949391.0, "Unidade": "SMS", "Função": "10 - SAÚDE", "Sub Função": "301 - ATENÇÃO BÁSICA", "Programa": "3003 - AÇÕES E SERVIÇOS DA SAÚDE EM ATENÇÃO BÁSICA, ESPECIALIDADES E VIGILÂNCIA", "Atividade": "5204 - AVANÇA SAÚDE SP - AMPLIAÇÃO, REFORMA E REQUALIFICAÇÃO DE EQUIPAMENTOS DE SAÚDE", "Sub Elemento Despesa": "Obras em Andamento - Uso Comum do Povo", "Item Despesa": "Hospitais e similares", "Observação Empenho": "Execução do objeto do Acordo de Cooperação PPP 04.02/22 058507685 Contrato Aditamento PPP 04.02/22\n059772219, referente a implantação da UBS Malta II", "Contrato": "5403/2022", "Credor Nome": "SP9 INCORPORACAO E CONSTRUCAO  SPE SA", "Valor Empenho": 4761237.24, "Valor Empenho Cancelado": 4761237.24, "Valor Empenho Líquido": 105066.05, "Valor Empenho Liquidado": 0.0, "Valor Empenho Pago": 0.0, "Equipamento 1": "Unidade de Saúde", "Equipamento 2": "UBS Malta II", "Endereço": "Rua Dr. Bernardo Guertzenstein, 45", "Região": "Oeste", "Extensão (m)": null, "Trecho (Recap)": null, "lon": -46.761109925401144, "lat": -23.572667913297785 }, "geometry": { "type": "Point", "coordinates": [ -46.761109925401144, -23.572667913297785 ] } },
{ "type": "Feature", "properties": { "Ano": 2022.0, "Nota Empenho": "27164/2022", "Nota Reserva": "20246/2022", "Ata CMDP": "2022-05-04 00:00:00", "Processo SEI": 6018202100949189.0, "Unidade": "SMS", "Função": "10 - SAÚDE", "Sub Função": "301 - ATENÇÃO BÁSICA", "Programa": "3003 - AÇÕES E SERVIÇOS DA SAÚDE EM ATENÇÃO BÁSICA, ESPECIALIDADES E VIGILÂNCIA", "Atividade": "5204 - AVANÇA SAÚDE SP - AMPLIAÇÃO, REFORMA E REQUALIFICAÇÃO DE EQUIPAMENTOS DE SAÚDE", "Sub Elemento Despesa": "Obras em Andamento - Uso Comum do Povo", "Item Despesa": "Hospitais e similares", "Observação Empenho": "Execução do objeto do Acordo de Cooperação PPP 05.02/22 058511322, referente a implantação da UBS\nCaju,", "Contrato": "5401/2022", "Credor Nome": "UNO HABITACAO SA", "Valor Empenho": 4761237.24, "Valor Empenho Cancelado": 4519699.53, "Valor Empenho Líquido": 647700.0, "Valor Empenho Liquidado": 241537.71, "Valor Empenho Pago": 241537.71, "Equipamento 1": "Unidade de Saúde", "Equipamento 2": "UBS Caju", "Endereço": "R. Floresto Bandecchi, 1000", "Região": "Oeste", "Extensão (m)": null, "Trecho (Recap)": null, "lon": -46.753607667484552, "lat": -23.544879098109096 }, "geometry": { "type": "Point", "coordinates": [ -46.753607667484552, -23.544879098109096 ] } },
{ "type": "Feature", "properties": { "Ano": 2022.0, "Nota Empenho": "27189/2022", "Nota Reserva": "20246/2022", "Ata CMDP": "2022-05-04 00:00:00", "Processo SEI": 6018202100921969.0, "Unidade": "SMS", "Função": "10 - SAÚDE", "Sub Função": "301 - ATENÇÃO BÁSICA", "Programa": "3003 - AÇÕES E SERVIÇOS DA SAÚDE EM ATENÇÃO BÁSICA, ESPECIALIDADES E VIGILÂNCIA", "Atividade": "5204 - AVANÇA SAÚDE SP - AMPLIAÇÃO, REFORMA E REQUALIFICAÇÃO DE EQUIPAMENTOS DE SAÚDE", "Sub Elemento Despesa": "Obras em Andamento - Uso Comum do Povo", "Item Despesa": "Hospitais e similares", "Observação Empenho": "Execução do objeto do Acordo de Cooperação PPP 06.03/22 059771527, referente a implantação da UBS\nJd. Antártica.", "Contrato": "5352/2022", "Credor Nome": "HABITA SAO PAULO S.A.", "Valor Empenho": 3827741.76, "Valor Empenho Cancelado": 1245966.1, "Valor Empenho Líquido": 2921041.36, "Valor Empenho Liquidado": 2581775.66, "Valor Empenho Pago": 2581775.66, "Equipamento 1": "Unidade de Saúde", "Equipamento 2": "UBS Jd. Antártica", "Endereço": "R. Solar, 400", "Região": "Norte", "Extensão (m)": null, "Trecho (Recap)": null, "lon": -46.656381551506371, "lat": -23.455688918920924 }, "geometry": { "type": "Point", "coordinates": [ -46.656381551506371, -23.455688918920924 ] } },
{ "type": "Feature", "properties": { "Ano": 2022.0, "Nota Empenho": "27272/2022", "Nota Reserva": "20246/2022", "Ata CMDP": "2022-05-04 00:00:00", "Processo SEI": 6018202100949413.0, "Unidade": "SMS", "Função": "10 - SAÚDE", "Sub Função": "301 - ATENÇÃO BÁSICA", "Programa": "3003 - AÇÕES E SERVIÇOS DA SAÚDE EM ATENÇÃO BÁSICA, ESPECIALIDADES E VIGILÂNCIA", "Atividade": "5204 - AVANÇA SAÚDE SP - AMPLIAÇÃO, REFORMA E REQUALIFICAÇÃO DE EQUIPAMENTOS DE SAÚDE", "Sub Elemento Despesa": "Obras em Andamento - Uso Comum do Povo", "Item Despesa": "Hospitais e similares", "Observação Empenho": "Execução do objeto do Acordo de Cooperação PPP 03.01/22 058504151, referente a implantação da UBS\nVila Rubi,", "Contrato": "5407/2022", "Credor Nome": "UNO PPP HABITACAO SA", "Valor Empenho": 4554602.36, "Valor Empenho Cancelado": 4554602.36, "Valor Empenho Líquido": 0.0, "Valor Empenho Liquidado": 0.0, "Valor Empenho Pago": 0.0, "Equipamento 1": "Unidade de Saúde", "Equipamento 2": "UBS Vila Rubi", "Endereço": "R. Domingos Tarroso, 631", "Região": "Sul", "Extensão (m)": null, "Trecho (Recap)": null, "lon": -46.696174895266701, "lat": -23.727322078896531 }, "geometry": { "type": "Point", "coordinates": [ -46.696174895266701, -23.727322078896531 ] } },
{ "type": "Feature", "properties": { "Ano": 2022.0, "Nota Empenho": "27294/2022", "Nota Reserva": "20247/2022", "Ata CMDP": "2022-05-04 00:00:00", "Processo SEI": 6018202100923473.0, "Unidade": "SMS", "Função": "10 - SAÚDE", "Sub Função": "302 - ASSISTÊNCIA HOSPITALAR E AMBULATORIAL", "Programa": "3003 - AÇÕES E SERVIÇOS DA SAÚDE EM ATENÇÃO BÁSICA, ESPECIALIDADES E VIGILÂNCIA", "Atividade": "5204 - AVANÇA SAÚDE SP - AMPLIAÇÃO, REFORMA E REQUALIFICAÇÃO DE EQUIPAMENTOS DE SAÚDE", "Sub Elemento Despesa": "Obras em Andamento - Uso Comum do Povo", "Item Despesa": "Hospitais e similares", "Observação Empenho": "Execução do objeto do Acordo de Cooperação PPP 06.03/22 058576995 Contrato Aditamento PPP 06.04/22 059770065, referente a reforma da UPA 21 de Junho.", "Contrato": "5392/2022", "Credor Nome": "HABITA SAO PAULO S.A.", "Valor Empenho": 3797345.93, "Valor Empenho Cancelado": 3455457.93, "Valor Empenho Líquido": 788637.93, "Valor Empenho Liquidado": 341888.0, "Valor Empenho Pago": 341888.0, "Equipamento 1": "Unidade de Saúde", "Equipamento 2": "UPA 21 de Junho", "Endereço": "Avenida João Paulo I, 421", "Região": "Norte", "Extensão (m)": null, "Trecho (Recap)": null, "lon": -46.688694976445937, "lat": -23.489946706265965 }, "geometry": { "type": "Point", "coordinates": [ -46.688694976445937, -23.489946706265965 ] } },
{ "type": "Feature", "properties": { "Ano": 2022.0, "Nota Empenho": "27343/2022", "Nota Reserva": "20247/2022", "Ata CMDP": "2022-05-04 00:00:00", "Processo SEI": 6018202100922175.0, "Unidade": "SMS", "Função": "10 - SAÚDE", "Sub Função": "302 - ASSISTÊNCIA HOSPITALAR E AMBULATORIAL", "Programa": "3003 - AÇÕES E SERVIÇOS DA SAÚDE EM ATENÇÃO BÁSICA, ESPECIALIDADES E VIGILÂNCIA", "Atividade": "5204 - AVANÇA SAÚDE SP - AMPLIAÇÃO, REFORMA E REQUALIFICAÇÃO DE EQUIPAMENTOS DE SAÚDE", "Sub Elemento Despesa": "Obras em Andamento - Uso Comum do Povo", "Item Despesa": "Hospitais e similares", "Observação Empenho": "Execução do objeto do Acordo de Cooperação PPP 06.04/22 058576573, Contrato Aditamento PPP\n06.05/22 059771115 referente a implantação da UPA Jd. Peri,", "Contrato": "5369/2022", "Credor Nome": "HABITA SAO PAULO S.A.", "Valor Empenho": 5398478.84, "Valor Empenho Cancelado": 2511147.97, "Valor Empenho Líquido": 3453155.75, "Valor Empenho Liquidado": 2887330.87, "Valor Empenho Pago": 2887330.87, "Equipamento 1": "Unidade de Saúde", "Equipamento 2": "UPA Jardim Peri", "Endereço": "R. Afonso Lopes Vieira, 35", "Região": "Norte", "Extensão (m)": null, "Trecho (Recap)": null, "lon": -46.667376142357668, "lat": -23.467365514664387 }, "geometry": { "type": "Point", "coordinates": [ -46.667376142357668, -23.467365514664387 ] } },
{ "type": "Feature", "properties": { "Ano": 2022.0, "Nota Empenho": "27375/2022", "Nota Reserva": "20247/2022", "Ata CMDP": "2022-05-04 00:00:00", "Processo SEI": 6018202100923554.0, "Unidade": "SMS", "Função": "10 - SAÚDE", "Sub Função": "302 - ASSISTÊNCIA HOSPITALAR E AMBULATORIAL", "Programa": "3003 - AÇÕES E SERVIÇOS DA SAÚDE EM ATENÇÃO BÁSICA, ESPECIALIDADES E VIGILÂNCIA", "Atividade": "5204 - AVANÇA SAÚDE SP - AMPLIAÇÃO, REFORMA E REQUALIFICAÇÃO DE EQUIPAMENTOS DE SAÚDE", "Sub Elemento Despesa": "Obras em Andamento - Uso Comum do Povo", "Item Despesa": "Hospitais e similares", "Observação Empenho": "Execução do objeto do Acordo de Cooperação PPP 01.03/22 058451662, Contrato Aditamento PPP\n01.04/22 059772929 referente a implantação da UPA Sacomã.", "Contrato": "5441/2022", "Credor Nome": "HABITA SAO PAULO S.A.", "Valor Empenho": 2378429.54, "Valor Empenho Cancelado": 1759994.98, "Valor Empenho Líquido": 619214.74, "Valor Empenho Liquidado": 618434.56, "Valor Empenho Pago": 618434.56, "Equipamento 1": "Unidade de Saúde", "Equipamento 2": "UPA Sacomã", "Endereço": "Estr. das Lágrimas, 1403", "Região": "Sul", "Extensão (m)": null, "Trecho (Recap)": null, "lon": -46.593677990292342, "lat": -23.613875296906599 }, "geometry": { "type": "Point", "coordinates": [ -46.593677990292342, -23.613875296906599 ] } },
{ "type": "Feature", "properties": { "Ano": 2022.0, "Nota Empenho": "27381/2022", "Nota Reserva": "20247/2022", "Ata CMDP": "2022-05-04 00:00:00", "Processo SEI": 6018202100923155.0, "Unidade": "SMS", "Função": "10 - SAÚDE", "Sub Função": "302 - ASSISTÊNCIA HOSPITALAR E AMBULATORIAL", "Programa": "3003 - AÇÕES E SERVIÇOS DA SAÚDE EM ATENÇÃO BÁSICA, ESPECIALIDADES E VIGILÂNCIA", "Atividade": "5204 - AVANÇA SAÚDE SP - AMPLIAÇÃO, REFORMA E REQUALIFICAÇÃO DE EQUIPAMENTOS DE SAÚDE", "Sub Elemento Despesa": "Obras em Andamento - Uso Comum do Povo", "Item Despesa": "Hospitais e similares", "Observação Empenho": "Execução do objeto do Acordo de Cooperação PPP 05.01/22 058303673, referente a implantação da UPA Lapa.", "Contrato": "5417/2022", "Credor Nome": "UNO HABITACAO SA", "Valor Empenho": 4544444.43, "Valor Empenho Cancelado": 3956473.23, "Valor Empenho Líquido": 1010186.2, "Valor Empenho Liquidado": 587971.2, "Valor Empenho Pago": 587971.2, "Equipamento 1": "Unidade de Saúde", "Equipamento 2": "UPA Lapa", "Endereço": "Av. Queiroz Filho, 313", "Região": "Oeste", "Extensão (m)": null, "Trecho (Recap)": null, "lon": -46.722696795079663, "lat": -23.537186593370823 }, "geometry": { "type": "Point", "coordinates": [ -46.722696795079663, -23.537186593370823 ] } },
{ "type": "Feature", "properties": { "Ano": 2022.0, "Nota Empenho": "27592/2022", "Nota Reserva": "20386/2022", "Ata CMDP": null, "Processo SEI": 6018202100518609.0, "Unidade": "SMS", "Função": "10 - SAÚDE", "Sub Função": "301 - ATENÇÃO BÁSICA", "Programa": "3003 - AÇÕES E SERVIÇOS DA SAÚDE EM ATENÇÃO BÁSICA, ESPECIALIDADES E VIGILÂNCIA", "Atividade": "5204 - AVANÇA SAÚDE SP - AMPLIAÇÃO, REFORMA E REQUALIFICAÇÃO DE EQUIPAMENTOS DE SAÚDE", "Sub Elemento Despesa": "Obras em Andamento - Uso Comum do Povo", "Item Despesa": "Hospitais e similares", "Observação Empenho": "SMS - BID - CONTRATAÇÃO DE OBRAS PREVISTAS NO PLANO DE AQUISIÇÃO DO PROGRAMA AVANÇA SAÚDE - UBS COSMOPOLITA", "Contrato": "5492/2022", "Credor Nome": "CONSORCIO ROY  LETTIERI", "Valor Empenho": 3998890.9, "Valor Empenho Cancelado": 3998890.9, "Valor Empenho Líquido": 0.0, "Valor Empenho Liquidado": 0.0, "Valor Empenho Pago": 0.0, "Equipamento 1": "Unidade de Saúde", "Equipamento 2": "UBS Vila Cosmopolita", "Endereço": "R. Chuvas de Verão, 36 ", "Região": "Leste", "Extensão (m)": null, "Trecho (Recap)": null, "lon": -46.423486688658052, "lat": -23.565087178171652 }, "geometry": { "type": "Point", "coordinates": [ -46.423486688658052, -23.565087178171652 ] } },
{ "type": "Feature", "properties": { "Ano": 2022.0, "Nota Empenho": "30133/2022", "Nota Reserva": "13238/2022", "Ata CMDP": "2022-02-15 00:00:00", "Processo SEI": 6022202100038218.0, "Unidade": "SIURB", "Função": "08 - ASSISTÊNCIA SOCIAL", "Sub Função": "244 - ASSISTÊNCIA COMUNITÁRIA", "Programa": "3023 - PROTEÇÃO À POPULAÇÃO EM SITUAÇÃO DE VULNERABILIDADE SOCIAL", "Atividade": "3399 - AMPLIAÇÃO, REFORMA E REQUALIFICAÇÃO DE EQUIPAMENTOS DA ASSISTÊNCIA SOCIAL", "Sub Elemento Despesa": "Manutenção e Conservação de Bens Imóveis", "Item Despesa": "Manutenção e conservação de bens imóveis", "Observação Empenho": "CTA SANTO AMARO", "Contrato": "6270/2022", "Credor Nome": "MATHESIS ENGENHARIA  CONSTRUCAO LIMITADA", "Valor Empenho": 196103.49, "Valor Empenho Cancelado": 196103.49, "Valor Empenho Líquido": 0.0, "Valor Empenho Liquidado": 0.0, "Valor Empenho Pago": 0.0, "Equipamento 1": "Unidade de Saúde", "Equipamento 2": "CTA Santo Amaro", "Endereço": "Av. Mário Lopes Leão, 240", "Região": "Sul", "Extensão (m)": null, "Trecho (Recap)": null, "lon": -46.707759633151952, "lat": -23.650692434589534 }, "geometry": { "type": "Point", "coordinates": [ -46.707759633151952, -23.650692434589534 ] } },
{ "type": "Feature", "properties": { "Ano": 2022.0, "Nota Empenho": "30143/2022", "Nota Reserva": "13238/2022", "Ata CMDP": "2022-02-15 00:00:00", "Processo SEI": 6024202200007730.0, "Unidade": "SMADS", "Função": "08 - ASSISTÊNCIA SOCIAL", "Sub Função": "244 - ASSISTÊNCIA COMUNITÁRIA", "Programa": "3023 - PROTEÇÃO À POPULAÇÃO EM SITUAÇÃO DE VULNERABILIDADE SOCIAL", "Atividade": "3399 - AMPLIAÇÃO, REFORMA E REQUALIFICAÇÃO DE EQUIPAMENTOS DA ASSISTÊNCIA SOCIAL", "Sub Elemento Despesa": "Manutenção e Conservação de Bens Imóveis", "Item Despesa": "Manutenção e conservação de bens imóveis", "Observação Empenho": "CTA BUTANTÃ", "Contrato": "6270/2022", "Credor Nome": "MATHESIS ENGENHARIA  CONSTRUCAO LIMITADA", "Valor Empenho": 499907.81, "Valor Empenho Cancelado": 499907.81, "Valor Empenho Líquido": 0.0, "Valor Empenho Liquidado": 0.0, "Valor Empenho Pago": 0.0, "Equipamento 1": "Unidade de Saúde", "Equipamento 2": "CTA Butantã", "Endereço": "R. Telmo Coelho Filho", "Região": "Oeste", "Extensão (m)": null, "Trecho (Recap)": null, "lon": -46.756248668325398, "lat": -23.588285126190691 }, "geometry": { "type": "Point", "coordinates": [ -46.756248668325398, -23.588285126190691 ] } },
{ "type": "Feature", "properties": { "Ano": 2022.0, "Nota Empenho": "30148/2022", "Nota Reserva": "13238/2022", "Ata CMDP": "2022-02-15 00:00:00", "Processo SEI": 6022202100038218.0, "Unidade": "SIURB", "Função": "08 - ASSISTÊNCIA SOCIAL", "Sub Função": "244 - ASSISTÊNCIA COMUNITÁRIA", "Programa": "3023 - PROTEÇÃO À POPULAÇÃO EM SITUAÇÃO DE VULNERABILIDADE SOCIAL", "Atividade": "3399 - AMPLIAÇÃO, REFORMA E REQUALIFICAÇÃO DE EQUIPAMENTOS DA ASSISTÊNCIA SOCIAL", "Sub Elemento Despesa": "Manutenção e Conservação de Bens Imóveis", "Item Despesa": "Manutenção e conservação de bens imóveis", "Observação Empenho": "CTA BUTANTÃ", "Contrato": "6270/2022", "Credor Nome": "MATHESIS ENGENHARIA  CONSTRUCAO LIMITADA", "Valor Empenho": 175643.29, "Valor Empenho Cancelado": 175643.29, "Valor Empenho Líquido": 0.0, "Valor Empenho Liquidado": 0.0, "Valor Empenho Pago": 0.0, "Equipamento 1": "Unidade de Saúde", "Equipamento 2": "CTA Butantã", "Endereço": "R. Telmo Coelho Filho", "Região": "Oeste", "Extensão (m)": null, "Trecho (Recap)": null, "lon": -46.756248668325398, "lat": -23.588285126190691 }, "geometry": { "type": "Point", "coordinates": [ -46.756248668325398, -23.588285126190691 ] } },
{ "type": "Feature", "properties": { "Ano": 2022.0, "Nota Empenho": "30187/2022", "Nota Reserva": "13238/2022", "Ata CMDP": "2022-02-15 00:00:00", "Processo SEI": 6022202100038218.0, "Unidade": "SIURB", "Função": "08 - ASSISTÊNCIA SOCIAL", "Sub Função": "244 - ASSISTÊNCIA COMUNITÁRIA", "Programa": "3023 - PROTEÇÃO À POPULAÇÃO EM SITUAÇÃO DE VULNERABILIDADE SOCIAL", "Atividade": "3399 - AMPLIAÇÃO, REFORMA E REQUALIFICAÇÃO DE EQUIPAMENTOS DA ASSISTÊNCIA SOCIAL", "Sub Elemento Despesa": "Manutenção e Conservação de Bens Imóveis", "Item Despesa": "Manutenção e conservação de bens imóveis", "Observação Empenho": "CTA Prates I", "Contrato": "6308/2022", "Credor Nome": "MACOR ENGENHARIA CONSTRUCOES E COMERCIO LTDA", "Valor Empenho": 508196.82, "Valor Empenho Cancelado": 508196.82, "Valor Empenho Líquido": 0.0, "Valor Empenho Liquidado": 0.0, "Valor Empenho Pago": 0.0, "Equipamento 1": "Unidade de Saúde", "Equipamento 2": "CTA Prates I", "Endereço": "Rua Prates, 1101 - Bom Retiro", "Região": "Centro", "Extensão (m)": null, "Trecho (Recap)": null, "lon": -46.634309213491903, "lat": -23.524322543791516 }, "geometry": { "type": "Point", "coordinates": [ -46.634309213491903, -23.524322543791516 ] } },
{ "type": "Feature", "properties": { "Ano": 2022.0, "Nota Empenho": "30191/2022", "Nota Reserva": "13238/2022", "Ata CMDP": "2022-02-15 00:00:00", "Processo SEI": 6022202100038218.0, "Unidade": "SIURB", "Função": "08 - ASSISTÊNCIA SOCIAL", "Sub Função": "244 - ASSISTÊNCIA COMUNITÁRIA", "Programa": "3023 - PROTEÇÃO À POPULAÇÃO EM SITUAÇÃO DE VULNERABILIDADE SOCIAL", "Atividade": "3399 - AMPLIAÇÃO, REFORMA E REQUALIFICAÇÃO DE EQUIPAMENTOS DA ASSISTÊNCIA SOCIAL", "Sub Elemento Despesa": "Manutenção e Conservação de Bens Imóveis", "Item Despesa": "Manutenção e conservação de bens imóveis", "Observação Empenho": "CTA PRATES II", "Contrato": "6308/2022", "Credor Nome": "MACOR ENGENHARIA CONSTRUCOES E COMERCIO LTDA", "Valor Empenho": 106293.58, "Valor Empenho Cancelado": 106293.58, "Valor Empenho Líquido": 0.0, "Valor Empenho Liquidado": 0.0, "Valor Empenho Pago": 0.0, "Equipamento 1": "Unidade de Saúde", "Equipamento 2": "CTA Prates II", "Endereço": "Rua Prates, 1101 - Bom Retiro", "Região": "Centro", "Extensão (m)": null, "Trecho (Recap)": null, "lon": -46.634309213491903, "lat": -23.524322543791516 }, "geometry": { "type": "Point", "coordinates": [ -46.634309213491903, -23.524322543791516 ] } },
{ "type": "Feature", "properties": { "Ano": 2022.0, "Nota Empenho": "30197/2022", "Nota Reserva": "13238/2022", "Ata CMDP": "2022-02-15 00:00:00", "Processo SEI": 6022202100038218.0, "Unidade": "SIURB", "Função": "08 - ASSISTÊNCIA SOCIAL", "Sub Função": "244 - ASSISTÊNCIA COMUNITÁRIA", "Programa": "3023 - PROTEÇÃO À POPULAÇÃO EM SITUAÇÃO DE VULNERABILIDADE SOCIAL", "Atividade": "3399 - AMPLIAÇÃO, REFORMA E REQUALIFICAÇÃO DE EQUIPAMENTOS DA ASSISTÊNCIA SOCIAL", "Sub Elemento Despesa": "Manutenção e Conservação de Bens Imóveis", "Item Despesa": "Manutenção e conservação de bens imóveis", "Observação Empenho": "CTA MARIA", "Contrato": "6312/2022", "Credor Nome": "B & B ENGENHARIA E CONSTRUCOES LTDA", "Valor Empenho": 136056.45, "Valor Empenho Cancelado": 136056.45, "Valor Empenho Líquido": 0.0, "Valor Empenho Liquidado": 0.0, "Valor Empenho Pago": 0.0, "Equipamento 1": "Unidade de Saúde", "Equipamento 2": "CTA Maria", "Endereço": "Rua Comendador Nestor Pereira, 75b", "Região": "Norte", "Extensão (m)": null, "Trecho (Recap)": null, "lon": -46.619209471164709, "lat": -23.524465238387677 }, "geometry": { "type": "Point", "coordinates": [ -46.619209471164709, -23.524465238387677 ] } },
{ "type": "Feature", "properties": { "Ano": 2022.0, "Nota Empenho": "30201/2022", "Nota Reserva": "13238/2022", "Ata CMDP": "2022-02-15 00:00:00", "Processo SEI": 6022202100038218.0, "Unidade": "SIURB", "Função": "08 - ASSISTÊNCIA SOCIAL", "Sub Função": "244 - ASSISTÊNCIA COMUNITÁRIA", "Programa": "3023 - PROTEÇÃO À POPULAÇÃO EM SITUAÇÃO DE VULNERABILIDADE SOCIAL", "Atividade": "3399 - AMPLIAÇÃO, REFORMA E REQUALIFICAÇÃO DE EQUIPAMENTOS DA ASSISTÊNCIA SOCIAL", "Sub Elemento Despesa": "Manutenção e Conservação de Bens Imóveis", "Item Despesa": "Manutenção e conservação de bens imóveis", "Observação Empenho": "CTA ILPI", "Contrato": "6312/2022", "Credor Nome": "B & B ENGENHARIA E CONSTRUCOES LTDA", "Valor Empenho": 306938.95, "Valor Empenho Cancelado": 306938.95, "Valor Empenho Líquido": 0.0, "Valor Empenho Liquidado": 0.0, "Valor Empenho Pago": 0.0, "Equipamento 1": "Unidade de Saúde", "Equipamento 2": "CTA ILPI", "Endereço": "Rua Comendador Nestor Pereira, 75b", "Região": "Norte", "Extensão (m)": null, "Trecho (Recap)": null, "lon": -46.619209471164709, "lat": -23.524465238387677 }, "geometry": { "type": "Point", "coordinates": [ -46.619209471164709, -23.524465238387677 ] } },
{ "type": "Feature", "properties": { "Ano": 2022.0, "Nota Empenho": "30206/2022", "Nota Reserva": "13238/2022", "Ata CMDP": "2022-02-15 00:00:00", "Processo SEI": 6022202100038218.0, "Unidade": "SIURB", "Função": "08 - ASSISTÊNCIA SOCIAL", "Sub Função": "244 - ASSISTÊNCIA COMUNITÁRIA", "Programa": "3023 - PROTEÇÃO À POPULAÇÃO EM SITUAÇÃO DE VULNERABILIDADE SOCIAL", "Atividade": "3399 - AMPLIAÇÃO, REFORMA E REQUALIFICAÇÃO DE EQUIPAMENTOS DA ASSISTÊNCIA SOCIAL", "Sub Elemento Despesa": "Manutenção e Conservação de Bens Imóveis", "Item Despesa": "Manutenção e conservação de bens imóveis", "Observação Empenho": "CTA CANINDÉ", "Contrato": "6312/2022", "Credor Nome": "B & B ENGENHARIA E CONSTRUCOES LTDA", "Valor Empenho": 504785.66, "Valor Empenho Cancelado": 504785.66, "Valor Empenho Líquido": 0.0, "Valor Empenho Liquidado": 0.0, "Valor Empenho Pago": 0.0, "Equipamento 1": "Unidade de Saúde", "Equipamento 2": "CTA Canindé", "Endereço": "Rua Comendador Nestor Pereira, 75b", "Região": "Norte", "Extensão (m)": null, "Trecho (Recap)": null, "lon": -46.619209471164709, "lat": -23.524465238387677 }, "geometry": { "type": "Point", "coordinates": [ -46.619209471164709, -23.524465238387677 ] } },
{ "type": "Feature", "properties": { "Ano": 2022.0, "Nota Empenho": "30217/2022", "Nota Reserva": "13238/2022", "Ata CMDP": "2022-02-15 00:00:00", "Processo SEI": 6022202100038218.0, "Unidade": "SIURB", "Função": "08 - ASSISTÊNCIA SOCIAL", "Sub Função": "244 - ASSISTÊNCIA COMUNITÁRIA", "Programa": "3023 - PROTEÇÃO À POPULAÇÃO EM SITUAÇÃO DE VULNERABILIDADE SOCIAL", "Atividade": "3399 - AMPLIAÇÃO, REFORMA E REQUALIFICAÇÃO DE EQUIPAMENTOS DA ASSISTÊNCIA SOCIAL", "Sub Elemento Despesa": "Manutenção e Conservação de Bens Imóveis", "Item Despesa": "Manutenção e conservação de bens imóveis", "Observação Empenho": "CTA BORACEIA", "Contrato": "6328/2022", "Credor Nome": "EEC ENGENHARIA E CONSTRUCOES LTDA", "Valor Empenho": 177817.38, "Valor Empenho Cancelado": 0.0, "Valor Empenho Líquido": 177817.38, "Valor Empenho Liquidado": 177817.38, "Valor Empenho Pago": 177817.38, "Equipamento 1": "Unidade de Saúde", "Equipamento 2": "CTA Boraceia", "Endereço": "R. Boracéa, 270", "Região": "Oeste", "Extensão (m)": null, "Trecho (Recap)": null, "lon": -46.651662817588061, "lat": -23.525427217993961 }, "geometry": { "type": "Point", "coordinates": [ -46.651662817588061, -23.525427217993961 ] } },
{ "type": "Feature", "properties": { "Ano": 2022.0, "Nota Empenho": "30218/2022", "Nota Reserva": "13238/2022", "Ata CMDP": "2022-02-15 00:00:00", "Processo SEI": 6022202100038218.0, "Unidade": "SIURB", "Função": "08 - ASSISTÊNCIA SOCIAL", "Sub Função": "244 - ASSISTÊNCIA COMUNITÁRIA", "Programa": "3023 - PROTEÇÃO À POPULAÇÃO EM SITUAÇÃO DE VULNERABILIDADE SOCIAL", "Atividade": "3399 - AMPLIAÇÃO, REFORMA E REQUALIFICAÇÃO DE EQUIPAMENTOS DA ASSISTÊNCIA SOCIAL", "Sub Elemento Despesa": "Manutenção e Conservação de Bens Imóveis", "Item Despesa": "Manutenção e conservação de bens imóveis", "Observação Empenho": "CTA CASA VERDE", "Contrato": "6328/2022", "Credor Nome": "EEC ENGENHARIA E CONSTRUCOES LTDA", "Valor Empenho": 177817.38, "Valor Empenho Cancelado": 0.0, "Valor Empenho Líquido": 177817.38, "Valor Empenho Liquidado": 177817.38, "Valor Empenho Pago": 177817.38, "Equipamento 1": "Centro de Acolhida", "Equipamento 2": "CAE Casa Verde", "Endereço": "Rua Brazelisa Alves de Carvalho, 414 - Vila Baruel", "Região": "Leste", "Extensão (m)": null, "Trecho (Recap)": null, "lon": -46.650518657670602, "lat": -23.512114009813171 }, "geometry": { "type": "Point", "coordinates": [ -46.650518657670602, -23.512114009813171 ] } },
{ "type": "Feature", "properties": { "Ano": 2022.0, "Nota Empenho": "38991/2022", "Nota Reserva": "38991/2022", "Ata CMDP": null, "Processo SEI": 6018202100515014.0, "Unidade": "SMS", "Função": "10 - SAÚDE", "Sub Função": "301 - ATENÇÃO BÁSICA", "Programa": "3003 - AÇÕES E SERVIÇOS DA SAÚDE EM ATENÇÃO BÁSICA, ESPECIALIDADES E VIGILÂNCIA", "Atividade": "5204 - AVANÇA SAÚDE SP - AMPLIAÇÃO, REFORMA E REQUALIFICAÇÃO DE EQUIPAMENTOS DE SAÚDE", "Sub Elemento Despesa": "Obras em Andamento - Uso Comum do Povo", "Item Despesa": "Hospitais e similares", "Observação Empenho": "SMS - BID - EXECUÇÃO DE OBRAS DE CONSTRUÇÃO DA UNIDADE BÁSICA DE SAÚDE - \"UBS\" JD. DA CONQUISTA II - PERÍODO: EXERCÍCIO DE 2022.", "Contrato": "10370/2022", "Credor Nome": "CONSORCIO MACOR  DB", "Valor Empenho": 2763544.09, "Valor Empenho Cancelado": 2763544.09, "Valor Empenho Líquido": 0.0, "Valor Empenho Liquidado": 0.0, "Valor Empenho Pago": 0.0, "Equipamento 1": "Unidade de Saúde", "Equipamento 2": "UBS Jardim da Conquista II", "Endereço": "Tv. Somos Todos Iguais, 915", "Região": "Leste", "Extensão (m)": null, "Trecho (Recap)": null, "lon": -46.444658627675302, "lat": -23.607116163887799 }, "geometry": { "type": "Point", "coordinates": [ -46.444658627675302, -23.607116163887799 ] } },
{ "type": "Feature", "properties": { "Ano": 2022.0, "Nota Empenho": "39404/2022", "Nota Reserva": "39404/2022", "Ata CMDP": null, "Processo SEI": 6012202200055543.0, "Unidade": "SMSUB", "Função": "15 - URBANISMO", "Sub Função": "452 - SERVIÇOS URBANOS", "Programa": "3022 - REQUALIFICAÇÃO E PROMOÇÃO DA OCUPAÇÃO DOS ESPAÇOS PÚBLICOS", "Atividade": "1137 - PAVIMENTAÇÃO E RECAPEAMENTO DE VIAS", "Sub Elemento Despesa": "Obras em Andamento - Uso Comum do Povo", "Item Despesa": "Pavimentação de Ruas e Avenidas", "Observação Empenho": "ELABORAÇÃO DE PROJETO E EXECUÇÃO DE DRENAGEM E PAVIMENTAÇÃO PARA O TRECHO DA RUA PERAMIRIM Nº 11 ATÉ O Nº 228 - SÃO MATEUS.", "Contrato": "10564/2022", "Credor Nome": "MACOR ENGENHARIA CONSTRUCOES E COMERCIO LTDA", "Valor Empenho": 2924968.12, "Valor Empenho Cancelado": 59.66, "Valor Empenho Líquido": 2924968.12, "Valor Empenho Liquidado": 2924908.46, "Valor Empenho Pago": 2924908.46, "Equipamento 1": null, "Equipamento 2": null, "Endereço": "RUA PERAMIRIM Nº 11 ATÉ O Nº 228 - SÃO MATEUS.", "Região": "Leste", "Extensão (m)": null, "Trecho (Recap)": null, "lon": -46.451783122602038, "lat": -23.616227953873818 }, "geometry": { "type": "Point", "coordinates": [ -46.451783122602038, -23.616227953873818 ] } },
{ "type": "Feature", "properties": { "Ano": 2022.0, "Nota Empenho": "65904/2022", "Nota Reserva": "45513/2022", "Ata CMDP": "2022-08-08 00:00:00", "Processo SEI": 7610201900034927.0, "Unidade": "COHAB", "Função": "16 - HABITAÇÃO", "Sub Função": "451 - INFRA-ESTRUTURA URBANA", "Programa": "3002 - ACESSO À MORADIA ADEQUADA", "Atividade": "3356 - REGULARIZAÇÃO FUNDIÁRIA", "Sub Elemento Despesa": "FMH", "Item Despesa": "Projetos e Ações de Apoio Habitacional", "Observação Empenho": "Pagamento de serviços gerais de manutenção corretiva, reparação, adaptação, modificação, revitalização, recuperação e complementação do Residencial Parque do Gato.", "Contrato": "20188/2022", "Credor Nome": "HE ENGENHARIA  COMÉRCIO E REPRESENTAÇÕES LTDA", "Valor Empenho": 703727.58, "Valor Empenho Cancelado": 370809.23, "Valor Empenho Líquido": 332918.35, "Valor Empenho Liquidado": 332918.35, "Valor Empenho Pago": 332918.35, "Equipamento 1": "Unidade de Habitação", "Equipamento 2": "COHAB Parque do Gato", "Endereço": "COHAB Parque do Gato", "Região": "Centro", "Extensão (m)": null, "Trecho (Recap)": null, "lon": -46.639493743282898, "lat": -23.52091683164015 }, "geometry": { "type": "Point", "coordinates": [ -46.639493743282898, -23.52091683164015 ] } },
{ "type": "Feature", "properties": { "Ano": 2022.0, "Nota Empenho": "66046/2022", "Nota Reserva": "45284/2022", "Ata CMDP": "2022-08-08 00:00:00", "Processo SEI": 7610201800014258.0, "Unidade": "COHAB", "Função": "16 - HABITAÇÃO", "Sub Função": "451 - INFRA-ESTRUTURA URBANA", "Programa": "3002 - ACESSO À MORADIA ADEQUADA", "Atividade": "3356 - REGULARIZAÇÃO FUNDIÁRIA", "Sub Elemento Despesa": "Instalações", "Item Despesa": "Outras Instalações", "Observação Empenho": "CONSTRUÇÃO DE TRINCHEIRAS DE EXTRAÇÃO DE GASES E SERVIÇOS CONTÍNUOS DE MONITORAMENTO, OPERAÇÃO, CONSERVAÇÃO E MANUTENÇÃO - C. H. HELIÓPOLIS L, GLEBAS I E II.", "Contrato": "20226/2022", "Credor Nome": "WEBER CONSULTORIA E ENGENHARIA AMBIENTAL LIMITADA", "Valor Empenho": 644615.7, "Valor Empenho Cancelado": 0.0, "Valor Empenho Líquido": 644615.7, "Valor Empenho Liquidado": 644615.7, "Valor Empenho Pago": 644615.7, "Equipamento 1": "Unidade de Habitação", "Equipamento 2": "COHAB HELIOPOLIS L, GLEBAS I e II", "Endereço": "COHAB HELIOPOLIS L, GLEBAS I e II", "Região": "Sul", "Extensão (m)": null, "Trecho (Recap)": null, "lon": -46.580909616882778, "lat": -23.60753478942468 }, "geometry": { "type": "Point", "coordinates": [ -46.580909616882778, -23.60753478942468 ] } },
{ "type": "Feature", "properties": { "Ano": 2022.0, "Nota Empenho": "67272/2022", "Nota Reserva": "45284/2022", "Ata CMDP": null, "Processo SEI": 7610201800013669.0, "Unidade": "COHAB", "Função": "16 - HABITAÇÃO", "Sub Função": "451 - INFRA-ESTRUTURA URBANA", "Programa": "3002 - ACESSO À MORADIA ADEQUADA", "Atividade": "3356 - REGULARIZAÇÃO FUNDIÁRIA", "Sub Elemento Despesa": "Instalações", "Item Despesa": "Outras Instalações", "Observação Empenho": "Contratação de empresa especializada para execução de obras de canalização do afluente do Córrego Reimberg - Cocaia - Empreend. Vila Nascente / AMAI - Capela do Socorro.", "Contrato": "20719/2022", "Credor Nome": "TRANSVIAS CONSTRUCOES E TERRAPLENAGEM LTDA", "Valor Empenho": 4946819.54, "Valor Empenho Cancelado": 3192269.2, "Valor Empenho Líquido": 4946819.54, "Valor Empenho Liquidado": 1754550.34, "Valor Empenho Pago": 1754550.34, "Equipamento 1": null, "Equipamento 2": null, "Endereço": "Córrego Reimberg Cocaia", "Região": "Sul", "Extensão (m)": null, "Trecho (Recap)": null, "lon": -46.689210565079897, "lat": -23.75469769954768 }, "geometry": { "type": "Point", "coordinates": [ -46.689210565079897, -23.75469769954768 ] } },
{ "type": "Feature", "properties": { "Ano": 2022.0, "Nota Empenho": "72591/2022", "Nota Reserva": "29777/2022", "Ata CMDP": null, "Processo SEI": 6012202200074009.0, "Unidade": "SMSUB", "Função": "15 - URBANISMO", "Sub Função": "452 - SERVIÇOS URBANOS", "Programa": "3022 - REQUALIFICAÇÃO E PROMOÇÃO DA OCUPAÇÃO DOS ESPAÇOS PÚBLICOS", "Atividade": "1137 - PAVIMENTAÇÃO E RECAPEAMENTO DE VIAS", "Sub Elemento Despesa": "Obras em Andamento - Uso Comum do Povo", "Item Despesa": "Pavimentação de Ruas e Avenidas", "Observação Empenho": "Execução de obras de pavimentação e serviços complementares na Rua Santo André Avelino – Jardim Rodolfo Pirani", "Contrato": "22842/2022", "Credor Nome": "FBF CONSTRUCOES E SERVICOS LTDA", "Valor Empenho": 10464814.02, "Valor Empenho Cancelado": 7084270.9, "Valor Empenho Líquido": 10464814.02, "Valor Empenho Liquidado": 3380543.12, "Valor Empenho Pago": 3380543.12, "Equipamento 1": null, "Equipamento 2": null, "Endereço": "Rua Santo André Avelino – Jardim Rodolfo Pirani", "Região": "Leste", "Extensão (m)": null, "Trecho (Recap)": null, "lon": -46.464122116899397, "lat": -23.637792937770687 }, "geometry": { "type": "Point", "coordinates": [ -46.464122116899397, -23.637792937770687 ] } },
{ "type": "Feature", "properties": { "Ano": 2022.0, "Nota Empenho": "87172/2022", "Nota Reserva": "45513/2022", "Ata CMDP": "2022-08-08 00:00:00", "Processo SEI": 7610202200013259.0, "Unidade": "COHAB", "Função": "16 - HABITAÇÃO", "Sub Função": "451 - INFRA-ESTRUTURA URBANA", "Programa": "3002 - ACESSO À MORADIA ADEQUADA", "Atividade": "3356 - REGULARIZAÇÃO FUNDIÁRIA", "Sub Elemento Despesa": "Instalações", "Item Despesa": "Outras Instalações", "Observação Empenho": "Execução servs de reforma, manutenção e conservação do C.H. IV Centenário, localizado na Rua Joana Avancini Prado, composto pelo condomínio n° 739, Jd. Primavera-São Paulo/SP, com 184 UHs - blocos 8, 9, 10 e condomínio n° 255, com 88 UHs- Total 266 UHs.", "Contrato": "28316/2022", "Credor Nome": "SANED ENGENHARIA  E EMPREENDIMENTOS S.A", "Valor Empenho": 1552063.0, "Valor Empenho Cancelado": 1552063.0, "Valor Empenho Líquido": 0.0, "Valor Empenho Liquidado": 0.0, "Valor Empenho Pago": 0.0, "Equipamento 1": null, "Equipamento 2": null, "Endereço": "Rua Joana Avancini Prado", "Região": "Sul", "Extensão (m)": null, "Trecho (Recap)": null, "lon": -46.687452280105603, "lat": -23.706568796527066 }, "geometry": { "type": "Point", "coordinates": [ -46.687452280105603, -23.706568796527066 ] } },
{ "type": "Feature", "properties": { "Ano": 2022.0, "Nota Empenho": "87215/2022", "Nota Reserva": "45513/2022", "Ata CMDP": "2022-08-08 00:00:00", "Processo SEI": 7610202200013259.0, "Unidade": "COHAB", "Função": "16 - HABITAÇÃO", "Sub Função": "451 - INFRA-ESTRUTURA URBANA", "Programa": "3002 - ACESSO À MORADIA ADEQUADA", "Atividade": "3356 - REGULARIZAÇÃO FUNDIÁRIA", "Sub Elemento Despesa": "Instalações", "Item Despesa": "Outras Instalações", "Observação Empenho": "Execução servs de reforma, manutenção e conservação do C.H. IV Centenário, localizado na Rua Joana Avancini Prado, composto pelo condomínio n° 739, Jd. Primavera-São Paulo/SP, com 184 UHs - blocos 8, 9, 10 e condomínio n° 255, com 88 UHs- Total 266 UHs\nUH", "Contrato": "28316/2022", "Credor Nome": "SANED ENGENHARIA  E EMPREENDIMENTOS S.A", "Valor Empenho": 1552063.0, "Valor Empenho Cancelado": 1211217.67, "Valor Empenho Líquido": 1552063.0, "Valor Empenho Liquidado": 340845.33, "Valor Empenho Pago": 340845.33, "Equipamento 1": null, "Equipamento 2": null, "Endereço": "Rua Joana Avancini Prado, composto pelo condomínio n° 739, Jd. Primavera-São Paulo/SP, com 184 UHs - blocos 8, 9, 10 e condomínio n° 255,", "Região": "Sul", "Extensão (m)": null, "Trecho (Recap)": null, "lon": -46.687873124383437, "lat": -23.709650354372965 }, "geometry": { "type": "Point", "coordinates": [ -46.687873124383437, -23.709650354372965 ] } },
{ "type": "Feature", "properties": { "Ano": 2022.0, "Nota Empenho": "88722/2022", "Nota Reserva": "42467/2022", "Ata CMDP": null, "Processo SEI": 6012202200099630.0, "Unidade": "SMSUB", "Função": "15 - URBANISMO", "Sub Função": "452 - SERVIÇOS URBANOS", "Programa": "3022 - REQUALIFICAÇÃO E PROMOÇÃO DA OCUPAÇÃO DOS ESPAÇOS PÚBLICOS", "Atividade": "1137 - PAVIMENTAÇÃO E RECAPEAMENTO DE VIAS", "Sub Elemento Despesa": "Obras em Andamento - Uso Comum do Povo", "Item Despesa": "Pavimentação de Ruas e Avenidas", "Observação Empenho": "CONTRATAÇÃO DE EMPRESA ESPECIALIZADA EM ENGENHARIA PARA EXECUÇÃO DE SERVIÇOS DE PAVIMENTAÇÃO, ALÉM DE SERVIÇOS COMPLEMENTARES ESSENCIAIS PARA A CIRCULAÇÃO DE VEÍCULOS EM TRAVESSA DA RUA JOÃO CABRAL DE MELO NETO – CIDADE TIRADENTES", "Contrato": "28596/2022", "Credor Nome": "FBF CONSTRUCOES E SERVICOS LTDA", "Valor Empenho": 706102.58, "Valor Empenho Cancelado": 1928.62, "Valor Empenho Líquido": 706102.58, "Valor Empenho Liquidado": 704173.96, "Valor Empenho Pago": 704173.96, "Equipamento 1": null, "Equipamento 2": null, "Endereço": "Rua João Cabral Melo Neto - Conj. Hab. Santa Etelvina III", "Região": "Leste", "Extensão (m)": null, "Trecho (Recap)": null, "lon": -46.414089274707791, "lat": -23.576577744691711 }, "geometry": { "type": "Point", "coordinates": [ -46.414089274707791, -23.576577744691711 ] } },
{ "type": "Feature", "properties": { "Ano": 2022.0, "Nota Empenho": "91346/2022", "Nota Reserva": "42470/2022", "Ata CMDP": null, "Processo SEI": 6012202200099745.0, "Unidade": "SMSUB", "Função": "15 - URBANISMO", "Sub Função": "452 - SERVIÇOS URBANOS", "Programa": "3022 - REQUALIFICAÇÃO E PROMOÇÃO DA OCUPAÇÃO DOS ESPAÇOS PÚBLICOS", "Atividade": "1137 - PAVIMENTAÇÃO E RECAPEAMENTO DE VIAS", "Sub Elemento Despesa": "Obras em Andamento - Uso Comum do Povo", "Item Despesa": "Pavimentação de Ruas e Avenidas", "Observação Empenho": "SUB-PR - Obra p/implantação pav.asfaltica, guias/sarjetas/drenagem, R.Aloisio de Magalhães, Perus / TP", "Contrato": "29042/2022", "Credor Nome": "MC ENGENHARIA E CONSTRUCOES LTDA", "Valor Empenho": 2817216.11, "Valor Empenho Cancelado": 455.1, "Valor Empenho Líquido": 2817216.11, "Valor Empenho Liquidado": 2816761.01, "Valor Empenho Pago": 2816761.01, "Equipamento 1": null, "Equipamento 2": null, "Endereço": "Rua Aloísio de Magalhães - Chácara Maria Trindade - Perus", "Região": "Noroeste", "Extensão (m)": null, "Trecho (Recap)": null, "lon": -46.804385732382237, "lat": -23.418700109628979 }, "geometry": { "type": "Point", "coordinates": [ -46.804385732382237, -23.418700109628979 ] } },
{ "type": "Feature", "properties": { "Ano": 2022.0, "Nota Empenho": "97922/2022", "Nota Reserva": "42469/2022", "Ata CMDP": null, "Processo SEI": 6054202200015354.0, "Unidade": "SUB-SM", "Função": "15 - URBANISMO", "Sub Função": "452 - SERVIÇOS URBANOS", "Programa": "3022 - REQUALIFICAÇÃO E PROMOÇÃO DA OCUPAÇÃO DOS ESPAÇOS PÚBLICOS", "Atividade": "1137 - PAVIMENTAÇÃO E RECAPEAMENTO DE VIAS", "Sub Elemento Despesa": "Obras em Andamento - Uso Comum do Povo", "Item Despesa": "Pavimentação de Ruas e Avenidas", "Observação Empenho": "SUB-SM/TP 11/2022 - SERV DE PAVIMENTAÇÃO ASFÁLTICA E DRENAGEM - AV NOVA CONQUISTA", "Contrato": "31461/2022", "Credor Nome": "MC ENGENHARIA E CONSTRUCOES LTDA", "Valor Empenho": 2760470.11, "Valor Empenho Cancelado": 0.0, "Valor Empenho Líquido": 2760470.11, "Valor Empenho Liquidado": 2760470.11, "Valor Empenho Pago": 2760470.11, "Equipamento 1": null, "Equipamento 2": null, "Endereço": "Av Nova Conquista", "Região": "Leste", "Extensão (m)": null, "Trecho (Recap)": null, "lon": -46.445310322569341, "lat": -23.620121968923826 }, "geometry": { "type": "Point", "coordinates": [ -46.445310322569341, -23.620121968923826 ] } },
{ "type": "Feature", "properties": { "Ano": 2022.0, "Nota Empenho": "98084/2022", "Nota Reserva": "42477/2022", "Ata CMDP": null, "Processo SEI": 6042202200025680.0, "Unidade": "SUB-JA", "Função": "15 - URBANISMO", "Sub Função": "452 - SERVIÇOS URBANOS", "Programa": "3022 - REQUALIFICAÇÃO E PROMOÇÃO DA OCUPAÇÃO DOS ESPAÇOS PÚBLICOS", "Atividade": "1137 - PAVIMENTAÇÃO E RECAPEAMENTO DE VIAS", "Sub Elemento Despesa": "Obras em Andamento - Uso Comum do Povo", "Item Despesa": "Pavimentação de Ruas e Avenidas", "Observação Empenho": "SUB-JA -  PAVIMENTAÇÃO DE VIAS NO BAIRRO JABAQUARA – SÃO PAULO - SP.", "Contrato": "31556/2022", "Credor Nome": "CASAMAX  COMERCIAL LTDA", "Valor Empenho": 2446648.73, "Valor Empenho Cancelado": 2381485.43, "Valor Empenho Líquido": 2446648.73, "Valor Empenho Liquidado": 65163.3, "Valor Empenho Pago": 65163.3, "Equipamento 1": null, "Equipamento 2": null, "Endereço": "Jabaquara", "Região": "Sul", "Extensão (m)": null, "Trecho (Recap)": null, "lon": -46.650512521925698, "lat": -23.639709222722008 }, "geometry": { "type": "Point", "coordinates": [ -46.650512521925698, -23.639709222722008 ] } },
{ "type": "Feature", "properties": { "Ano": 2023.0, "Nota Empenho": "101809/2023", "Nota Reserva": "71131/2023", "Ata CMDP": null, "Processo SEI": 201403217773.0, "Unidade": "SMS", "Função": "10 - SAÚDE", "Sub Função": "301 - ATENÇÃO BÁSICA", "Programa": "3003 - AÇÕES E SERVIÇOS DA SAÚDE EM ATENÇÃO BÁSICA, ESPECIALIDADES E VIGILÂNCIA", "Atividade": "5204 - AVANÇA SAÚDE SP - AMPLIAÇÃO, REFORMA E REQUALIFICAÇÃO DE EQUIPAMENTOS DE SAÚDE", "Sub Elemento Despesa": "Serviços de Assistência à Saúde", "Item Despesa": "Obras e Reformas em Imóvel da Prefeitura", "Observação Empenho": "Despesa de Investimento, com reforma na UBS Água Funda.", "Contrato": "21362/2018", "Credor Nome": "SPDM -  ASSOCIAÇÃO PAULISTA PARA O DESENVOLVIMENTO DA MEDICINA", "Valor Empenho": 338088.84, "Valor Empenho Cancelado": 0.0, "Valor Empenho Líquido": 338088.84, "Valor Empenho Liquidado": 338088.84, "Valor Empenho Pago": 338088.84, "Equipamento 1": "Unidade de Saúde", "Equipamento 2": "UBS Água Funda", "Endereço": "R. Rosa de Morais, 91 - Vila Água Funda", "Região": "Sul", "Extensão (m)": "SIMPROC", "Trecho (Recap)": null, "lon": -46.625838984325192, "lat": -23.630398199623681 }, "geometry": { "type": "Point", "coordinates": [ -46.625838984325192, -23.630398199623681 ] } },
{ "type": "Feature", "properties": { "Ano": 2023.0, "Nota Empenho": "104512/2023", "Nota Reserva": "39741/2023", "Ata CMDP": "2023-05-05 00:00:00", "Processo SEI": 7910202100011298.0, "Unidade": "SPOBRAS", "Função": "15 - URBANISMO", "Sub Função": "451 - INFRA-ESTRUTURA URBANA", "Programa": "3009 - MELHORIA DA MOBILIDADE URBANA UNIVERSAL", "Atividade": "5187 - RECUPERAÇÃO E REFORÇO DE OBRAS DE ARTE ESPECIAIS - OAE", "Sub Elemento Despesa": "Obras em Andamento - Uso Comum do Povo", "Item Despesa": "Pontes, Pontilhões e Viadutos", "Observação Empenho": "Execução dos serviços de recuperação estrutural do Viaduto Sumaré e Viaduto Dr. Arnaldo – Lote 14.", "Contrato": "19954/2022", "Credor Nome": "ALMEIDA SAPATA ENGENHARIA E CONSTRUCOES LTDA", "Valor Empenho": 1496837.4, "Valor Empenho Cancelado": 0.0, "Valor Empenho Líquido": 1496837.4, "Valor Empenho Liquidado": 1496837.4, "Valor Empenho Pago": 1496837.4, "Equipamento 1": "Viadutos", "Equipamento 2": "Viaduto", "Endereço": "Viaduto Sumaré e Viaduto Dr. Arnaldo", "Região": "Oeste", "Extensão (m)": null, "Trecho (Recap)": null, "lon": -46.677644433160573, "lat": -23.550895050489103 }, "geometry": { "type": "Point", "coordinates": [ -46.677644433160573, -23.550895050489103 ] } },
{ "type": "Feature", "properties": { "Ano": 2023.0, "Nota Empenho": "104538/2023", "Nota Reserva": "39741/2023", "Ata CMDP": "2023-05-05 00:00:00", "Processo SEI": 7910202100011069.0, "Unidade": "SPOBRAS", "Função": "15 - URBANISMO", "Sub Função": "451 - INFRA-ESTRUTURA URBANA", "Programa": "3009 - MELHORIA DA MOBILIDADE URBANA UNIVERSAL", "Atividade": "5187 - RECUPERAÇÃO E REFORÇO DE OBRAS DE ARTE ESPECIAIS - OAE", "Sub Elemento Despesa": "Obras em Andamento - Uso Comum do Povo", "Item Despesa": "Pontes, Pontilhões e Viadutos", "Observação Empenho": "Execução dos serviços de recuperação estrutural do Viaduto Carlos Ferraci - Lote 5.", "Contrato": "17058/2022", "Credor Nome": "ALMEIDA SAPATA ENGENHARIA E CONSTRUCOES LTDA", "Valor Empenho": 1960016.22, "Valor Empenho Cancelado": 94292.33, "Valor Empenho Líquido": 1960016.22, "Valor Empenho Liquidado": 1865723.89, "Valor Empenho Pago": 1865723.89, "Equipamento 1": "Viadutos", "Equipamento 2": "Viaduto", "Endereço": "Viaduto Carlos Ferraci", "Região": "Leste", "Extensão (m)": null, "Trecho (Recap)": null, "lon": -46.571480231386381, "lat": -23.538982946749218 }, "geometry": { "type": "Point", "coordinates": [ -46.571480231386381, -23.538982946749218 ] } },
{ "type": "Feature", "properties": { "Ano": 2023.0, "Nota Empenho": "105378/2023", "Nota Reserva": "45356/2023", "Ata CMDP": "2023-06-13 00:00:00", "Processo SEI": 6012202200124340.0, "Unidade": "SMSUB", "Função": "15 - URBANISMO", "Sub Função": "451 - INFRA-ESTRUTURA URBANA", "Programa": "3022 - REQUALIFICAÇÃO E PROMOÇÃO DA OCUPAÇÃO DOS ESPAÇOS PÚBLICOS", "Atividade": "1170 - INTERVENÇÃO, URBANIZAÇÃO E MELHORIA DE BAIRROS - PLANO DE OBRAS DAS SUBPREFEITURAS", "Sub Elemento Despesa": "Obras em Andamento - Uso Comum do Povo", "Item Despesa": "Praças, Parques e Jardins", "Observação Empenho": "ASS. PARLAMENTAR - Obras de revitalização da Praça Carlos Casado na Rua São Miguel dos Milagres", "Contrato": "27005/2022", "Credor Nome": "NOVA JRA EMPREENDIMENTOS E ENGENHARIA LTDA", "Valor Empenho": 146859.1, "Valor Empenho Cancelado": 135380.67, "Valor Empenho Líquido": 146859.1, "Valor Empenho Liquidado": 11478.43, "Valor Empenho Pago": 11478.43, "Equipamento 1": null, "Equipamento 2": null, "Endereço": "Rua São Miguel dos Milagres", "Região": "Norte", "Extensão (m)": null, "Trecho (Recap)": null, "lon": -46.712953203034999, "lat": -23.457564316674539 }, "geometry": { "type": "Point", "coordinates": [ -46.712953203034999, -23.457564316674539 ] } },
{ "type": "Feature", "properties": { "Ano": 2023.0, "Nota Empenho": "107810/2023", "Nota Reserva": "71130/2023", "Ata CMDP": null, "Processo SEI": 201403217773.0, "Unidade": "SMS", "Função": "10 - SAÚDE", "Sub Função": "301 - ATENÇÃO BÁSICA", "Programa": "3003 - AÇÕES E SERVIÇOS DA SAÚDE EM ATENÇÃO BÁSICA, ESPECIALIDADES E VIGILÂNCIA", "Atividade": "5204 - AVANÇA SAÚDE SP - AMPLIAÇÃO, REFORMA E REQUALIFICAÇÃO DE EQUIPAMENTOS DE SAÚDE", "Sub Elemento Despesa": "Serviços de Assistência à Saúde", "Item Despesa": "Obras e Reformas em Imóvel da OS ou de Terceiros", "Observação Empenho": "Despesas com reforma na UBS Almirante Delamare.", "Contrato": "21362/2018", "Credor Nome": "SPDM -  ASSOCIAÇÃO PAULISTA PARA O DESENVOLVIMENTO DA MEDICINA", "Valor Empenho": 211793.83, "Valor Empenho Cancelado": 0.0, "Valor Empenho Líquido": 211793.83, "Valor Empenho Liquidado": 211793.83, "Valor Empenho Pago": 211793.83, "Equipamento 1": "Unidade de Saúde", "Equipamento 2": "UBS Almirante Delamare", "Endereço": "Rua Almirante Mariath, 62 - Ipiranga", "Região": "Sul", "Extensão (m)": "SIMPROC", "Trecho (Recap)": null, "lon": -46.596194985172005, "lat": -23.603808640589897 }, "geometry": { "type": "Point", "coordinates": [ -46.596194985172005, -23.603808640589897 ] } },
{ "type": "Feature", "properties": { "Ano": 2023.0, "Nota Empenho": "109626/2023", "Nota Reserva": "45368/2023", "Ata CMDP": null, "Processo SEI": 6012202300190590.0, "Unidade": "SMSUB", "Função": "15 - URBANISMO", "Sub Função": "452 - SERVIÇOS URBANOS", "Programa": "3022 - REQUALIFICAÇÃO E PROMOÇÃO DA OCUPAÇÃO DOS ESPAÇOS PÚBLICOS", "Atividade": "1170 - INTERVENÇÃO, URBANIZAÇÃO E MELHORIA DE BAIRROS - PLANO DE OBRAS DAS SUBPREFEITURAS", "Sub Elemento Despesa": "Manutenção e Conservação de Bens Imóveis", "Item Despesa": "Manutenção e Reformas de Bens Imóveis", "Observação Empenho": "ATOs - Serviços de readequação de Mureta do Canteiro central - Av. Jornalista Roberto Marinho", "Contrato": "33333/2023", "Credor Nome": "TEMAFE ENGENHARIA E CONSTRUCOES LTDA", "Valor Empenho": 1406471.26, "Valor Empenho Cancelado": 2351.64, "Valor Empenho Líquido": 1406471.26, "Valor Empenho Liquidado": 1404119.62, "Valor Empenho Pago": 1404119.62, "Equipamento 1": null, "Equipamento 2": null, "Endereço": "Av. Jornalista Roberto Marinho", "Região": "Sul", "Extensão (m)": null, "Trecho (Recap)": null, "lon": -46.678069551541853, "lat": -23.623232299515543 }, "geometry": { "type": "Point", "coordinates": [ -46.678069551541853, -23.623232299515543 ] } },
{ "type": "Feature", "properties": { "Ano": 2023.0, "Nota Empenho": "112985/2023", "Nota Reserva": "78562/2023", "Ata CMDP": null, "Processo SEI": 201403371292.0, "Unidade": "SMS", "Função": "10 - SAÚDE", "Sub Função": "301 - ATENÇÃO BÁSICA", "Programa": "3003 - AÇÕES E SERVIÇOS DA SAÚDE EM ATENÇÃO BÁSICA, ESPECIALIDADES E VIGILÂNCIA", "Atividade": "5204 - AVANÇA SAÚDE SP - AMPLIAÇÃO, REFORMA E REQUALIFICAÇÃO DE EQUIPAMENTOS DE SAÚDE", "Sub Elemento Despesa": "Serviços de Assistência à Saúde", "Item Despesa": "Obras e Reformas em Imóvel da Prefeitura", "Observação Empenho": "Despesa de reforma e adequações necessárias a melhoria de acessibilidade para a UBS Pastoral.", "Contrato": "21353/2018", "Credor Nome": "SPDM -  ASSOCIAÇÃO PAULISTA PARA O DESENVOLVIMENTO DA MEDICINA", "Valor Empenho": 237348.49, "Valor Empenho Cancelado": 0.0, "Valor Empenho Líquido": 237348.49, "Valor Empenho Liquidado": 237348.49, "Valor Empenho Pago": 237348.49, "Equipamento 1": "Unidade de Saúde", "Equipamento 2": "UBS Pastoral", "Endereço": "R. Nova Resende, 199 - Parque Santa Madalena", "Região": "Leste", "Extensão (m)": "SIMPROC", "Trecho (Recap)": null, "lon": -46.516993405103108, "lat": -23.614060032556392 }, "geometry": { "type": "Point", "coordinates": [ -46.516993405103108, -23.614060032556392 ] } },
{ "type": "Feature", "properties": { "Ano": 2023.0, "Nota Empenho": "113245/2023", "Nota Reserva": "69769/2023", "Ata CMDP": null, "Processo SEI": 6018202100045034.0, "Unidade": "SMS", "Função": "10 - SAÚDE", "Sub Função": "301 - ATENÇÃO BÁSICA", "Programa": "3003 - AÇÕES E SERVIÇOS DA SAÚDE EM ATENÇÃO BÁSICA, ESPECIALIDADES E VIGILÂNCIA", "Atividade": "5204 - AVANÇA SAÚDE SP - AMPLIAÇÃO, REFORMA E REQUALIFICAÇÃO DE EQUIPAMENTOS DE SAÚDE", "Sub Elemento Despesa": "Serviços de Assistência à Saúde", "Item Despesa": "Obras e Reformas em Imóvel da Prefeitura", "Observação Empenho": "Despesa para Reforma, adequação e ampliação do CER II Jaçanã ref. CG 025/2021-  SMS.G/CPCS, conforme encaminhamento SEI 091717533 no processo 6018.2023/0046655-6.", "Contrato": "21867/2021", "Credor Nome": "SOCIEDADE BENEFICENTE CAMINHO DE DAMASCO", "Valor Empenho": 260000.0, "Valor Empenho Cancelado": 0.0, "Valor Empenho Líquido": 260000.0, "Valor Empenho Liquidado": 260000.0, "Valor Empenho Pago": 260000.0, "Equipamento 1": "Centro de Reabilitação", "Equipamento 2": "CER II Jaçanã", "Endereço": "R. São Geraldino, 313 - Vila Constança", "Região": "Norte", "Extensão (m)": null, "Trecho (Recap)": null, "lon": -46.580906542667634, "lat": -23.474758952501624 }, "geometry": { "type": "Point", "coordinates": [ -46.580906542667634, -23.474758952501624 ] } },
{ "type": "Feature", "properties": { "Ano": 2023.0, "Nota Empenho": "113251/2023", "Nota Reserva": "76591/2023", "Ata CMDP": null, "Processo SEI": 6018202100045034.0, "Unidade": "SMS", "Função": "10 - SAÚDE", "Sub Função": "301 - ATENÇÃO BÁSICA", "Programa": "3003 - AÇÕES E SERVIÇOS DA SAÚDE EM ATENÇÃO BÁSICA, ESPECIALIDADES E VIGILÂNCIA", "Atividade": "5204 - AVANÇA SAÚDE SP - AMPLIAÇÃO, REFORMA E REQUALIFICAÇÃO DE EQUIPAMENTOS DE SAÚDE", "Sub Elemento Despesa": "Serviços de Assistência à Saúde", "Item Despesa": "Materiais Permanentes", "Observação Empenho": "Despesa para Aquisição de bens permanentes para o CER II Jaçanã. Autorizado no SEI 093091742 do processo 6018.2023/0046655-6", "Contrato": "21867/2021", "Credor Nome": "SOCIEDADE BENEFICENTE CAMINHO DE DAMASCO", "Valor Empenho": 82769.95, "Valor Empenho Cancelado": 0.0, "Valor Empenho Líquido": 82769.95, "Valor Empenho Liquidado": 82769.95, "Valor Empenho Pago": 82769.95, "Equipamento 1": "Centro de Reabilitação", "Equipamento 2": "CER II Jaçanã", "Endereço": "R. São Geraldino, 313 - Vila Constança", "Região": "Norte", "Extensão (m)": null, "Trecho (Recap)": null, "lon": -46.580906542667634, "lat": -23.474758952501624 }, "geometry": { "type": "Point", "coordinates": [ -46.580906542667634, -23.474758952501624 ] } },
{ "type": "Feature", "properties": { "Ano": 2023.0, "Nota Empenho": "113283/2023", "Nota Reserva": "74604/2023", "Ata CMDP": null, "Processo SEI": 201403217684.0, "Unidade": "SMS", "Função": "10 - SAÚDE", "Sub Função": "301 - ATENÇÃO BÁSICA", "Programa": "3003 - AÇÕES E SERVIÇOS DA SAÚDE EM ATENÇÃO BÁSICA, ESPECIALIDADES E VIGILÂNCIA", "Atividade": "5204 - AVANÇA SAÚDE SP - AMPLIAÇÃO, REFORMA E REQUALIFICAÇÃO DE EQUIPAMENTOS DE SAÚDE", "Sub Elemento Despesa": "Serviços de Assistência à Saúde", "Item Despesa": "Obras e Reformas em Imóvel da OS ou de Terceiros", "Observação Empenho": "6018.2023/0102949-4 - Despesa para Reforma e Adequação na UBS Gleba do Pessego - ref. CG 011/2015-SMS.G - autorizado no SEI 092706788 do proc. 6018.2023/0046655-6", "Contrato": "21331/2018", "Credor Nome": "CASA DE SAUDE SANTA MARCELINA", "Valor Empenho": 300000.0, "Valor Empenho Cancelado": 0.0, "Valor Empenho Líquido": 300000.0, "Valor Empenho Liquidado": 300000.0, "Valor Empenho Pago": 300000.0, "Equipamento 1": "Unidade de Saúde", "Equipamento 2": "UBS Gleba do Pessêgo", "Endereço": "380, Rua Confissāo, 783 - Gleba do Pêssego", "Região": "Leste", "Extensão (m)": "SIMPROC", "Trecho (Recap)": null, "lon": -46.448750518926701, "lat": -23.583918315308107 }, "geometry": { "type": "Point", "coordinates": [ -46.448750518926701, -23.583918315308107 ] } },
{ "type": "Feature", "properties": { "Ano": 2023.0, "Nota Empenho": "113989/2023", "Nota Reserva": "76584/2023", "Ata CMDP": null, "Processo SEI": 201403371349.0, "Unidade": "SMS", "Função": "10 - SAÚDE", "Sub Função": "301 - ATENÇÃO BÁSICA", "Programa": "3003 - AÇÕES E SERVIÇOS DA SAÚDE EM ATENÇÃO BÁSICA, ESPECIALIDADES E VIGILÂNCIA", "Atividade": "5204 - AVANÇA SAÚDE SP - AMPLIAÇÃO, REFORMA E REQUALIFICAÇÃO DE EQUIPAMENTOS DE SAÚDE", "Sub Elemento Despesa": "Serviços de Assistência à Saúde", "Item Despesa": "Materiais Permanentes", "Observação Empenho": "6018.2023/0105592-4 - R09 - aquisição de equipamentos para a AMA/UBS integrada Jd Tietê I - autorizado no SEI 093091742 processo 6018.2023/0046655-6", "Contrato": "21318/2018", "Credor Nome": "FUNDACAO DO ABC", "Valor Empenho": 149782.42, "Valor Empenho Cancelado": 0.0, "Valor Empenho Líquido": 149782.42, "Valor Empenho Liquidado": 149782.42, "Valor Empenho Pago": 149782.42, "Equipamento 1": "Unidade de Saúde", "Equipamento 2": "AMA/UBS Jd Tietê I", "Endereço": "Av. Engenho Novo, 120 - São Mateus", "Região": "Leste", "Extensão (m)": "SIMPROC", "Trecho (Recap)": null, "lon": -46.495097821410397, "lat": -23.598742411586571 }, "geometry": { "type": "Point", "coordinates": [ -46.495097821410397, -23.598742411586571 ] } },
{ "type": "Feature", "properties": { "Ano": 2023.0, "Nota Empenho": "115806/2023", "Nota Reserva": "45356/2023", "Ata CMDP": "2023-06-13 00:00:00", "Processo SEI": 6012202300135220.0, "Unidade": "SMSUB", "Função": "15 - URBANISMO", "Sub Função": "451 - INFRA-ESTRUTURA URBANA", "Programa": "3022 - REQUALIFICAÇÃO E PROMOÇÃO DA OCUPAÇÃO DOS ESPAÇOS PÚBLICOS", "Atividade": "1170 - INTERVENÇÃO, URBANIZAÇÃO E MELHORIA DE BAIRROS - PLANO DE OBRAS DAS SUBPREFEITURAS", "Sub Elemento Despesa": "Obras em Andamento - Uso Comum do Povo", "Item Despesa": "Praças, Parques e Jardins", "Observação Empenho": "ATOS - ELABORAÇÃO DE PROJETO EXECUTIVO E EXECUÇÃO DE OBRAS CIVIS PARA IMPLANTAÇÃO DE PARQUE LINEAR NO BAIRRO VILA NOVA GALVÃO - SP (SUB-JT) - CÓRREGO RUA ANHANDUZINHO.", "Contrato": "32329/2023", "Credor Nome": "RODOSERV ENGENHARIA LTDA", "Valor Empenho": 11631340.06, "Valor Empenho Cancelado": 0.0, "Valor Empenho Líquido": 11631340.06, "Valor Empenho Liquidado": 11631340.06, "Valor Empenho Pago": 11631340.06, "Equipamento 1": null, "Equipamento 2": null, "Endereço": "R. Anhanduizinho - Vila Nova Galvão", "Região": "Norte", "Extensão (m)": null, "Trecho (Recap)": null, "lon": -46.575718286678701, "lat": -23.454656124401563 }, "geometry": { "type": "Point", "coordinates": [ -46.575718286678701, -23.454656124401563 ] } },
{ "type": "Feature", "properties": { "Ano": 2023.0, "Nota Empenho": "115818/2023", "Nota Reserva": "45356/2023", "Ata CMDP": "2023-06-13 00:00:00", "Processo SEI": 6012202200220692.0, "Unidade": "SMSUB", "Função": "15 - URBANISMO", "Sub Função": "451 - INFRA-ESTRUTURA URBANA", "Programa": "3022 - REQUALIFICAÇÃO E PROMOÇÃO DA OCUPAÇÃO DOS ESPAÇOS PÚBLICOS", "Atividade": "1170 - INTERVENÇÃO, URBANIZAÇÃO E MELHORIA DE BAIRROS - PLANO DE OBRAS DAS SUBPREFEITURAS", "Sub Elemento Despesa": "Obras em Andamento - Uso Comum do Povo", "Item Despesa": "Obras em Áreas de Risco", "Observação Empenho": "ATOS - Obras de revitalização do Córrego Itaquera", "Contrato": "11989/2023", "Credor Nome": "CONSTRUTORA ETAMA LTDA", "Valor Empenho": 3621961.1, "Valor Empenho Cancelado": 0.0, "Valor Empenho Líquido": 3621961.1, "Valor Empenho Liquidado": 3621961.1, "Valor Empenho Pago": 3621961.1, "Equipamento 1": null, "Equipamento 2": null, "Endereço": "Córrego Itaquera", "Região": "Leste", "Extensão (m)": null, "Trecho (Recap)": null, "lon": -46.460946032288298, "lat": -23.542242874969787 }, "geometry": { "type": "Point", "coordinates": [ -46.460946032288298, -23.542242874969787 ] } },
{ "type": "Feature", "properties": { "Ano": 2023.0, "Nota Empenho": "116175/2023", "Nota Reserva": "71141/2023", "Ata CMDP": null, "Processo SEI": 6018202300557969.0, "Unidade": "SMS", "Função": "10 - SAÚDE", "Sub Função": "302 - ASSISTÊNCIA HOSPITALAR E AMBULATORIAL", "Programa": "3003 - AÇÕES E SERVIÇOS DA SAÚDE EM ATENÇÃO BÁSICA, ESPECIALIDADES E VIGILÂNCIA", "Atividade": "5204 - AVANÇA SAÚDE SP - AMPLIAÇÃO, REFORMA E REQUALIFICAÇÃO DE EQUIPAMENTOS DE SAÚDE", "Sub Elemento Despesa": "Obras em Andamento - Uso Comum do Povo", "Item Despesa": "Hospitais e similares", "Observação Empenho": "Cobertura das despesas com o acréscimo contratual e prorrogação por 60 dias no prazo da entrega, a partir de 26/11/2023, dos serviços de engenharia na reforma da UPA Santo Amaro - 2º pavimento.", "Contrato": "28561/2023", "Credor Nome": "RD CONSTRUCAO REFRIGERACAO COMERCIO SERVICOS E PROJETOS LTDA", "Valor Empenho": 158341.86, "Valor Empenho Cancelado": 0.0, "Valor Empenho Líquido": 158341.86, "Valor Empenho Liquidado": 158341.86, "Valor Empenho Pago": 158341.86, "Equipamento 1": "Unidade de Saúde", "Equipamento 2": "UPA Santo Amaro", "Endereço": "R. Promotor Gabriel Nettuzzi Perez, 41 - Santo Amaro", "Região": "Sul", "Extensão (m)": null, "Trecho (Recap)": null, "lon": -46.704751328495298, "lat": -23.651631790065867 }, "geometry": { "type": "Point", "coordinates": [ -46.704751328495298, -23.651631790065867 ] } },
{ "type": "Feature", "properties": { "Ano": 2023.0, "Nota Empenho": "116842/2023", "Nota Reserva": "45368/2023", "Ata CMDP": "2023-06-13 00:00:00", "Processo SEI": 6012202300088575.0, "Unidade": "SMSUB", "Função": "15 - URBANISMO", "Sub Função": "452 - SERVIÇOS URBANOS", "Programa": "3022 - REQUALIFICAÇÃO E PROMOÇÃO DA OCUPAÇÃO DOS ESPAÇOS PÚBLICOS", "Atividade": "1170 - INTERVENÇÃO, URBANIZAÇÃO E MELHORIA DE BAIRROS - PLANO DE OBRAS DAS SUBPREFEITURAS", "Sub Elemento Despesa": "Manutenção e Conservação de Bens Imóveis", "Item Despesa": "Manutenção e Reformas de Bens Imóveis", "Observação Empenho": "ATOS - Serviços de Requalificação da Praça São Francisco da Glória", "Contrato": "17476/2023", "Credor Nome": "CODIGO ENGENHARIA E CONSTRUCOES LTDA", "Valor Empenho": 242230.03, "Valor Empenho Cancelado": 58858.51, "Valor Empenho Líquido": 242230.03, "Valor Empenho Liquidado": 183371.52, "Valor Empenho Pago": 183371.52, "Equipamento 1": "Praças", "Equipamento 2": "Praça São Francisco da Glória", "Endereço": "Praça São Francisco da Glória ", "Região": "Sul", "Extensão (m)": null, "Trecho (Recap)": null, "lon": -46.618714682130303, "lat": -23.58118228517711 }, "geometry": { "type": "Point", "coordinates": [ -46.618714682130303, -23.58118228517711 ] } },
{ "type": "Feature", "properties": { "Ano": 2023.0, "Nota Empenho": "116851/2023", "Nota Reserva": "45368/2023", "Ata CMDP": "2023-06-13 00:00:00", "Processo SEI": 6012202300088567.0, "Unidade": "SMSUB", "Função": "15 - URBANISMO", "Sub Função": "452 - SERVIÇOS URBANOS", "Programa": "3022 - REQUALIFICAÇÃO E PROMOÇÃO DA OCUPAÇÃO DOS ESPAÇOS PÚBLICOS", "Atividade": "1170 - INTERVENÇÃO, URBANIZAÇÃO E MELHORIA DE BAIRROS - PLANO DE OBRAS DAS SUBPREFEITURAS", "Sub Elemento Despesa": "Manutenção e Conservação de Bens Imóveis", "Item Despesa": "Manutenção e Reformas de Bens Imóveis", "Observação Empenho": "ATOS - Serviços de Requalificação da Praça Antônio B. de Almeida localizada na Av. Pref. Fábio Prado S/N", "Contrato": "17200/2023", "Credor Nome": "CODIGO ENGENHARIA E CONSTRUCOES LTDA", "Valor Empenho": 313885.76, "Valor Empenho Cancelado": 83544.52, "Valor Empenho Líquido": 313863.46, "Valor Empenho Liquidado": 230341.24, "Valor Empenho Pago": 230341.24, "Equipamento 1": null, "Equipamento 2": null, "Endereço": "Praça Antônio B. de Almeida - Av. Pref. Fábio Prado S/N", "Região": "Sul", "Extensão (m)": null, "Trecho (Recap)": null, "lon": -46.629055249359538, "lat": -23.591187651754069 }, "geometry": { "type": "Point", "coordinates": [ -46.629055249359538, -23.591187651754069 ] } },
{ "type": "Feature", "properties": { "Ano": 2023.0, "Nota Empenho": "116881/2023", "Nota Reserva": "45368/2023", "Ata CMDP": "2023-06-13 00:00:00", "Processo SEI": 6012202300158050.0, "Unidade": "SMSUB", "Função": "15 - URBANISMO", "Sub Função": "452 - SERVIÇOS URBANOS", "Programa": "3022 - REQUALIFICAÇÃO E PROMOÇÃO DA OCUPAÇÃO DOS ESPAÇOS PÚBLICOS", "Atividade": "1170 - INTERVENÇÃO, URBANIZAÇÃO E MELHORIA DE BAIRROS - PLANO DE OBRAS DAS SUBPREFEITURAS", "Sub Elemento Despesa": "Manutenção e Conservação de Bens Imóveis", "Item Despesa": "Manutenção e Reformas de Bens Imóveis", "Observação Empenho": "ATOS - Serviços de Readequação das áreas ajardinadas do Viaduto Onze de Junho, Moema (SUB-VM)", "Contrato": "29087/2023", "Credor Nome": "CODIGO ENGENHARIA E CONSTRUCOES LTDA", "Valor Empenho": 707695.76, "Valor Empenho Cancelado": 520037.7, "Valor Empenho Líquido": 707695.76, "Valor Empenho Liquidado": 187658.06, "Valor Empenho Pago": 187658.06, "Equipamento 1": "Viadutos", "Equipamento 2": "Viaduto Onze de Junho", "Endereço": "Viaduto Onze de Junho", "Região": "Sul", "Extensão (m)": null, "Trecho (Recap)": null, "lon": -46.651119732517898, "lat": -23.600729148267181 }, "geometry": { "type": "Point", "coordinates": [ -46.651119732517898, -23.600729148267181 ] } },
{ "type": "Feature", "properties": { "Ano": 2023.0, "Nota Empenho": "116892/2023", "Nota Reserva": "45368/2023", "Ata CMDP": "2023-06-13 00:00:00", "Processo SEI": 6012202300073152.0, "Unidade": "SMSUB", "Função": "15 - URBANISMO", "Sub Função": "452 - SERVIÇOS URBANOS", "Programa": "3022 - REQUALIFICAÇÃO E PROMOÇÃO DA OCUPAÇÃO DOS ESPAÇOS PÚBLICOS", "Atividade": "1170 - INTERVENÇÃO, URBANIZAÇÃO E MELHORIA DE BAIRROS - PLANO DE OBRAS DAS SUBPREFEITURAS", "Sub Elemento Despesa": "Manutenção e Conservação de Bens Imóveis", "Item Despesa": "Manutenção e Reformas de Bens Imóveis", "Observação Empenho": "ATOS - Requalificação da Praça Eugenio Aquino Pasquali, Sapopemba", "Contrato": "14042/2023", "Credor Nome": "CONSITEC  ENGENHARIA E TECNOLOGIA LTDA", "Valor Empenho": 117470.31, "Valor Empenho Cancelado": 20886.51, "Valor Empenho Líquido": 117470.31, "Valor Empenho Liquidado": 96583.8, "Valor Empenho Pago": 96583.8, "Equipamento 1": "Praças", "Equipamento 2": "Praça Eugenio Aquino Pasquali", "Endereço": "Praça Eugenio Aquino Pasquali - Sapopemba", "Região": "Leste", "Extensão (m)": null, "Trecho (Recap)": null, "lon": -46.5166010865046, "lat": -23.600714892523051 }, "geometry": { "type": "Point", "coordinates": [ -46.5166010865046, -23.600714892523051 ] } },
{ "type": "Feature", "properties": { "Ano": 2023.0, "Nota Empenho": "116986/2023", "Nota Reserva": "45368/2023", "Ata CMDP": "2023-06-13 00:00:00", "Processo SEI": 6012202300063912.0, "Unidade": "SMSUB", "Função": "15 - URBANISMO", "Sub Função": "452 - SERVIÇOS URBANOS", "Programa": "3022 - REQUALIFICAÇÃO E PROMOÇÃO DA OCUPAÇÃO DOS ESPAÇOS PÚBLICOS", "Atividade": "1170 - INTERVENÇÃO, URBANIZAÇÃO E MELHORIA DE BAIRROS - PLANO DE OBRAS DAS SUBPREFEITURAS", "Sub Elemento Despesa": "Manutenção e Conservação de Bens Imóveis", "Item Despesa": "Manutenção e Reformas de Bens Imóveis", "Observação Empenho": "ATOS - Serviços de Revitalização da Praça Vila Carioca", "Contrato": "13456/2023", "Credor Nome": "LEMAM CONSTRUCOES E COMERCIO SA", "Valor Empenho": 3977.91, "Valor Empenho Cancelado": 3977.91, "Valor Empenho Líquido": 3977.91, "Valor Empenho Liquidado": 0.0, "Valor Empenho Pago": 0.0, "Equipamento 1": "Praças", "Equipamento 2": "Praça Vila Carioca", "Endereço": "Praça Vila Carioca - R. Auriverde, 841 - Vila Independencia", "Região": "Sul", "Extensão (m)": null, "Trecho (Recap)": null, "lon": -46.591333417037603, "lat": -23.594873573001291 }, "geometry": { "type": "Point", "coordinates": [ -46.591333417037603, -23.594873573001291 ] } },
{ "type": "Feature", "properties": { "Ano": 2023.0, "Nota Empenho": "117012/2023", "Nota Reserva": "45368/2023", "Ata CMDP": "2023-06-13 00:00:00", "Processo SEI": 6012202300107642.0, "Unidade": "SMSUB", "Função": "15 - URBANISMO", "Sub Função": "452 - SERVIÇOS URBANOS", "Programa": "3022 - REQUALIFICAÇÃO E PROMOÇÃO DA OCUPAÇÃO DOS ESPAÇOS PÚBLICOS", "Atividade": "1170 - INTERVENÇÃO, URBANIZAÇÃO E MELHORIA DE BAIRROS - PLANO DE OBRAS DAS SUBPREFEITURAS", "Sub Elemento Despesa": "Manutenção e Conservação de Bens Imóveis", "Item Despesa": "Manutenção e Reformas de Bens Imóveis", "Observação Empenho": "ATOS - Serviços de Readequação de gradil na Avenida Teresa Cristina, lado Ímpar - Ipiranga (SUB-IP)", "Contrato": "26802/2023", "Credor Nome": "LEMAM CONSTRUCOES E COMERCIO SA", "Valor Empenho": 1310713.22, "Valor Empenho Cancelado": 638587.24, "Valor Empenho Líquido": 1310713.22, "Valor Empenho Liquidado": 672125.98, "Valor Empenho Pago": 672125.98, "Equipamento 1": null, "Equipamento 2": null, "Endereço": "Passagem Tom Jobim", "Região": "Centro", "Extensão (m)": null, "Trecho (Recap)": null, "lon": -46.633930071165103, "lat": -23.539105224776041 }, "geometry": { "type": "Point", "coordinates": [ -46.633930071165103, -23.539105224776041 ] } },
{ "type": "Feature", "properties": { "Ano": 2023.0, "Nota Empenho": "117116/2023", "Nota Reserva": "81607/2023", "Ata CMDP": null, "Processo SEI": 201403218001.0, "Unidade": "SMS", "Função": "10 - SAÚDE", "Sub Função": "301 - ATENÇÃO BÁSICA", "Programa": "3003 - AÇÕES E SERVIÇOS DA SAÚDE EM ATENÇÃO BÁSICA, ESPECIALIDADES E VIGILÂNCIA", "Atividade": "5204 - AVANÇA SAÚDE SP - AMPLIAÇÃO, REFORMA E REQUALIFICAÇÃO DE EQUIPAMENTOS DE SAÚDE", "Sub Elemento Despesa": "Serviços de Assistência à Saúde", "Item Despesa": "Materiais Permanentes", "Observação Empenho": "CG R012.2015 - TA 088.2023 - Inclusão de Recurso de INVESTIMENTO para Aquisição de Materiais e Equipamentos para UBS Vila das Belezas - Dez 2023", "Contrato": "21205/2018", "Credor Nome": "ASSOCIACAO COMUNITARIA MONTE AZUL", "Valor Empenho": 199761.79, "Valor Empenho Cancelado": 0.0, "Valor Empenho Líquido": 199761.79, "Valor Empenho Liquidado": 199761.79, "Valor Empenho Pago": 199761.79, "Equipamento 1": "Unidade de Saúde", "Equipamento 2": "UBS Vila das Belezas", "Endereço": "Rua Tenente Isaías Branco de Araújo, 105 - Vila das Belezas", "Região": "Sul", "Extensão (m)": "SIMPROC", "Trecho (Recap)": null, "lon": -46.741308813495301, "lat": -23.643224331543166 }, "geometry": { "type": "Point", "coordinates": [ -46.741308813495301, -23.643224331543166 ] } },
{ "type": "Feature", "properties": { "Ano": 2023.0, "Nota Empenho": "117123/2023", "Nota Reserva": "76587/2023", "Ata CMDP": null, "Processo SEI": 201403371349.0, "Unidade": "SMS", "Função": "10 - SAÚDE", "Sub Função": "301 - ATENÇÃO BÁSICA", "Programa": "3003 - AÇÕES E SERVIÇOS DA SAÚDE EM ATENÇÃO BÁSICA, ESPECIALIDADES E VIGILÂNCIA", "Atividade": "5204 - AVANÇA SAÚDE SP - AMPLIAÇÃO, REFORMA E REQUALIFICAÇÃO DE EQUIPAMENTOS DE SAÚDE", "Sub Elemento Despesa": "Serviços de Assistência à Saúde", "Item Despesa": "Materiais Permanentes", "Observação Empenho": "6018.2023/0100662-2 - R09 - Despesa para Aquisição de equipamentos para a AMA/UBS Integrada Jardim das Laranjeiras. Autorizado no SEI 093091742 do processo 6018.2023/0046655-6", "Contrato": "21318/2018", "Credor Nome": "FUNDACAO DO ABC", "Valor Empenho": 249473.94, "Valor Empenho Cancelado": 3329.75, "Valor Empenho Líquido": 246144.19, "Valor Empenho Liquidado": 246144.19, "Valor Empenho Pago": 246144.19, "Equipamento 1": "Unidade de Saúde", "Equipamento 2": "AMA/UBS Jd das Laranjeiras", "Endereço": "Av. Bento Guelfi, 1100 - Jardim da Laranjeira", "Região": "Leste", "Extensão (m)": "SIMPROC", "Trecho (Recap)": null, "lon": -46.429970272862903, "lat": -23.603604010830281 }, "geometry": { "type": "Point", "coordinates": [ -46.429970272862903, -23.603604010830281 ] } },
{ "type": "Feature", "properties": { "Ano": 2023.0, "Nota Empenho": "117136/2023", "Nota Reserva": "81606/2023", "Ata CMDP": null, "Processo SEI": 201400356039.0, "Unidade": "SMS", "Função": "10 - SAÚDE", "Sub Função": "301 - ATENÇÃO BÁSICA", "Programa": "3003 - AÇÕES E SERVIÇOS DA SAÚDE EM ATENÇÃO BÁSICA, ESPECIALIDADES E VIGILÂNCIA", "Atividade": "5204 - AVANÇA SAÚDE SP - AMPLIAÇÃO, REFORMA E REQUALIFICAÇÃO DE EQUIPAMENTOS DE SAÚDE", "Sub Elemento Despesa": "Serviços de Assistência à Saúde", "Item Despesa": "Obras e Reformas em Imóvel da Prefeitura", "Observação Empenho": "CG R002.2014 - TA 164.2023 - Inclusão de Recurso de INVESTIMENTO para Adequação/Reforma dos Banheiros da AMA/UBS Integrada Jardim Mirna - Nov 2023", "Contrato": "21189/2018", "Credor Nome": "ASSOCIAÇÃO SAUDE DA FAMILIA", "Valor Empenho": 197500.25, "Valor Empenho Cancelado": 0.0, "Valor Empenho Líquido": 197500.25, "Valor Empenho Liquidado": 197500.25, "Valor Empenho Pago": 197500.25, "Equipamento 1": "Unidade de Saúde", "Equipamento 2": "AMA/UBS Jd Mirna", "Endereço": "R. Dr. Juvenal Hudson Ferreira, 13 - Jardim Myrna", "Região": "Sul", "Extensão (m)": "SIMPROC", "Trecho (Recap)": null, "lon": -46.696477436060285, "lat": -23.77137256231693 }, "geometry": { "type": "Point", "coordinates": [ -46.696477436060285, -23.77137256231693 ] } },
{ "type": "Feature", "properties": { "Ano": 2023.0, "Nota Empenho": "117291/2023", "Nota Reserva": "24656/2023", "Ata CMDP": "2023-05-05 00:00:00", "Processo SEI": 6012202300260947.0, "Unidade": "SMSUB", "Função": "15 - URBANISMO", "Sub Função": "452 - SERVIÇOS URBANOS", "Programa": "3022 - REQUALIFICAÇÃO E PROMOÇÃO DA OCUPAÇÃO DOS ESPAÇOS PÚBLICOS", "Atividade": "1137 - PAVIMENTAÇÃO E RECAPEAMENTO DE VIAS", "Sub Elemento Despesa": "Manutenção e Conservação de Bens Imóveis", "Item Despesa": "Manutenção e Reformas de Bens Imóveis", "Observação Empenho": "CONSEMAVI - TC 842/SMSUB/COGEL/2023 - Via Avenida Professor José Maria Alkmin - Trecho Avenida Engenheiro Heitor Antônio Eiras Garcia", "Contrato": "37042/2023", "Credor Nome": "JOFEGE PAVIMENTACAO E CONSTRUCAO LTDA", "Valor Empenho": 453592.27, "Valor Empenho Cancelado": 351065.31, "Valor Empenho Líquido": 453592.27, "Valor Empenho Liquidado": 102526.96, "Valor Empenho Pago": 102526.96, "Equipamento 1": null, "Equipamento 2": null, "Endereço": "Avenida Professor José Maria Alkmin", "Região": "Oeste", "Extensão (m)": null, "Trecho (Recap)": null, "lon": -46.755347972863824, "lat": -23.577246414723795 }, "geometry": { "type": "Point", "coordinates": [ -46.755347972863824, -23.577246414723795 ] } },
{ "type": "Feature", "properties": { "Ano": 2023.0, "Nota Empenho": "117971/2023", "Nota Reserva": "76592/2023", "Ata CMDP": null, "Processo SEI": 201403371403.0, "Unidade": "SMS", "Função": "10 - SAÚDE", "Sub Função": "301 - ATENÇÃO BÁSICA", "Programa": "3003 - AÇÕES E SERVIÇOS DA SAÚDE EM ATENÇÃO BÁSICA, ESPECIALIDADES E VIGILÂNCIA", "Atividade": "5204 - AVANÇA SAÚDE SP - AMPLIAÇÃO, REFORMA E REQUALIFICAÇÃO DE EQUIPAMENTOS DE SAÚDE", "Sub Elemento Despesa": "Serviços de Assistência à Saúde", "Item Despesa": "Materiais Permanentes", "Observação Empenho": "6018.2023/0103202-9 - R10 - Despesa para Aquisição de materiais e equipamentos para o PA Atualpa Dr. Girão Rabelo. Autorizado no SEI 093091742 do processo 6018.2023/0046655-6", "Contrato": "21337/2018", "Credor Nome": "CASA DE SAUDE SANTA MARCELINA", "Valor Empenho": 99889.0, "Valor Empenho Cancelado": 0.0, "Valor Empenho Líquido": 99889.0, "Valor Empenho Liquidado": 99889.0, "Valor Empenho Pago": 99889.0, "Equipamento 1": "Unidade de Saúde", "Equipamento 2": "UPA Dr. Atualpa Girão Rabelo", "Endereço": "R. Ilha do Arvoredo, 251 - Vila Morgadouro", "Região": "Leste", "Extensão (m)": "SIMPROC", "Trecho (Recap)": null, "lon": -46.395454440486077, "lat": -23.50807025980464 }, "geometry": { "type": "Point", "coordinates": [ -46.395454440486077, -23.50807025980464 ] } },
{ "type": "Feature", "properties": { "Ano": 2023.0, "Nota Empenho": "118111/2023", "Nota Reserva": "45368/2023", "Ata CMDP": "2023-06-13 00:00:00", "Processo SEI": 6012202300144866.0, "Unidade": "SMSUB", "Função": "15 - URBANISMO", "Sub Função": "452 - SERVIÇOS URBANOS", "Programa": "3022 - REQUALIFICAÇÃO E PROMOÇÃO DA OCUPAÇÃO DOS ESPAÇOS PÚBLICOS", "Atividade": "1170 - INTERVENÇÃO, URBANIZAÇÃO E MELHORIA DE BAIRROS - PLANO DE OBRAS DAS SUBPREFEITURAS", "Sub Elemento Despesa": "Manutenção e Conservação de Bens Imóveis", "Item Despesa": "Manutenção e Reformas de Bens Imóveis", "Observação Empenho": "ATOS - Serviços de adequação de Viela na Rua Jaslo.", "Contrato": "25904/2023", "Credor Nome": "M A S CONSTRUCOES E EMPREENDIMENTOS LIMITADA", "Valor Empenho": 214139.41, "Valor Empenho Cancelado": 0.16, "Valor Empenho Líquido": 214139.41, "Valor Empenho Liquidado": 214139.25, "Valor Empenho Pago": 214139.25, "Equipamento 1": null, "Equipamento 2": null, "Endereço": "Rua Jaslo", "Região": "Sul", "Extensão (m)": null, "Trecho (Recap)": null, "lon": -46.758970274705952, "lat": -23.650380302731243 }, "geometry": { "type": "Point", "coordinates": [ -46.758970274705952, -23.650380302731243 ] } },
{ "type": "Feature", "properties": { "Ano": 2023.0, "Nota Empenho": "118140/2023", "Nota Reserva": "24656/2023", "Ata CMDP": "2023-05-05 00:00:00", "Processo SEI": 6012202300263032.0, "Unidade": "SMSUB", "Função": "15 - URBANISMO", "Sub Função": "452 - SERVIÇOS URBANOS", "Programa": "3022 - REQUALIFICAÇÃO E PROMOÇÃO DA OCUPAÇÃO DOS ESPAÇOS PÚBLICOS", "Atividade": "1137 - PAVIMENTAÇÃO E RECAPEAMENTO DE VIAS", "Sub Elemento Despesa": "Manutenção e Conservação de Bens Imóveis", "Item Despesa": "Manutenção e Reformas de Bens Imóveis", "Observação Empenho": "CONSEMAVI - TC 880/SMSUB/COGEL/2023 - Via Av. Ascaz Natal - Trecho Rua Professora Marta Maria Bernardes", "Contrato": "37045/2023", "Credor Nome": "SOEBE CONSTRUÇÃO E PAVIMENTAÇÃO SA", "Valor Empenho": 217017.91, "Valor Empenho Cancelado": 15.95, "Valor Empenho Líquido": 217017.91, "Valor Empenho Liquidado": 217001.96, "Valor Empenho Pago": 217001.96, "Equipamento 1": null, "Equipamento 2": null, "Endereço": "Av. Ascaz Natal", "Região": "Sul", "Extensão (m)": null, "Trecho (Recap)": null, "lon": -46.709147805638182, "lat": -23.762270562185268 }, "geometry": { "type": "Point", "coordinates": [ -46.709147805638182, -23.762270562185268 ] } },
{ "type": "Feature", "properties": { "Ano": 2023.0, "Nota Empenho": "118619/2023", "Nota Reserva": "45368/2023", "Ata CMDP": "2023-06-13 00:00:00", "Processo SEI": 6012202300144688.0, "Unidade": "SMSUB", "Função": "15 - URBANISMO", "Sub Função": "452 - SERVIÇOS URBANOS", "Programa": "3022 - REQUALIFICAÇÃO E PROMOÇÃO DA OCUPAÇÃO DOS ESPAÇOS PÚBLICOS", "Atividade": "1170 - INTERVENÇÃO, URBANIZAÇÃO E MELHORIA DE BAIRROS - PLANO DE OBRAS DAS SUBPREFEITURAS", "Sub Elemento Despesa": "Manutenção e Conservação de Bens Imóveis", "Item Despesa": "Manutenção e Reformas de Bens Imóveis", "Observação Empenho": "ATOS - Serviços de adequação de Viela na Rua Brás Albanese", "Contrato": "26240/2023", "Credor Nome": "M A S CONSTRUCOES E EMPREENDIMENTOS LIMITADA", "Valor Empenho": 391740.47, "Valor Empenho Cancelado": 3389.8, "Valor Empenho Líquido": 391740.47, "Valor Empenho Liquidado": 388350.67, "Valor Empenho Pago": 388350.67, "Equipamento 1": null, "Equipamento 2": null, "Endereço": "R. Brás Albanese - Parque Fernanda", "Região": "Sul", "Extensão (m)": null, "Trecho (Recap)": null, "lon": -46.793040395205693, "lat": -23.670797402486823 }, "geometry": { "type": "Point", "coordinates": [ -46.793040395205693, -23.670797402486823 ] } },
{ "type": "Feature", "properties": { "Ano": 2023.0, "Nota Empenho": "119039/2023", "Nota Reserva": "74601/2023", "Ata CMDP": null, "Processo SEI": 6018202100045034.0, "Unidade": "SMS", "Função": "10 - SAÚDE", "Sub Função": "301 - ATENÇÃO BÁSICA", "Programa": "3003 - AÇÕES E SERVIÇOS DA SAÚDE EM ATENÇÃO BÁSICA, ESPECIALIDADES E VIGILÂNCIA", "Atividade": "5204 - AVANÇA SAÚDE SP - AMPLIAÇÃO, REFORMA E REQUALIFICAÇÃO DE EQUIPAMENTOS DE SAÚDE", "Sub Elemento Despesa": "Serviços de Assistência à Saúde", "Item Despesa": "Materiais Permanentes", "Observação Empenho": "Despesa para Aquisição de equipamentos assistenciais e administrativos para a mudança da URSI Santana/Jaçanã - ref. CG 025/2021-CPCSS/SMS - autorizado no SEI 092706788 do proc. 6018.2023/0046655-6", "Contrato": "21867/2021", "Credor Nome": "SOCIEDADE BENEFICENTE CAMINHO DE DAMASCO", "Valor Empenho": 108233.79, "Valor Empenho Cancelado": 0.0, "Valor Empenho Líquido": 108233.79, "Valor Empenho Liquidado": 108233.79, "Valor Empenho Pago": 108233.79, "Equipamento 1": "Unidade de Saúde", "Equipamento 2": "URSI Santana/Jaçanã", "Endereço": "R. José Vicente, 79 - Tremembé", "Região": "Norte", "Extensão (m)": null, "Trecho (Recap)": null, "lon": -46.622747170102059, "lat": -23.461245500276448 }, "geometry": { "type": "Point", "coordinates": [ -46.622747170102059, -23.461245500276448 ] } },
{ "type": "Feature", "properties": { "Ano": 2023.0, "Nota Empenho": "119289/2023", "Nota Reserva": "81625/2023", "Ata CMDP": null, "Processo SEI": 6018202301119051.0, "Unidade": "SMS", "Função": "10 - SAÚDE", "Sub Função": "301 - ATENÇÃO BÁSICA", "Programa": "3003 - AÇÕES E SERVIÇOS DA SAÚDE EM ATENÇÃO BÁSICA, ESPECIALIDADES E VIGILÂNCIA", "Atividade": "5204 - AVANÇA SAÚDE SP - AMPLIAÇÃO, REFORMA E REQUALIFICAÇÃO DE EQUIPAMENTOS DE SAÚDE", "Sub Elemento Despesa": "Obras em Andamento - Uso Comum do Povo", "Item Despesa": "Hospitais e similares", "Observação Empenho": "SMS - CONTRATAÇÃO DA OBRA DE MANUTENÇÃO AMA/UBS ÁGUA RASA - EXERCÍCIO 2023.", "Contrato": "37659/2023", "Credor Nome": "CONSITEC  ENGENHARIA E TECNOLOGIA LTDA", "Valor Empenho": 468922.74, "Valor Empenho Cancelado": 468922.74, "Valor Empenho Líquido": 468922.74, "Valor Empenho Liquidado": 0.0, "Valor Empenho Pago": 0.0, "Equipamento 1": "Unidade de Saúde", "Equipamento 2": "AMA/UBS Água Rasa", "Endereço": "R. Serra de Jairé, 1480 - Água Rasa", "Região": "Leste", "Extensão (m)": null, "Trecho (Recap)": null, "lon": -46.579873826990728, "lat": -23.553621548123161 }, "geometry": { "type": "Point", "coordinates": [ -46.579873826990728, -23.553621548123161 ] } },
{ "type": "Feature", "properties": { "Ano": 2023.0, "Nota Empenho": "119413/2023", "Nota Reserva": "59649/2023", "Ata CMDP": null, "Processo SEI": 6018202301155597.0, "Unidade": "SMS", "Função": "10 - SAÚDE", "Sub Função": "301 - ATENÇÃO BÁSICA", "Programa": "3003 - AÇÕES E SERVIÇOS DA SAÚDE EM ATENÇÃO BÁSICA, ESPECIALIDADES E VIGILÂNCIA", "Atividade": "5204 - AVANÇA SAÚDE SP - AMPLIAÇÃO, REFORMA E REQUALIFICAÇÃO DE EQUIPAMENTOS DE SAÚDE", "Sub Elemento Despesa": "Obras em Andamento - Uso Comum do Povo", "Item Despesa": "Hospitais e similares", "Observação Empenho": "CONTRATAÇÃO DE EMPRESA OU CONSÓRCIO DE EMPRESAS PARA EXECUÇÃO DE REFORMA DA UBS ENGENHEIRO TRINDADE (LOTE 2), PARA SECRETARIA MUNICIPAL DE SAÚDE, COM FORNECIMENTO DE MATERIAL E MÃO-DE-OBRA - EXERCICIO 2023", "Contrato": "37797/2023", "Credor Nome": "CONSTRUTORA ROY LTDA", "Valor Empenho": 161897.52, "Valor Empenho Cancelado": 133287.6, "Valor Empenho Líquido": 161897.52, "Valor Empenho Liquidado": 28609.92, "Valor Empenho Pago": 28609.92, "Equipamento 1": "Unidade de Saúde", "Equipamento 2": "UPA Engenheiro Trindade", "Endereço": "Av. Gabriela Mistral, 1168 - Penha de França", "Região": "Leste", "Extensão (m)": null, "Trecho (Recap)": null, "lon": -46.550710664576968, "lat": -23.510903376052852 }, "geometry": { "type": "Point", "coordinates": [ -46.550710664576968, -23.510903376052852 ] } },
{ "type": "Feature", "properties": { "Ano": 2023.0, "Nota Empenho": "119449/2023", "Nota Reserva": "59642/2023", "Ata CMDP": null, "Processo SEI": 6018202301155686.0, "Unidade": "SMS", "Função": "10 - SAÚDE", "Sub Função": "301 - ATENÇÃO BÁSICA", "Programa": "3003 - AÇÕES E SERVIÇOS DA SAÚDE EM ATENÇÃO BÁSICA, ESPECIALIDADES E VIGILÂNCIA", "Atividade": "5204 - AVANÇA SAÚDE SP - AMPLIAÇÃO, REFORMA E REQUALIFICAÇÃO DE EQUIPAMENTOS DE SAÚDE", "Sub Elemento Despesa": "Obras em Andamento - Uso Comum do Povo", "Item Despesa": "Hospitais e similares", "Observação Empenho": "CONTRATAÇÃO DE EMPRESA OU CONSÓRCIO DE EMPRESAS PARA EXECUÇÃO DA CONSTRUÇÃO DA UBS JARDIM FONTALIS (LOTE 3), PARA SECRETARIA MUNICIPAL DE SAÚDE, COM FORNECIMENTO DE MATERIAL E MÃO-DE-OBRA - EXERCICIO 2023.", "Contrato": "37822/2023", "Credor Nome": "DPT ENGENHARIA E ARQUITETURA LTDA.", "Valor Empenho": 111796.33, "Valor Empenho Cancelado": 102424.67, "Valor Empenho Líquido": 111796.33, "Valor Empenho Liquidado": 9371.66, "Valor Empenho Pago": 9371.66, "Equipamento 1": "Unidade de Saúde", "Equipamento 2": "UBS Jd Fontalis", "Endereço": "R. Mota, 5 - Jardim Fontalis", "Região": "Norte", "Extensão (m)": null, "Trecho (Recap)": null, "lon": -46.571555201572181, "lat": -23.439022761340347 }, "geometry": { "type": "Point", "coordinates": [ -46.571555201572181, -23.439022761340347 ] } },
{ "type": "Feature", "properties": { "Ano": 2023.0, "Nota Empenho": "119471/2023", "Nota Reserva": "59657/2023", "Ata CMDP": null, "Processo SEI": 6018202301155821.0, "Unidade": "SMS", "Função": "10 - SAÚDE", "Sub Função": "301 - ATENÇÃO BÁSICA", "Programa": "3003 - AÇÕES E SERVIÇOS DA SAÚDE EM ATENÇÃO BÁSICA, ESPECIALIDADES E VIGILÂNCIA", "Atividade": "5204 - AVANÇA SAÚDE SP - AMPLIAÇÃO, REFORMA E REQUALIFICAÇÃO DE EQUIPAMENTOS DE SAÚDE", "Sub Elemento Despesa": "Obras em Andamento - Uso Comum do Povo", "Item Despesa": "Hospitais e similares", "Observação Empenho": "CONTRATAÇÃO DE EMPRESA OU CONSÓRCIO DE EMPRESAS PARA EXECUÇÃO DA REVITALIZAÇÃO/AMPLIAÇÃO DA UBS AMERICANÓPOLIS (LOTE 4), PARA SECRETARIA MUNICIPAL DE SAÚDE, COM FORNECIMENTO DE MATERIAL E MÃO-DE-OBRA - EXERCICIO 2023.", "Contrato": "37844/2023", "Credor Nome": "CONSTRUTORA PROGREDIOR LTDA", "Valor Empenho": 195254.37, "Valor Empenho Cancelado": 187788.97, "Valor Empenho Líquido": 195254.37, "Valor Empenho Liquidado": 7465.4, "Valor Empenho Pago": 7465.4, "Equipamento 1": "Unidade de Saúde", "Equipamento 2": "UBS Americanópolis", "Endereço": "R. Cidade de Santos, 46 - Americanópolis", "Região": "Sul", "Extensão (m)": null, "Trecho (Recap)": null, "lon": -46.643880795867197, "lat": -23.66481626377055 }, "geometry": { "type": "Point", "coordinates": [ -46.643880795867197, -23.66481626377055 ] } },
{ "type": "Feature", "properties": { "Ano": 2023.0, "Nota Empenho": "119833/2023", "Nota Reserva": "82616/2023", "Ata CMDP": null, "Processo SEI": 6018202301082972.0, "Unidade": "SMS", "Função": "10 - SAÚDE", "Sub Função": "301 - ATENÇÃO BÁSICA", "Programa": "3003 - AÇÕES E SERVIÇOS DA SAÚDE EM ATENÇÃO BÁSICA, ESPECIALIDADES E VIGILÂNCIA", "Atividade": "5204 - AVANÇA SAÚDE SP - AMPLIAÇÃO, REFORMA E REQUALIFICAÇÃO DE EQUIPAMENTOS DE SAÚDE", "Sub Elemento Despesa": "Obras em Andamento - Uso Comum do Povo", "Item Despesa": "Hospitais e similares", "Observação Empenho": "SMS - CONTRATAÇÃO DE OBRA DE MANUTENÇÃO - UBS NOSSA SENHORA DO BRASIL - EXERCÍCIO 2023.", "Contrato": "38015/2023", "Credor Nome": "ALMEIDA SAPATA ENGENHARIA E CONSTRUCOES LTDA", "Valor Empenho": 289875.05, "Valor Empenho Cancelado": 289875.05, "Valor Empenho Líquido": 289875.05, "Valor Empenho Liquidado": 0.0, "Valor Empenho Pago": 0.0, "Equipamento 1": "Unidade de Saúde", "Equipamento 2": "UBS Nossa Senhora do Brasil", "Endereço": "R. Alm. Marques de Leão, 684 - Bela Vista", "Região": "Centro", "Extensão (m)": null, "Trecho (Recap)": null, "lon": -46.649176418855482, "lat": -23.562617941842991 }, "geometry": { "type": "Point", "coordinates": [ -46.649176418855482, -23.562617941842991 ] } },
{ "type": "Feature", "properties": { "Ano": 2023.0, "Nota Empenho": "119843/2023", "Nota Reserva": "82644/2023", "Ata CMDP": null, "Processo SEI": 6018202301083162.0, "Unidade": "SMS", "Função": "10 - SAÚDE", "Sub Função": "301 - ATENÇÃO BÁSICA", "Programa": "3003 - AÇÕES E SERVIÇOS DA SAÚDE EM ATENÇÃO BÁSICA, ESPECIALIDADES E VIGILÂNCIA", "Atividade": "5204 - AVANÇA SAÚDE SP - AMPLIAÇÃO, REFORMA E REQUALIFICAÇÃO DE EQUIPAMENTOS DE SAÚDE", "Sub Elemento Despesa": "Obras em Andamento - Uso Comum do Povo", "Item Despesa": "Hospitais e similares", "Observação Empenho": "SMS - CONTRATAÇÃO DE OBRA DE MANUTENÇÃO - UBS REPÚBLICA - EXERCÍCIO 2023.", "Contrato": "38021/2023", "Credor Nome": "ALMEIDA SAPATA ENGENHARIA E CONSTRUCOES LTDA", "Valor Empenho": 292043.44, "Valor Empenho Cancelado": 277284.34, "Valor Empenho Líquido": 292043.44, "Valor Empenho Liquidado": 14759.1, "Valor Empenho Pago": 14759.1, "Equipamento 1": "Unidade de Saúde", "Equipamento 2": "UBS República", "Endereço": "Praça do Patriarca, 100 - Centro Histórico de São Paulo", "Região": "Centro", "Extensão (m)": null, "Trecho (Recap)": null, "lon": -46.636503817741399, "lat": -23.547197969533819 }, "geometry": { "type": "Point", "coordinates": [ -46.636503817741399, -23.547197969533819 ] } },
{ "type": "Feature", "properties": { "Ano": 2023.0, "Nota Empenho": "119855/2023", "Nota Reserva": "82632/2023", "Ata CMDP": null, "Processo SEI": 6018202301082565.0, "Unidade": "SMS", "Função": "10 - SAÚDE", "Sub Função": "301 - ATENÇÃO BÁSICA", "Programa": "3003 - AÇÕES E SERVIÇOS DA SAÚDE EM ATENÇÃO BÁSICA, ESPECIALIDADES E VIGILÂNCIA", "Atividade": "5204 - AVANÇA SAÚDE SP - AMPLIAÇÃO, REFORMA E REQUALIFICAÇÃO DE EQUIPAMENTOS DE SAÚDE", "Sub Elemento Despesa": "Obras em Andamento - Uso Comum do Povo", "Item Despesa": "Hospitais e similares", "Observação Empenho": "SMS - CONTRATAÇÃO DE OBRA DE MANUTENÇÃO - UBS SANTA CECÍLIA - EXERCÍCIO 2023.", "Contrato": "38032/2023", "Credor Nome": "ALMEIDA SAPATA ENGENHARIA E CONSTRUCOES LTDA", "Valor Empenho": 736769.63, "Valor Empenho Cancelado": 663565.19, "Valor Empenho Líquido": 736769.63, "Valor Empenho Liquidado": 73204.44, "Valor Empenho Pago": 73204.44, "Equipamento 1": "Unidade de Saúde", "Equipamento 2": "UBS Santa Cecília", "Endereço": "R. Vitorino Carmilo, 599 - Barra Funda", "Região": "Oeste", "Extensão (m)": null, "Trecho (Recap)": null, "lon": -46.652426001844148, "lat": -23.531815696036773 }, "geometry": { "type": "Point", "coordinates": [ -46.652426001844148, -23.531815696036773 ] } },
{ "type": "Feature", "properties": { "Ano": 2023.0, "Nota Empenho": "119872/2023", "Nota Reserva": "82635/2023", "Ata CMDP": null, "Processo SEI": 6018202301081534.0, "Unidade": "SMS", "Função": "10 - SAÚDE", "Sub Função": "301 - ATENÇÃO BÁSICA", "Programa": "3003 - AÇÕES E SERVIÇOS DA SAÚDE EM ATENÇÃO BÁSICA, ESPECIALIDADES E VIGILÂNCIA", "Atividade": "5204 - AVANÇA SAÚDE SP - AMPLIAÇÃO, REFORMA E REQUALIFICAÇÃO DE EQUIPAMENTOS DE SAÚDE", "Sub Elemento Despesa": "Obras em Andamento - Uso Comum do Povo", "Item Despesa": "Hospitais e similares", "Observação Empenho": "SMS - CONTRATAÇÃO DE OBRA DE MANUTENÇÃO - UBS BOM RETIRO - EXERCÍCIO 2023.", "Contrato": "38038/2023", "Credor Nome": "ALMEIDA SAPATA ENGENHARIA E CONSTRUCOES LTDA", "Valor Empenho": 153940.49, "Valor Empenho Cancelado": 152196.34, "Valor Empenho Líquido": 153940.49, "Valor Empenho Liquidado": 1744.15, "Valor Empenho Pago": 1744.15, "Equipamento 1": "Unidade de Saúde", "Equipamento 2": "UBS Bom Retiro", "Endereço": "Rua Tenente Pena - Bom Retiro", "Região": "Centro", "Extensão (m)": null, "Trecho (Recap)": null, "lon": -46.64188909096972, "lat": -23.526275929166321 }, "geometry": { "type": "Point", "coordinates": [ -46.64188909096972, -23.526275929166321 ] } },
{ "type": "Feature", "properties": { "Ano": 2023.0, "Nota Empenho": "119888/2023", "Nota Reserva": "82620/2023", "Ata CMDP": null, "Processo SEI": 6018202301083456.0, "Unidade": "SMS", "Função": "10 - SAÚDE", "Sub Função": "301 - ATENÇÃO BÁSICA", "Programa": "3003 - AÇÕES E SERVIÇOS DA SAÚDE EM ATENÇÃO BÁSICA, ESPECIALIDADES E VIGILÂNCIA", "Atividade": "5204 - AVANÇA SAÚDE SP - AMPLIAÇÃO, REFORMA E REQUALIFICAÇÃO DE EQUIPAMENTOS DE SAÚDE", "Sub Elemento Despesa": "Obras em Andamento - Uso Comum do Povo", "Item Despesa": "Hospitais e similares", "Observação Empenho": "SMS - CONTRATAÇÃO DE OBRA DE MANUTENÇÃO - UBS SÉ - EXERCÍCIO 2023.", "Contrato": "38047/2023", "Credor Nome": "ALMEIDA SAPATA ENGENHARIA E CONSTRUCOES LTDA", "Valor Empenho": 691055.55, "Valor Empenho Cancelado": 675353.43, "Valor Empenho Líquido": 691055.55, "Valor Empenho Liquidado": 15702.12, "Valor Empenho Pago": 15702.12, "Equipamento 1": "Unidade de Saúde", "Equipamento 2": "UBS Sé", "Endereço": "Rua Frederico Alvarenga - Sé", "Região": "Centro", "Extensão (m)": null, "Trecho (Recap)": null, "lon": -46.628236433746899, "lat": -23.551040303742148 }, "geometry": { "type": "Point", "coordinates": [ -46.628236433746899, -23.551040303742148 ] } },
{ "type": "Feature", "properties": { "Ano": 2023.0, "Nota Empenho": "119902/2023", "Nota Reserva": "81635/2023", "Ata CMDP": null, "Processo SEI": 6018202301082840.0, "Unidade": "SMS", "Função": "10 - SAÚDE", "Sub Função": "301 - ATENÇÃO BÁSICA", "Programa": "3003 - AÇÕES E SERVIÇOS DA SAÚDE EM ATENÇÃO BÁSICA, ESPECIALIDADES E VIGILÂNCIA", "Atividade": "5204 - AVANÇA SAÚDE SP - AMPLIAÇÃO, REFORMA E REQUALIFICAÇÃO DE EQUIPAMENTOS DE SAÚDE", "Sub Elemento Despesa": "Obras em Andamento - Uso Comum do Povo", "Item Despesa": "Hospitais e similares", "Observação Empenho": "SMS - CONTRATAÇÃO DE OBRA DE MANUTENÇÃO - UBS HUMAITÁ - EXERCÍCIO 2023.", "Contrato": "38062/2023", "Credor Nome": "ALMEIDA SAPATA ENGENHARIA E CONSTRUCOES LTDA", "Valor Empenho": 676221.88, "Valor Empenho Cancelado": 643418.38, "Valor Empenho Líquido": 676221.88, "Valor Empenho Liquidado": 32803.5, "Valor Empenho Pago": 32803.5, "Equipamento 1": "Unidade de Saúde", "Equipamento 2": "UBS Humaitá", "Endereço": "Rua Humaitá - Bela Vista", "Região": "Centro", "Extensão (m)": null, "Trecho (Recap)": null, "lon": -46.641935133746976, "lat": -23.556957574161608 }, "geometry": { "type": "Point", "coordinates": [ -46.641935133746976, -23.556957574161608 ] } },
{ "type": "Feature", "properties": { "Ano": 2023.0, "Nota Empenho": "119924/2023", "Nota Reserva": "81631/2024", "Ata CMDP": null, "Processo SEI": 6018202301081780.0, "Unidade": "SMS", "Função": "10 - SAÚDE", "Sub Função": "301 - ATENÇÃO BÁSICA", "Programa": "3003 - AÇÕES E SERVIÇOS DA SAÚDE EM ATENÇÃO BÁSICA, ESPECIALIDADES E VIGILÂNCIA", "Atividade": "5204 - AVANÇA SAÚDE SP - AMPLIAÇÃO, REFORMA E REQUALIFICAÇÃO DE EQUIPAMENTOS DE SAÚDE", "Sub Elemento Despesa": "Obras em Andamento - Uso Comum do Povo", "Item Despesa": "Hospitais e similares", "Observação Empenho": "SMS - CONTRATAÇÃO DE OBRA DE MANUTENÇÃO - UBS BORACEA - EXERCÍCIO 2023.", "Contrato": "38077/2023", "Credor Nome": "ALMEIDA SAPATA ENGENHARIA E CONSTRUCOES LTDA", "Valor Empenho": 233983.8, "Valor Empenho Cancelado": 25468.88, "Valor Empenho Líquido": 233983.8, "Valor Empenho Liquidado": 208514.92, "Valor Empenho Pago": 208514.92, "Equipamento 1": "Unidade de Saúde", "Equipamento 2": "UBS Boracea", "Endereço": "Rua Boracéa - Barra Funda ", "Região": "Oeste", "Extensão (m)": null, "Trecho (Recap)": null, "lon": -46.651588630070165, "lat": -23.525521319591103 }, "geometry": { "type": "Point", "coordinates": [ -46.651588630070165, -23.525521319591103 ] } },
{ "type": "Feature", "properties": { "Ano": 2023.0, "Nota Empenho": "119942/2023", "Nota Reserva": "81615/2023", "Ata CMDP": null, "Processo SEI": 6018202301061266.0, "Unidade": "SMS", "Função": "10 - SAÚDE", "Sub Função": "301 - ATENÇÃO BÁSICA", "Programa": "3003 - AÇÕES E SERVIÇOS DA SAÚDE EM ATENÇÃO BÁSICA, ESPECIALIDADES E VIGILÂNCIA", "Atividade": "5204 - AVANÇA SAÚDE SP - AMPLIAÇÃO, REFORMA E REQUALIFICAÇÃO DE EQUIPAMENTOS DE SAÚDE", "Sub Elemento Despesa": "Obras em Andamento - Uso Comum do Povo", "Item Despesa": "Hospitais e similares", "Observação Empenho": "CONTRATAÇÃO DE EMPRESA ESPECIALIZADA PARA A PRESTAÇÃO DE SERVIÇOS DE REPAROS, ADEQUAÇÕES PONTUAIS E PEQUENOS SERVIÇOS DE ENGENHARIA NA UNIDADE AE DR. ALEXANDRE KALIL YASBEK – (LOTE 7 – Sudeste 2- ETAPA 1) -EXERCICIO 2023.", "Contrato": "38075/2023", "Credor Nome": "M A S CONSTRUCOES E EMPREENDIMENTOS LIMITADA", "Valor Empenho": 627637.27, "Valor Empenho Cancelado": 309138.52, "Valor Empenho Líquido": 627637.27, "Valor Empenho Liquidado": 318498.75, "Valor Empenho Pago": 318498.75, "Equipamento 1": null, "Equipamento 2": null, "Endereço": "Av. Ceci - Planalto Paulista ", "Região": "Sul", "Extensão (m)": null, "Trecho (Recap)": null, "lon": -46.646428762579518, "lat": -23.62863778660892 }, "geometry": { "type": "Point", "coordinates": [ -46.646428762579518, -23.62863778660892 ] } },
{ "type": "Feature", "properties": { "Ano": 2023.0, "Nota Empenho": "119956/2023", "Nota Reserva": "81621/2023", "Ata CMDP": null, "Processo SEI": 6018202301067809.0, "Unidade": "SMS", "Função": "10 - SAÚDE", "Sub Função": "301 - ATENÇÃO BÁSICA", "Programa": "3003 - AÇÕES E SERVIÇOS DA SAÚDE EM ATENÇÃO BÁSICA, ESPECIALIDADES E VIGILÂNCIA", "Atividade": "5204 - AVANÇA SAÚDE SP - AMPLIAÇÃO, REFORMA E REQUALIFICAÇÃO DE EQUIPAMENTOS DE SAÚDE", "Sub Elemento Despesa": "Obras em Andamento - Uso Comum do Povo", "Item Despesa": "Hospitais e similares", "Observação Empenho": "SMS - CONTRATAÇÃO DE OBRA DE MANUTENÇÃO - UBS ARRASTÃO - EXERCÍCIO 2023.", "Contrato": "38091/2023", "Credor Nome": "HE ENGENHARIA  COMÉRCIO E REPRESENTAÇÕES LTDA", "Valor Empenho": 296534.22, "Valor Empenho Cancelado": 238298.4, "Valor Empenho Líquido": 296534.22, "Valor Empenho Liquidado": 58235.82, "Valor Empenho Pago": 58235.82, "Equipamento 1": "Unidade de Saúde", "Equipamento 2": "UBS Arrastão", "Endereço": "Rua Dr. Joviano Pacheco  de Aguirre - Jardim Elizabeth", "Região": "Sul", "Extensão (m)": null, "Trecho (Recap)": null, "lon": -46.777028625646913, "lat": -23.6344514226254 }, "geometry": { "type": "Point", "coordinates": [ -46.777028625646913, -23.6344514226254 ] } },
{ "type": "Feature", "properties": { "Ano": 2023.0, "Nota Empenho": "119969/2023", "Nota Reserva": "81637/2023", "Ata CMDP": null, "Processo SEI": 6018202301083367.0, "Unidade": "SMS", "Função": "10 - SAÚDE", "Sub Função": "301 - ATENÇÃO BÁSICA", "Programa": "3003 - AÇÕES E SERVIÇOS DA SAÚDE EM ATENÇÃO BÁSICA, ESPECIALIDADES E VIGILÂNCIA", "Atividade": "5204 - AVANÇA SAÚDE SP - AMPLIAÇÃO, REFORMA E REQUALIFICAÇÃO DE EQUIPAMENTOS DE SAÚDE", "Sub Elemento Despesa": "Obras em Andamento - Uso Comum do Povo", "Item Despesa": "Hospitais e similares", "Observação Empenho": "SMS - CONTRATAÇÃO DE OBRA DE MANUTENÇÃO - UBS CAMBUCI - EXERCÍCIO 2023.", "Contrato": "38106/2023", "Credor Nome": "ALMEIDA SAPATA ENGENHARIA E CONSTRUCOES LTDA", "Valor Empenho": 896366.64, "Valor Empenho Cancelado": 806759.82, "Valor Empenho Líquido": 896366.64, "Valor Empenho Liquidado": 89606.82, "Valor Empenho Pago": 89606.82, "Equipamento 1": "Unidade de Saúde", "Equipamento 2": "UBS Cambuci", "Endereço": "Av Lacerda Franco - Cambuci ", "Região": "Centro", "Extensão (m)": null, "Trecho (Recap)": null, "lon": -46.623444419638041, "lat": -23.569706138670075 }, "geometry": { "type": "Point", "coordinates": [ -46.623444419638041, -23.569706138670075 ] } },
{ "type": "Feature", "properties": { "Ano": 2023.0, "Nota Empenho": "119988/2023", "Nota Reserva": "81619/2023", "Ata CMDP": null, "Processo SEI": 6018202301061312.0, "Unidade": "SMS", "Função": "10 - SAÚDE", "Sub Função": "301 - ATENÇÃO BÁSICA", "Programa": "3003 - AÇÕES E SERVIÇOS DA SAÚDE EM ATENÇÃO BÁSICA, ESPECIALIDADES E VIGILÂNCIA", "Atividade": "5204 - AVANÇA SAÚDE SP - AMPLIAÇÃO, REFORMA E REQUALIFICAÇÃO DE EQUIPAMENTOS DE SAÚDE", "Sub Elemento Despesa": "Obras em Andamento - Uso Comum do Povo", "Item Despesa": "Hospitais e similares", "Observação Empenho": "CONTRATAÇÃO DE EMPRESA ESPECIALIZADA PARA A PRESTAÇÃO DE SERVIÇOS DE REPAROS, ADEQUAÇÕES PONTUAIS E PEQUENOS SERVIÇOS DE ENGENHARIA NA UNIDADE AE DR. ALEXANDRE KALIL YASBEK – (LOTE 7 – Sudeste 2- ETAPA 3) -EXERCICIO 2023.", "Contrato": "38064/2023", "Credor Nome": "M A S CONSTRUCOES E EMPREENDIMENTOS LIMITADA", "Valor Empenho": 662987.82, "Valor Empenho Cancelado": 662987.82, "Valor Empenho Líquido": 662987.82, "Valor Empenho Liquidado": 0.0, "Valor Empenho Pago": 0.0, "Equipamento 1": null, "Equipamento 2": null, "Endereço": "Av. Ceci - Planalto Paulista ", "Região": "Sul", "Extensão (m)": null, "Trecho (Recap)": null, "lon": -46.646428092027342, "lat": -23.62863778660892 }, "geometry": { "type": "Point", "coordinates": [ -46.646428092027342, -23.62863778660892 ] } },
{ "type": "Feature", "properties": { "Ano": 2023.0, "Nota Empenho": "120002/2023", "Nota Reserva": "81623/2023", "Ata CMDP": null, "Processo SEI": 6018202301078177.0, "Unidade": "SMS", "Função": "10 - SAÚDE", "Sub Função": "301 - ATENÇÃO BÁSICA", "Programa": "3003 - AÇÕES E SERVIÇOS DA SAÚDE EM ATENÇÃO BÁSICA, ESPECIALIDADES E VIGILÂNCIA", "Atividade": "5204 - AVANÇA SAÚDE SP - AMPLIAÇÃO, REFORMA E REQUALIFICAÇÃO DE EQUIPAMENTOS DE SAÚDE", "Sub Elemento Despesa": "Obras em Andamento - Uso Comum do Povo", "Item Despesa": "Hospitais e similares", "Observação Empenho": "SMS - CONTRATAÇÃO DE OBRA DE MANUTENÇÃO - UBS CAMPO LIMPO - EXERCÍCIO 2023.", "Contrato": "38118/2023", "Credor Nome": "HE ENGENHARIA  COMÉRCIO E REPRESENTAÇÕES LTDA", "Valor Empenho": 331273.85, "Valor Empenho Cancelado": 331273.85, "Valor Empenho Líquido": 331273.85, "Valor Empenho Liquidado": 0.0, "Valor Empenho Pago": 0.0, "Equipamento 1": "Unidade de Saúde", "Equipamento 2": "UBS Campo Limpo", "Endereço": "Rua Jorge Ozi -Jardim Catanduva", "Região": "Sul", "Extensão (m)": null, "Trecho (Recap)": null, "lon": -46.763803011657131, "lat": -23.63691899969244 }, "geometry": { "type": "Point", "coordinates": [ -46.763803011657131, -23.63691899969244 ] } },
{ "type": "Feature", "properties": { "Ano": 2023.0, "Nota Empenho": "120034/2023", "Nota Reserva": "81617/2023", "Ata CMDP": null, "Processo SEI": 6018202301061290.0, "Unidade": "SMS", "Função": "10 - SAÚDE", "Sub Função": "301 - ATENÇÃO BÁSICA", "Programa": "3003 - AÇÕES E SERVIÇOS DA SAÚDE EM ATENÇÃO BÁSICA, ESPECIALIDADES E VIGILÂNCIA", "Atividade": "5204 - AVANÇA SAÚDE SP - AMPLIAÇÃO, REFORMA E REQUALIFICAÇÃO DE EQUIPAMENTOS DE SAÚDE", "Sub Elemento Despesa": "Obras em Andamento - Uso Comum do Povo", "Item Despesa": "Hospitais e similares", "Observação Empenho": "CONTRATAÇÃO DE EMPRESA ESPECIALIZADA PARA A PRESTAÇÃO DE SERVIÇOS DE REPAROS, ADEQUAÇÕES PONTUAIS E PEQUENOS SERVIÇOS DE ENGENHARIA NA UNIDADE AE DR. ALEXANDRE KALIL YASBEK – (LOTE 7 – Sudeste 2- ETAPA 2) -EXERCICIO 2023.", "Contrato": "38040/2023", "Credor Nome": "M A S CONSTRUCOES E EMPREENDIMENTOS LIMITADA", "Valor Empenho": 471539.5, "Valor Empenho Cancelado": 471539.5, "Valor Empenho Líquido": 471539.5, "Valor Empenho Liquidado": 0.0, "Valor Empenho Pago": 0.0, "Equipamento 1": null, "Equipamento 2": null, "Endereço": "Av Ceci - Planalto Paulista", "Região": "Sul", "Extensão (m)": null, "Trecho (Recap)": null, "lon": -46.646429433131708, "lat": -23.628637172274079 }, "geometry": { "type": "Point", "coordinates": [ -46.646429433131708, -23.628637172274079 ] } },
{ "type": "Feature", "properties": { "Ano": 2023.0, "Nota Empenho": "120346/2023", "Nota Reserva": "82642/2023", "Ata CMDP": null, "Processo SEI": 6018202301056866.0, "Unidade": "SMS", "Função": "10 - SAÚDE", "Sub Função": "301 - ATENÇÃO BÁSICA", "Programa": "3003 - AÇÕES E SERVIÇOS DA SAÚDE EM ATENÇÃO BÁSICA, ESPECIALIDADES E VIGILÂNCIA", "Atividade": "5204 - AVANÇA SAÚDE SP - AMPLIAÇÃO, REFORMA E REQUALIFICAÇÃO DE EQUIPAMENTOS DE SAÚDE", "Sub Elemento Despesa": "Obras em Andamento - Uso Comum do Povo", "Item Despesa": "Hospitais e similares", "Observação Empenho": "CONTRATAÇÃO DE EMPRESA ESPECIALIZADA PARA A PRESTAÇÃO DE SERVIÇOS DE REPAROS, ADEQUAÇÕES PONTUAIS E PEQUENOS SERVIÇOS DE ENGENHARIA NA UBS VILA IMPÉRIO II– COM FORNECIMENTO DE MATERIAL E MÃO-DE-OBRA, EM LOTES. (LOTE 10 – Sul 3 ) – EXERCÍCIO 2023.", "Contrato": "38183/2023", "Credor Nome": "LEMAM CONSTRUCOES E COMERCIO SA", "Valor Empenho": 568408.26, "Valor Empenho Cancelado": 223019.74, "Valor Empenho Líquido": 568408.26, "Valor Empenho Liquidado": 345388.52, "Valor Empenho Pago": 345388.52, "Equipamento 1": "Unidade de Saúde", "Equipamento 2": "UBS Via Imperio II", "Endereço": "Rua Dr. Nestor Sampaio Penteado", "Região": null, "Extensão (m)": null, "Trecho (Recap)": null, "lon": -46.650873273616291, "lat": -23.676134269964461 }, "geometry": { "type": "Point", "coordinates": [ -46.650873273616291, -23.676134269964461 ] } },
{ "type": "Feature", "properties": { "Ano": 2023.0, "Nota Empenho": "120388/2023", "Nota Reserva": "82641/2023", "Ata CMDP": null, "Processo SEI": 6018202301064338.0, "Unidade": "SMS", "Função": "10 - SAÚDE", "Sub Função": "301 - ATENÇÃO BÁSICA", "Programa": "3003 - AÇÕES E SERVIÇOS DA SAÚDE EM ATENÇÃO BÁSICA, ESPECIALIDADES E VIGILÂNCIA", "Atividade": "5204 - AVANÇA SAÚDE SP - AMPLIAÇÃO, REFORMA E REQUALIFICAÇÃO DE EQUIPAMENTOS DE SAÚDE", "Sub Elemento Despesa": "Obras em Andamento - Uso Comum do Povo", "Item Despesa": "Hospitais e similares", "Observação Empenho": "CONTRATAÇÃO DE EMPRESA ESPECIALIZADA PARA A PRESTAÇÃO DE SERVIÇOS DE REPAROS, ADEQUAÇÕES PONTUAIS E PEQUENOS SERVIÇOS DE ENGENHARIA NA UBS MAR PAULISTA– COM FORNECIMENTO DE MATERIAL E MÃO-DE-OBRA, EM LOTES. (LOTE 10 – Sul 3) – EXERCÍCIO 2023.", "Contrato": "38305/2023", "Credor Nome": "LEMAM CONSTRUCOES E COMERCIO SA", "Valor Empenho": 445017.15, "Valor Empenho Cancelado": 237760.54, "Valor Empenho Líquido": 445017.15, "Valor Empenho Liquidado": 207256.61, "Valor Empenho Pago": 207256.61, "Equipamento 1": "Unidade de Saúde", "Equipamento 2": "UBS Mar Paulista", "Endereço": "R. Matsuichi Wada - Balneário Mar Paulista", "Região": "Sul", "Extensão (m)": null, "Trecho (Recap)": null, "lon": -46.662956375409962, "lat": -23.696652684375596 }, "geometry": { "type": "Point", "coordinates": [ -46.662956375409962, -23.696652684375596 ] } },
{ "type": "Feature", "properties": { "Ano": 2023.0, "Nota Empenho": "121260/2023", "Nota Reserva": "82627/2023", "Ata CMDP": null, "Processo SEI": 6018202301123636.0, "Unidade": "SMS", "Função": "10 - SAÚDE", "Sub Função": "301 - ATENÇÃO BÁSICA", "Programa": "3003 - AÇÕES E SERVIÇOS DA SAÚDE EM ATENÇÃO BÁSICA, ESPECIALIDADES E VIGILÂNCIA", "Atividade": "5204 - AVANÇA SAÚDE SP - AMPLIAÇÃO, REFORMA E REQUALIFICAÇÃO DE EQUIPAMENTOS DE SAÚDE", "Sub Elemento Despesa": "Obras em Andamento - Uso Comum do Povo", "Item Despesa": "Hospitais e similares", "Observação Empenho": "SMS - CONTRATAÇÃO DA OBRA DE MANUTENÇÃO UBS COMENDADOR JOSÉ GONZALES - EXERCÍCIO 2023.", "Contrato": "38752/2023", "Credor Nome": "CONSITEC  ENGENHARIA E TECNOLOGIA LTDA", "Valor Empenho": 168256.69, "Valor Empenho Cancelado": 168256.69, "Valor Empenho Líquido": 168256.69, "Valor Empenho Liquidado": 0.0, "Valor Empenho Pago": 0.0, "Equipamento 1": "Unidade de Saúde", "Equipamento 2": "UBS Vila Formosa", "Endereço": "Rua Nossa Sra. das Dores - Vila Formosa", "Região": "Leste", "Extensão (m)": null, "Trecho (Recap)": null, "lon": -46.534586220245714, "lat": -23.570035259946401 }, "geometry": { "type": "Point", "coordinates": [ -46.534586220245714, -23.570035259946401 ] } },
{ "type": "Feature", "properties": { "Ano": 2023.0, "Nota Empenho": "121261/2023", "Nota Reserva": "82625/2023", "Ata CMDP": null, "Processo SEI": 6018202301067345.0, "Unidade": "SMS", "Função": "10 - SAÚDE", "Sub Função": "301 - ATENÇÃO BÁSICA", "Programa": "3003 - AÇÕES E SERVIÇOS DA SAÚDE EM ATENÇÃO BÁSICA, ESPECIALIDADES E VIGILÂNCIA", "Atividade": "5204 - AVANÇA SAÚDE SP - AMPLIAÇÃO, REFORMA E REQUALIFICAÇÃO DE EQUIPAMENTOS DE SAÚDE", "Sub Elemento Despesa": "Obras em Andamento - Uso Comum do Povo", "Item Despesa": "Hospitais e similares", "Observação Empenho": "SMS - CONTRATAÇÃO DE OBRA DE MANUTENÇÃO - UBS JD. NAKAMURA - EXERCÍCIO 2023.", "Contrato": "38750/2023", "Credor Nome": "HE ENGENHARIA  COMÉRCIO E REPRESENTAÇÕES LTDA", "Valor Empenho": 301934.38, "Valor Empenho Cancelado": 181910.34, "Valor Empenho Líquido": 301934.38, "Valor Empenho Liquidado": 120024.04, "Valor Empenho Pago": 120024.04, "Equipamento 1": "Unidade de Saúde", "Equipamento 2": "UBS Jardim Nakamura", "Endereço": "Rua Manuel Vítor de Jesus - Jardim Nakamura", "Região": "Sul", "Extensão (m)": null, "Trecho (Recap)": null, "lon": -46.773555840490168, "lat": -23.699000918097671 }, "geometry": { "type": "Point", "coordinates": [ -46.773555840490168, -23.699000918097671 ] } },
{ "type": "Feature", "properties": { "Ano": 2023.0, "Nota Empenho": "121266/2023", "Nota Reserva": "82634/2023", "Ata CMDP": null, "Processo SEI": 6018202301066748.0, "Unidade": "SMS", "Função": "10 - SAÚDE", "Sub Função": "301 - ATENÇÃO BÁSICA", "Programa": "3003 - AÇÕES E SERVIÇOS DA SAÚDE EM ATENÇÃO BÁSICA, ESPECIALIDADES E VIGILÂNCIA", "Atividade": "5204 - AVANÇA SAÚDE SP - AMPLIAÇÃO, REFORMA E REQUALIFICAÇÃO DE EQUIPAMENTOS DE SAÚDE", "Sub Elemento Despesa": "Obras em Andamento - Uso Comum do Povo", "Item Despesa": "Hospitais e similares", "Observação Empenho": "SMS - CONTRATAÇÃO DA OBRA DE MANUTENÇÃO UBS PQ. ARARIBÁ - EXERCÍCIO 2023.", "Contrato": "38748/2023", "Credor Nome": "HE ENGENHARIA  COMÉRCIO E REPRESENTAÇÕES LTDA", "Valor Empenho": 306668.1, "Valor Empenho Cancelado": 306668.1, "Valor Empenho Líquido": 306668.1, "Valor Empenho Liquidado": 0.0, "Valor Empenho Pago": 0.0, "Equipamento 1": "Unidade de Saúde", "Equipamento 2": "UBS Parque Araribá", "Endereço": "Rua Francisco Soares - Parque Arariba", "Região": "Sul", "Extensão (m)": null, "Trecho (Recap)": null, "lon": -46.749742833744293, "lat": -23.637919828766861 }, "geometry": { "type": "Point", "coordinates": [ -46.749742833744293, -23.637919828766861 ] } },
{ "type": "Feature", "properties": { "Ano": 2023.0, "Nota Empenho": "121449/2023", "Nota Reserva": "82636/2023", "Ata CMDP": null, "Processo SEI": 6018202301056424.0, "Unidade": "SMS", "Função": "10 - SAÚDE", "Sub Função": "301 - ATENÇÃO BÁSICA", "Programa": "3003 - AÇÕES E SERVIÇOS DA SAÚDE EM ATENÇÃO BÁSICA, ESPECIALIDADES E VIGILÂNCIA", "Atividade": "5204 - AVANÇA SAÚDE SP - AMPLIAÇÃO, REFORMA E REQUALIFICAÇÃO DE EQUIPAMENTOS DE SAÚDE", "Sub Elemento Despesa": "Obras em Andamento - Uso Comum do Povo", "Item Despesa": "Hospitais e similares", "Observação Empenho": "SMS - CONTRATAÇÃO DE EMPRESA ESPECIALIZADA PARA A PRESTAÇÃO DE SERVIÇOS DE REPAROS,\nADEQUAÇÕES PONTUAIS E PEQUENOS SERVIÇOS DE ENGENHARIA NA UBS JARDIM AEROPORTO– COM\nFORNECIMENTO DE MATERIAL E MÃO-DE-OBRA, EM LOTES. (LOTE 10 – Sul 3) – EXERCÍCIO 2023.", "Contrato": "38805/2023", "Credor Nome": "LEMAM CONSTRUCOES E COMERCIO SA", "Valor Empenho": 640378.14, "Valor Empenho Cancelado": 396051.71, "Valor Empenho Líquido": 640378.14, "Valor Empenho Liquidado": 244326.43, "Valor Empenho Pago": 244326.43, "Equipamento 1": "Unidade de Saúde", "Equipamento 2": "UBS Jardim Aeroporto", "Endereço": "Rua Viaza - Campo Belo", "Região": "Sul", "Extensão (m)": null, "Trecho (Recap)": null, "lon": -46.669895542361616, "lat": -23.631342624565608 }, "geometry": { "type": "Point", "coordinates": [ -46.669895542361616, -23.631342624565608 ] } },
{ "type": "Feature", "properties": { "Ano": 2023.0, "Nota Empenho": "121623/2023", "Nota Reserva": "82614/2023", "Ata CMDP": null, "Processo SEI": 6018202301063994.0, "Unidade": "SMS", "Função": "10 - SAÚDE", "Sub Função": "301 - ATENÇÃO BÁSICA", "Programa": "3003 - AÇÕES E SERVIÇOS DA SAÚDE EM ATENÇÃO BÁSICA, ESPECIALIDADES E VIGILÂNCIA", "Atividade": "5204 - AVANÇA SAÚDE SP - AMPLIAÇÃO, REFORMA E REQUALIFICAÇÃO DE EQUIPAMENTOS DE SAÚDE", "Sub Elemento Despesa": "Obras em Andamento - Uso Comum do Povo", "Item Despesa": "Hospitais e similares", "Observação Empenho": "SMS-CONTRATAÇÃO DE EMPRESA ESPECIALIZADA PARA A PRESTAÇÃO DE SERVIÇOS DE REPAROS,\nADEQUAÇÕES PONTUAIS E PEQUENOS SERVIÇOS DE ENGENHARIA NA UBS JARDIM UMUARAMA– COM\nFORNECIMENTO DE MATERIAL E MÃO-DE-OBRA, EM LOTES. (LOTE 10 – Sul 3) – EXERCÍCIO 2023.", "Contrato": "38835/2023", "Credor Nome": "LEMAM CONSTRUCOES E COMERCIO SA", "Valor Empenho": 579097.8, "Valor Empenho Cancelado": 381250.23, "Valor Empenho Líquido": 579097.8, "Valor Empenho Liquidado": 197847.57, "Valor Empenho Pago": 197847.57, "Equipamento 1": "Unidade de Saúde", "Equipamento 2": "UBS Jardim Umuarama", "Endereço": "Rua Antônio Gil - Vila Filomena", "Região": "Sul", "Extensão (m)": null, "Trecho (Recap)": null, "lon": -46.669715114726444, "lat": -23.661949186684971 }, "geometry": { "type": "Point", "coordinates": [ -46.669715114726444, -23.661949186684971 ] } },
{ "type": "Feature", "properties": { "Ano": 2023.0, "Nota Empenho": "121662/2023", "Nota Reserva": "82615/2023", "Ata CMDP": null, "Processo SEI": 6018202301056718.0, "Unidade": "SMS", "Função": "10 - SAÚDE", "Sub Função": "301 - ATENÇÃO BÁSICA", "Programa": "3003 - AÇÕES E SERVIÇOS DA SAÚDE EM ATENÇÃO BÁSICA, ESPECIALIDADES E VIGILÂNCIA", "Atividade": "5204 - AVANÇA SAÚDE SP - AMPLIAÇÃO, REFORMA E REQUALIFICAÇÃO DE EQUIPAMENTOS DE SAÚDE", "Sub Elemento Despesa": "Obras em Andamento - Uso Comum do Povo", "Item Despesa": "Hospitais e similares", "Observação Empenho": "SMS-CONTRATAÇÃO DE EMPRESA ESPECIALIZADA PARA A PRESTAÇÃO DE SERVIÇOS DE REPAROS,\nADEQUAÇÕES PONTUAIS E PEQUENOS SERVIÇOS DE ENGENHARIA NA UBS JARDIM MIRIAM II– COM\nFORNECIMENTO DE MATERIAL E MÃO-DE-OBRA, EM LOTES. (LOTE 10 – Sul 3) – EXERCÍCIO 2023", "Contrato": "38845/2023", "Credor Nome": "LEMAM CONSTRUCOES E COMERCIO SA", "Valor Empenho": 814251.6, "Valor Empenho Cancelado": 345422.04, "Valor Empenho Líquido": 814251.6, "Valor Empenho Liquidado": 468829.56, "Valor Empenho Pago": 468829.56, "Equipamento 1": "Unidade de Saúde", "Equipamento 2": "UBS Jardim Miriam II", "Endereço": "Avenida Cupecê - Jardim Miriam", "Região": "Sul", "Extensão (m)": null, "Trecho (Recap)": null, "lon": -46.640104595095693, "lat": -23.679037562483884 }, "geometry": { "type": "Point", "coordinates": [ -46.640104595095693, -23.679037562483884 ] } },
{ "type": "Feature", "properties": { "Ano": 2023.0, "Nota Empenho": "121681/2023", "Nota Reserva": "82613/2023", "Ata CMDP": null, "Processo SEI": 6018202301064036.0, "Unidade": "SMS", "Função": "10 - SAÚDE", "Sub Função": "301 - ATENÇÃO BÁSICA", "Programa": "3003 - AÇÕES E SERVIÇOS DA SAÚDE EM ATENÇÃO BÁSICA, ESPECIALIDADES E VIGILÂNCIA", "Atividade": "5204 - AVANÇA SAÚDE SP - AMPLIAÇÃO, REFORMA E REQUALIFICAÇÃO DE EQUIPAMENTOS DE SAÚDE", "Sub Elemento Despesa": "Obras em Andamento - Uso Comum do Povo", "Item Despesa": "Hospitais e similares", "Observação Empenho": "SMS-CONTRATAÇÃO DE EMPRESA ESPECIALIZADA PARA A PRESTAÇÃO DE SERVIÇOS DE REPAROS, ADEQUAÇÕES PONTUAIS E PEQUENOS SERVIÇOS DE ENGENHARIA NA UBS CHÁCARA SANTO ANTÔNIO– COM FORNECIMENTO DE MATERIAL E MÃO-DE-OBRA, EM LOTES. (LOTE 10 – Sul 3) – EXERCÍCIO 2023.", "Contrato": "38854/2023", "Credor Nome": "LEMAM CONSTRUCOES E COMERCIO SA", "Valor Empenho": 340994.02, "Valor Empenho Cancelado": 190991.42, "Valor Empenho Líquido": 340994.02, "Valor Empenho Liquidado": 150002.6, "Valor Empenho Pago": 150002.6, "Equipamento 1": "Unidade de Saúde", "Equipamento 2": "UBS Chácara Santo Antonio", "Endereço": "Rua Alexandre Dumas - Chácara Santo Antônio", "Região": "Sul", "Extensão (m)": null, "Trecho (Recap)": null, "lon": -46.699068600000651, "lat": -23.635301942491783 }, "geometry": { "type": "Point", "coordinates": [ -46.699068600000651, -23.635301942491783 ] } },
{ "type": "Feature", "properties": { "Ano": 2023.0, "Nota Empenho": "121700/2023", "Nota Reserva": "82639/2023", "Ata CMDP": null, "Processo SEI": 6018202301064451.0, "Unidade": "SMS", "Função": "10 - SAÚDE", "Sub Função": "301 - ATENÇÃO BÁSICA", "Programa": "3003 - AÇÕES E SERVIÇOS DA SAÚDE EM ATENÇÃO BÁSICA, ESPECIALIDADES E VIGILÂNCIA", "Atividade": "5204 - AVANÇA SAÚDE SP - AMPLIAÇÃO, REFORMA E REQUALIFICAÇÃO DE EQUIPAMENTOS DE SAÚDE", "Sub Elemento Despesa": "Obras em Andamento - Uso Comum do Povo", "Item Despesa": "Hospitais e similares", "Observação Empenho": "SMS-CONTRATAÇÃO DE EMPRESA ESPECIALIZADA PARA A PRESTAÇÃO DE SERVIÇOS DE REPAROS,\nADEQUAÇÕES PONTUAIS E PEQUENOS SERVIÇOS DE ENGENHARIA NA UBS VILA CONSTÂNCIA– COM FORNECIMENTO DE MATERIAL E MÃO-DE-OBRA, EM LOTES. (LOTE 10 – Sul 3) – EXERCÍCIO 2023.", "Contrato": "38864/2023", "Credor Nome": "LEMAM CONSTRUCOES E COMERCIO SA", "Valor Empenho": 420946.53, "Valor Empenho Cancelado": 158719.84, "Valor Empenho Líquido": 420946.53, "Valor Empenho Liquidado": 262226.69, "Valor Empenho Pago": 262226.69, "Equipamento 1": "Unidade de Saúde", "Equipamento 2": "UBS Vila Constancia", "Endereço": "Rua Hermenegildo Martini - Vila Constancia", "Região": "Norte", "Extensão (m)": null, "Trecho (Recap)": null, "lon": -46.666510004295347, "lat": -23.673686147563998 }, "geometry": { "type": "Point", "coordinates": [ -46.666510004295347, -23.673686147563998 ] } },
{ "type": "Feature", "properties": { "Ano": 2023.0, "Nota Empenho": "121740/2023", "Nota Reserva": "82622/2023", "Ata CMDP": null, "Processo SEI": 6018202301068104.0, "Unidade": "SMS", "Função": "10 - SAÚDE", "Sub Função": "301 - ATENÇÃO BÁSICA", "Programa": "3003 - AÇÕES E SERVIÇOS DA SAÚDE EM ATENÇÃO BÁSICA, ESPECIALIDADES E VIGILÂNCIA", "Atividade": "5204 - AVANÇA SAÚDE SP - AMPLIAÇÃO, REFORMA E REQUALIFICAÇÃO DE EQUIPAMENTOS DE SAÚDE", "Sub Elemento Despesa": "Obras em Andamento - Uso Comum do Povo", "Item Despesa": "Hospitais e similares", "Observação Empenho": "SMS-CONTRATAÇÃO DE EMPRESA ESPECIALIZADA PARA A PRESTAÇÃO DE SERVIÇOS DE REPAROS,\nADEQUAÇÕES PONTUAIS E PEQUENOS SERVIÇOS DE ENGENHARIA NA UBS JD NITERÓI– COM FORNECIMENTO DE MATERIAL E MÃO-DE-OBRA, EM LOTES. (LOTE 10 – Sul 3) – EXERCÍCIO 2023.", "Contrato": "38874/2023", "Credor Nome": "LEMAM CONSTRUCOES E COMERCIO SA", "Valor Empenho": 676933.84, "Valor Empenho Cancelado": 487995.85, "Valor Empenho Líquido": 676933.84, "Valor Empenho Liquidado": 188937.99, "Valor Empenho Pago": 188937.99, "Equipamento 1": "Unidade de Saúde", "Equipamento 2": "UBS Jardim Niteroi", "Endereço": "Rua Samuel Arnold - Jardim Orly", "Região": "Sul", "Extensão (m)": null, "Trecho (Recap)": null, "lon": -46.668005133742838, "lat": -23.682436112497747 }, "geometry": { "type": "Point", "coordinates": [ -46.668005133742838, -23.682436112497747 ] } },
{ "type": "Feature", "properties": { "Ano": 2023.0, "Nota Empenho": "121755/2023", "Nota Reserva": "76593/2023", "Ata CMDP": null, "Processo SEI": 201400356039.0, "Unidade": "SMS", "Função": "10 - SAÚDE", "Sub Função": "301 - ATENÇÃO BÁSICA", "Programa": "3003 - AÇÕES E SERVIÇOS DA SAÚDE EM ATENÇÃO BÁSICA, ESPECIALIDADES E VIGILÂNCIA", "Atividade": "5204 - AVANÇA SAÚDE SP - AMPLIAÇÃO, REFORMA E REQUALIFICAÇÃO DE EQUIPAMENTOS DE SAÚDE", "Sub Elemento Despesa": "Serviços de Assistência à Saúde", "Item Despesa": "Materiais Permanentes", "Observação Empenho": "CG R002.2014 - TA 160.2023 - Inclusão de Recurso de INVESTIMENTO para Aquisição de Mobiliários e Equipamentos para AMA/UBS Integrada Jardim Castro Alves - Nov 2023", "Contrato": "21189/2018", "Credor Nome": "ASSOCIAÇÃO SAUDE DA FAMILIA", "Valor Empenho": 99623.0, "Valor Empenho Cancelado": 0.0, "Valor Empenho Líquido": 99623.0, "Valor Empenho Liquidado": 99623.0, "Valor Empenho Pago": 99623.0, "Equipamento 1": "Unidade de Saúde", "Equipamento 2": "UBS Jardim Castro Alves", "Endereço": "Av. João Paulo Barreto - Jardim Castro Alves", "Região": "Sul", "Extensão (m)": "SIMPROC", "Trecho (Recap)": null, "lon": -46.686434360119051, "lat": -23.742588276171329 }, "geometry": { "type": "Point", "coordinates": [ -46.686434360119051, -23.742588276171329 ] } },
{ "type": "Feature", "properties": { "Ano": 2023.0, "Nota Empenho": "121948/2023", "Nota Reserva": "82619/2023", "Ata CMDP": null, "Processo SEI": 6018202301095462.0, "Unidade": "SMS", "Função": "10 - SAÚDE", "Sub Função": "301 - ATENÇÃO BÁSICA", "Programa": "3003 - AÇÕES E SERVIÇOS DA SAÚDE EM ATENÇÃO BÁSICA, ESPECIALIDADES E VIGILÂNCIA", "Atividade": "5204 - AVANÇA SAÚDE SP - AMPLIAÇÃO, REFORMA E REQUALIFICAÇÃO DE EQUIPAMENTOS DE SAÚDE", "Sub Elemento Despesa": "Obras em Andamento - Uso Comum do Povo", "Item Despesa": "Hospitais e similares", "Observação Empenho": "SMS - CONTRATAÇÃO DE EMPRESA ESPECIALIZADA PARA A PRESTAÇÃO DE SERVIÇOS DE REPAROS, ADEQUAÇÕES PONTUAIS E PEQUENOS SERVIÇOS DE ENGENHARIA NA UBS PARELHEIROS– COM FORNECIMENTO DE MATERIAL E MÃO-DE-OBRA, EM LOTES. (LOTE 09 – Sul 2) – EXERCÍCIO 2023.", "Contrato": "38917/2023", "Credor Nome": "MACOR ENGENHARIA CONSTRUCOES E COMERCIO LTDA", "Valor Empenho": 261948.82, "Valor Empenho Cancelado": 255298.85, "Valor Empenho Líquido": 261948.82, "Valor Empenho Liquidado": 6649.97, "Valor Empenho Pago": 6649.97, "Equipamento 1": "Unidade de Saúde", "Equipamento 2": "UBS Parelheiros", "Endereço": "Estr. Ecoturística de Parelheiros ", "Região": "Sul", "Extensão (m)": null, "Trecho (Recap)": null, "lon": -46.726998634964232, "lat": -23.830165264052827 }, "geometry": { "type": "Point", "coordinates": [ -46.726998634964232, -23.830165264052827 ] } },
{ "type": "Feature", "properties": { "Ano": 2023.0, "Nota Empenho": "121967/2023", "Nota Reserva": "82630/2023", "Ata CMDP": null, "Processo SEI": 6018202301068490.0, "Unidade": "SMS", "Função": "10 - SAÚDE", "Sub Função": "301 - ATENÇÃO BÁSICA", "Programa": "3003 - AÇÕES E SERVIÇOS DA SAÚDE EM ATENÇÃO BÁSICA, ESPECIALIDADES E VIGILÂNCIA", "Atividade": "5204 - AVANÇA SAÚDE SP - AMPLIAÇÃO, REFORMA E REQUALIFICAÇÃO DE EQUIPAMENTOS DE SAÚDE", "Sub Elemento Despesa": "Obras em Andamento - Uso Comum do Povo", "Item Despesa": "Hospitais e similares", "Observação Empenho": "SMS - CONTRATAÇÃO DE EMPRESA ESPECIALIZADA PARA A PRESTAÇÃO DE SERVIÇOS DE REPAROS, ADEQUAÇÕES PONTUAIS E PEQUENOS SERVIÇOS DE ENGENHARIA NA AMA/UBS VL. CALIFONIA (ETP. 2)– COM FORNECIMENTO DE MAT. E MÃO-DE-OBRA, EM LOTES. (LT 07 – Sudeste 2) – EXERC 2023", "Contrato": "38923/2023", "Credor Nome": "M A S CONSTRUCOES E EMPREENDIMENTOS LIMITADA", "Valor Empenho": 228896.28, "Valor Empenho Cancelado": 29127.08, "Valor Empenho Líquido": 228896.28, "Valor Empenho Liquidado": 199769.2, "Valor Empenho Pago": 199769.2, "Equipamento 1": "Unidade de Saúde", "Equipamento 2": "UBS Vila California", "Endereço": "Praça Conde de São Januário - Vila California", "Região": "Norte", "Extensão (m)": null, "Trecho (Recap)": null, "lon": -46.555062198775566, "lat": -23.605148295444451 }, "geometry": { "type": "Point", "coordinates": [ -46.555062198775566, -23.605148295444451 ] } },
{ "type": "Feature", "properties": { "Ano": 2023.0, "Nota Empenho": "122198/2023", "Nota Reserva": "62193/2023", "Ata CMDP": null, "Processo SEI": 6110202100021771.0, "Unidade": "AHM", "Função": "10 - SAÚDE", "Sub Função": "302 - ASSISTÊNCIA HOSPITALAR E AMBULATORIAL", "Programa": "3003 - AÇÕES E SERVIÇOS DA SAÚDE EM ATENÇÃO BÁSICA, ESPECIALIDADES E VIGILÂNCIA", "Atividade": "5204 - AVANÇA SAÚDE SP - AMPLIAÇÃO, REFORMA E REQUALIFICAÇÃO DE EQUIPAMENTOS DE SAÚDE", "Sub Elemento Despesa": "Serviços de Assistência à Saúde", "Item Despesa": "Materiais Permanentes", "Observação Empenho": "SMS - SPDM - H.M. VER. J. STOROPOLLI - CONTRATO DE GESTÃO Nº 006/2008 - AQUISIÇÃO DE EQUIPAMENTO DE TOMOGRAFIA DE 32 CORTES", "Contrato": "53/2011", "Credor Nome": "SPDM ASSOCIAÇÃO  PAULISTA PARA O DESENVOLVIMENTO DA MEDICINA", "Valor Empenho": 1000000.0, "Valor Empenho Cancelado": 0.0, "Valor Empenho Líquido": 1000000.0, "Valor Empenho Liquidado": 1000000.0, "Valor Empenho Pago": 1000000.0, "Equipamento 1": "Unidade de Saúde", "Equipamento 2": "Hospital Vereador José Storopolli", "Endereço": "Rua Francisco Fanganielo - Parque Novo Mundo ", "Região": "Leste", "Extensão (m)": null, "Trecho (Recap)": null, "lon": -46.563205146630246, "lat": -23.522337821411533 }, "geometry": { "type": "Point", "coordinates": [ -46.563205146630246, -23.522337821411533 ] } },
{ "type": "Feature", "properties": { "Ano": 2023.0, "Nota Empenho": "122658/2023", "Nota Reserva": "45360/2023", "Ata CMDP": "2023-06-13 00:00:00", "Processo SEI": 6012202300158476.0, "Unidade": "SMSUB", "Função": "15 - URBANISMO", "Sub Função": "452 - SERVIÇOS URBANOS", "Programa": "3006 - PROMOÇÃO DOS DIREITOS DA PESSOA COM DEFICIÊNCIA", "Atividade": "1169 - REFORMA E ACESSIBILIDADE EM PASSEIOS PÚBLICOS", "Sub Elemento Despesa": "Manutenção e Conservação de Bens Imóveis", "Item Despesa": "Manutenção e Reformas de Bens Imóveis", "Observação Empenho": "ATOS - 444/SMSUB/COGEL/2023 - \"Avenida Cupecê entre Rua Rubens Facchini e Rua Sassaki - Quadra F402/ Setor120\nAvenida Cupecê entre Rua Sassaki e Rua Professor Pedro Matias de Oliveira - Quadra F391/ Setor 120", "Contrato": "23878/2023", "Credor Nome": "NOVA JRA EMPREENDIMENTOS E ENGENHARIA LTDA", "Valor Empenho": 323732.46, "Valor Empenho Cancelado": 0.0, "Valor Empenho Líquido": 323732.46, "Valor Empenho Liquidado": 323732.46, "Valor Empenho Pago": 323732.46, "Equipamento 1": null, "Equipamento 2": null, "Endereço": "Avenida Cupecê entre Rua Rubens Facchini e Rua Sassaki", "Região": "Sul", "Extensão (m)": null, "Trecho (Recap)": null, "lon": -46.659541995339652, "lat": -23.664706103008992 }, "geometry": { "type": "Point", "coordinates": [ -46.659541995339652, -23.664706103008992 ] } },
{ "type": "Feature", "properties": { "Ano": 2023.0, "Nota Empenho": "122819/2023", "Nota Reserva": "85832/2023", "Ata CMDP": null, "Processo SEI": 6018202301100393.0, "Unidade": "SMS", "Função": "10 - SAÚDE", "Sub Função": "301 - ATENÇÃO BÁSICA", "Programa": "3003 - AÇÕES E SERVIÇOS DA SAÚDE EM ATENÇÃO BÁSICA, ESPECIALIDADES E VIGILÂNCIA", "Atividade": "5204 - AVANÇA SAÚDE SP - AMPLIAÇÃO, REFORMA E REQUALIFICAÇÃO DE EQUIPAMENTOS DE SAÚDE", "Sub Elemento Despesa": "Obras em Andamento - Uso Comum do Povo", "Item Despesa": "Hospitais e similares", "Observação Empenho": "SMS - CONTRATAÇÃO DE OBRA DE MANUTENÇÃO - UBS JD. SÃO BENTO - EXERCÍCIO 2023.", "Contrato": "39093/2023", "Credor Nome": "HE ENGENHARIA  COMÉRCIO E REPRESENTAÇÕES LTDA", "Valor Empenho": 263794.83, "Valor Empenho Cancelado": 192943.98, "Valor Empenho Líquido": 263794.83, "Valor Empenho Liquidado": 70850.85, "Valor Empenho Pago": 70850.85, "Equipamento 1": "Unidade de Saúde", "Equipamento 2": "UBS Jardim São Bento", "Endereço": "Rua João Robalo - Jardim Soraia", "Região": "Leste", "Extensão (m)": null, "Trecho (Recap)": null, "lon": -46.783781381141495, "lat": -23.685601522445417 }, "geometry": { "type": "Point", "coordinates": [ -46.783781381141495, -23.685601522445417 ] } },
{ "type": "Feature", "properties": { "Ano": 2023.0, "Nota Empenho": "122821/2023", "Nota Reserva": "38369/2023", "Ata CMDP": null, "Processo SEI": 6110202100124171.0, "Unidade": "AHM", "Função": "10 - SAÚDE", "Sub Função": "302 - ASSISTÊNCIA HOSPITALAR E AMBULATORIAL", "Programa": "3003 - AÇÕES E SERVIÇOS DA SAÚDE EM ATENÇÃO BÁSICA, ESPECIALIDADES E VIGILÂNCIA", "Atividade": "5204 - AVANÇA SAÚDE SP - AMPLIAÇÃO, REFORMA E REQUALIFICAÇÃO DE EQUIPAMENTOS DE SAÚDE", "Sub Elemento Despesa": "Obras em Andamento - Uso Comum do Povo", "Item Despesa": "Hospitais e similares", "Observação Empenho": "SMS- CONTRATAÇÃO DE EMPRESA ESPECIALIZADA EM REFORMAS DE EDIFICAÇÕES, COM FORNECIMENTO DE MATERIAL E MÃO DE OBRA  DO HOSPITAL MUNICIPAL DR. PROFESSOR ALÍPIO CORRÊA NETO PERTENCENTE A SMS.", "Contrato": "39095/2023", "Credor Nome": "CONSTRUMAB ENGENHARIA LTDA", "Valor Empenho": 699700.0, "Valor Empenho Cancelado": 0.0, "Valor Empenho Líquido": 699700.0, "Valor Empenho Liquidado": 699700.0, "Valor Empenho Pago": 699700.0, "Equipamento 1": "Unidade de Saúde", "Equipamento 2": "Hospital Municipal Prof. Dr Alípio Correa Netto", "Endereço": "Alameda Rodrigo de Brum - Ermelino Matarazzo", "Região": "Leste", "Extensão (m)": null, "Trecho (Recap)": null, "lon": -46.472532861275951, "lat": -23.49957322758598 }, "geometry": { "type": "Point", "coordinates": [ -46.472532861275951, -23.49957322758598 ] } },
{ "type": "Feature", "properties": { "Ano": 2023.0, "Nota Empenho": "123138/2023", "Nota Reserva": "85846/2023", "Ata CMDP": null, "Processo SEI": 6018202301063846.0, "Unidade": "SMS", "Função": "10 - SAÚDE", "Sub Função": "301 - ATENÇÃO BÁSICA", "Programa": "3003 - AÇÕES E SERVIÇOS DA SAÚDE EM ATENÇÃO BÁSICA, ESPECIALIDADES E VIGILÂNCIA", "Atividade": "5204 - AVANÇA SAÚDE SP - AMPLIAÇÃO, REFORMA E REQUALIFICAÇÃO DE EQUIPAMENTOS DE SAÚDE", "Sub Elemento Despesa": "Obras em Andamento - Uso Comum do Povo", "Item Despesa": "Hospitais e similares", "Observação Empenho": "SMS - CONTRATAÇÃO DE OBRA DE MANUTENÇÃO - CASA SER MARIA AUXILIADORA - EXERCÍCIO 2023.", "Contrato": "39241/2023", "Credor Nome": "CONSTRUTORA PROGREDIOR LTDA", "Valor Empenho": 199592.26, "Valor Empenho Cancelado": 55768.72, "Valor Empenho Líquido": 199592.26, "Valor Empenho Liquidado": 143823.54, "Valor Empenho Pago": 143823.54, "Equipamento 1": null, "Equipamento 2": null, "Endereço": "Av Dr. Guilherme de Abreu Sodré - Conj. Res. Prestes Maia", "Região": "Leste", "Extensão (m)": null, "Trecho (Recap)": null, "lon": -46.409704817326414, "lat": -23.56834512049144 }, "geometry": { "type": "Point", "coordinates": [ -46.409704817326414, -23.56834512049144 ] } },
{ "type": "Feature", "properties": { "Ano": 2023.0, "Nota Empenho": "123144/2023", "Nota Reserva": "85860/2023", "Ata CMDP": null, "Processo SEI": 6018202301078576.0, "Unidade": "SMS", "Função": "10 - SAÚDE", "Sub Função": "301 - ATENÇÃO BÁSICA", "Programa": "3003 - AÇÕES E SERVIÇOS DA SAÚDE EM ATENÇÃO BÁSICA, ESPECIALIDADES E VIGILÂNCIA", "Atividade": "5204 - AVANÇA SAÚDE SP - AMPLIAÇÃO, REFORMA E REQUALIFICAÇÃO DE EQUIPAMENTOS DE SAÚDE", "Sub Elemento Despesa": "Obras em Andamento - Uso Comum do Povo", "Item Despesa": "Hospitais e similares", "Observação Empenho": "SMS - CONTRATAÇÃO DE OBRA DE MANUTENÇÃO - UBS CASTRO ALVES - EXERCÍCIO 2023.", "Contrato": "39244/2023", "Credor Nome": "CONSTRUTORA PROGREDIOR LTDA", "Valor Empenho": 37932.25, "Valor Empenho Cancelado": 26244.15, "Valor Empenho Líquido": 37932.25, "Valor Empenho Liquidado": 11688.1, "Valor Empenho Pago": 11688.1, "Equipamento 1": "Unidade de Saúde", "Equipamento 2": "UBS Castro Alves", "Endereço": "Rua Sara Kubirscheck - Conj Hab. Castro Alves", "Região": "Sul", "Extensão (m)": null, "Trecho (Recap)": null, "lon": -46.404300636321686, "lat": -23.580391149708053 }, "geometry": { "type": "Point", "coordinates": [ -46.404300636321686, -23.580391149708053 ] } },
{ "type": "Feature", "properties": { "Ano": 2023.0, "Nota Empenho": "123150/2023", "Nota Reserva": "85863/2023", "Ata CMDP": null, "Processo SEI": 6018202301078410.0, "Unidade": "SMS", "Função": "10 - SAÚDE", "Sub Função": "301 - ATENÇÃO BÁSICA", "Programa": "3003 - AÇÕES E SERVIÇOS DA SAÚDE EM ATENÇÃO BÁSICA, ESPECIALIDADES E VIGILÂNCIA", "Atividade": "5204 - AVANÇA SAÚDE SP - AMPLIAÇÃO, REFORMA E REQUALIFICAÇÃO DE EQUIPAMENTOS DE SAÚDE", "Sub Elemento Despesa": "Obras em Andamento - Uso Comum do Povo", "Item Despesa": "Hospitais e similares", "Observação Empenho": "SMS - CONTRATAÇÃO DE OBRA DE MANUTENÇÃO - UBS PQ SANTA RITA - EXERCÍCIO 2023.", "Contrato": "39247/2023", "Credor Nome": "CONSTRUTORA PROGREDIOR LTDA", "Valor Empenho": 75490.33, "Valor Empenho Cancelado": 73695.45, "Valor Empenho Líquido": 75490.33, "Valor Empenho Liquidado": 1794.88, "Valor Empenho Pago": 1794.88, "Equipamento 1": "Unidade de Saúde", "Equipamento 2": "UBS Pq Santa Rita", "Endereço": "Rua. José Augusto Lobo - Pq Santa Rita", "Região": "Leste", "Extensão (m)": null, "Trecho (Recap)": null, "lon": -46.413599292497409, "lat": -23.513051787093922 }, "geometry": { "type": "Point", "coordinates": [ -46.413599292497409, -23.513051787093922 ] } },
{ "type": "Feature", "properties": { "Ano": 2023.0, "Nota Empenho": "123158/2023", "Nota Reserva": "85867/2023", "Ata CMDP": null, "Processo SEI": 6018202301078614.0, "Unidade": "SMS", "Função": "10 - SAÚDE", "Sub Função": "301 - ATENÇÃO BÁSICA", "Programa": "3003 - AÇÕES E SERVIÇOS DA SAÚDE EM ATENÇÃO BÁSICA, ESPECIALIDADES E VIGILÂNCIA", "Atividade": "5204 - AVANÇA SAÚDE SP - AMPLIAÇÃO, REFORMA E REQUALIFICAÇÃO DE EQUIPAMENTOS DE SAÚDE", "Sub Elemento Despesa": "Obras em Andamento - Uso Comum do Povo", "Item Despesa": "Hospitais e similares", "Observação Empenho": "SMS - CONTRATAÇÃO DE OBRA DE MANUTENÇÃO - UBS PEDRO DE SOUZA CAMPOS - EXERCÍCIO 2023.", "Contrato": "39253/2023", "Credor Nome": "CONSTRUTORA PROGREDIOR LTDA", "Valor Empenho": 41481.55, "Valor Empenho Cancelado": 38636.1, "Valor Empenho Líquido": 41481.55, "Valor Empenho Liquidado": 2845.45, "Valor Empenho Pago": 2845.45, "Equipamento 1": "Unidade de Saúde", "Equipamento 2": "UBS Pedro de Souza Campos", "Endereço": "Rua Paulo Bifano Alves - Parque Boturussu", "Região": "Leste", "Extensão (m)": null, "Trecho (Recap)": null, "lon": -46.484128455698823, "lat": -23.503112926507399 }, "geometry": { "type": "Point", "coordinates": [ -46.484128455698823, -23.503112926507399 ] } },
{ "type": "Feature", "properties": { "Ano": 2023.0, "Nota Empenho": "123163/2023", "Nota Reserva": "85827/2023", "Ata CMDP": null, "Processo SEI": 6018202301078533.0, "Unidade": "SMS", "Função": "10 - SAÚDE", "Sub Função": "301 - ATENÇÃO BÁSICA", "Programa": "3003 - AÇÕES E SERVIÇOS DA SAÚDE EM ATENÇÃO BÁSICA, ESPECIALIDADES E VIGILÂNCIA", "Atividade": "5204 - AVANÇA SAÚDE SP - AMPLIAÇÃO, REFORMA E REQUALIFICAÇÃO DE EQUIPAMENTOS DE SAÚDE", "Sub Elemento Despesa": "Obras em Andamento - Uso Comum do Povo", "Item Despesa": "Hospitais e similares", "Observação Empenho": "SMS - CONTRATAÇÃO DE OBRA DE MANUTENÇÃO - UBS ERMELINO MATARAZZO - EXERCÍCIO 2023.", "Contrato": "39257/2023", "Credor Nome": "CONSTRUTORA PROGREDIOR LTDA", "Valor Empenho": 26014.61, "Valor Empenho Cancelado": 23136.23, "Valor Empenho Líquido": 26014.61, "Valor Empenho Liquidado": 2878.38, "Valor Empenho Pago": 2878.38, "Equipamento 1": "Unidade de Saúde", "Equipamento 2": "UBS Ermelino Matarazzo", "Endereço": "Rua Antonio de Freitas Toledo - Jardim Matarazzo", "Região": "Leste", "Extensão (m)": null, "Trecho (Recap)": null, "lon": -46.476558227774063, "lat": -23.489087123812361 }, "geometry": { "type": "Point", "coordinates": [ -46.476558227774063, -23.489087123812361 ] } },
{ "type": "Feature", "properties": { "Ano": 2023.0, "Nota Empenho": "123166/2023", "Nota Reserva": "85854/2023", "Ata CMDP": null, "Processo SEI": 6018202301080465.0, "Unidade": "SMS", "Função": "10 - SAÚDE", "Sub Função": "301 - ATENÇÃO BÁSICA", "Programa": "3003 - AÇÕES E SERVIÇOS DA SAÚDE EM ATENÇÃO BÁSICA, ESPECIALIDADES E VIGILÂNCIA", "Atividade": "5204 - AVANÇA SAÚDE SP - AMPLIAÇÃO, REFORMA E REQUALIFICAÇÃO DE EQUIPAMENTOS DE SAÚDE", "Sub Elemento Despesa": "Obras em Andamento - Uso Comum do Povo", "Item Despesa": "Hospitais e similares", "Observação Empenho": "SMS - CONTRATAÇÃO DE OBRA DE MANUTENÇÃO - UBS JD. DAS CAMÉLIAS - EXERCÍCIO 2023.", "Contrato": "39260/2023", "Credor Nome": "CONSTRUTORA PROGREDIOR LTDA", "Valor Empenho": 108538.44, "Valor Empenho Cancelado": 106703.27, "Valor Empenho Líquido": 108538.44, "Valor Empenho Liquidado": 1835.17, "Valor Empenho Pago": 1835.17, "Equipamento 1": "Unidade de Saúde", "Equipamento 2": "UBS Jardim das Camélia", "Endereço": "Rua Trevo de Santa Maria - Parque Guarani", "Região": "Leste", "Extensão (m)": null, "Trecho (Recap)": null, "lon": -46.462604476083598, "lat": -23.512924557376568 }, "geometry": { "type": "Point", "coordinates": [ -46.462604476083598, -23.512924557376568 ] } },
{ "type": "Feature", "properties": { "Ano": 2023.0, "Nota Empenho": "123179/2023", "Nota Reserva": "85848/2023", "Ata CMDP": null, "Processo SEI": 6018202301128956.0, "Unidade": "SMS", "Função": "10 - SAÚDE", "Sub Função": "301 - ATENÇÃO BÁSICA", "Programa": "3003 - AÇÕES E SERVIÇOS DA SAÚDE EM ATENÇÃO BÁSICA, ESPECIALIDADES E VIGILÂNCIA", "Atividade": "5204 - AVANÇA SAÚDE SP - AMPLIAÇÃO, REFORMA E REQUALIFICAÇÃO DE EQUIPAMENTOS DE SAÚDE", "Sub Elemento Despesa": "Obras em Andamento - Uso Comum do Povo", "Item Despesa": "Hospitais e similares", "Observação Empenho": "SMS - CONTRATAÇÃO DA OBRA DE MANUTENÇÃO - UBS SANTO ESTEVÃO - EXERCÍCIO 2023", "Contrato": "39267/2023", "Credor Nome": "CONSITEC  ENGENHARIA E TECNOLOGIA LTDA", "Valor Empenho": 161582.8, "Valor Empenho Cancelado": 161582.8, "Valor Empenho Líquido": 161582.8, "Valor Empenho Liquidado": 0.0, "Valor Empenho Pago": 0.0, "Equipamento 1": "Unidade de Saúde", "Equipamento 2": "UBS Vila Santo Estevão", "Endereço": "Rua Antonio Camardo - Vila Gomes Cardim", "Região": "Leste", "Extensão (m)": null, "Trecho (Recap)": null, "lon": -46.561035921938085, "lat": -23.549100335119057 }, "geometry": { "type": "Point", "coordinates": [ -46.561035921938085, -23.549100335119057 ] } },
{ "type": "Feature", "properties": { "Ano": 2023.0, "Nota Empenho": "123186/2023", "Nota Reserva": "85857/2023", "Ata CMDP": null, "Processo SEI": 6018202301132252.0, "Unidade": "SMS", "Função": "10 - SAÚDE", "Sub Função": "301 - ATENÇÃO BÁSICA", "Programa": "3003 - AÇÕES E SERVIÇOS DA SAÚDE EM ATENÇÃO BÁSICA, ESPECIALIDADES E VIGILÂNCIA", "Atividade": "5204 - AVANÇA SAÚDE SP - AMPLIAÇÃO, REFORMA E REQUALIFICAÇÃO DE EQUIPAMENTOS DE SAÚDE", "Sub Elemento Despesa": "Obras em Andamento - Uso Comum do Povo", "Item Despesa": "Hospitais e similares", "Observação Empenho": "SMS - CONTRATAÇÃO DA OBRA DE MANUTENÇÃO - UBS VILA GUACURI - EXERCÍCIO 2023", "Contrato": "39268/2023", "Credor Nome": "LEMAM CONSTRUCOES E COMERCIO SA", "Valor Empenho": 395562.58, "Valor Empenho Cancelado": 282931.31, "Valor Empenho Líquido": 395562.58, "Valor Empenho Liquidado": 112631.27, "Valor Empenho Pago": 112631.27, "Equipamento 1": "Unidade de Saúde", "Equipamento 2": "UBS Vila Guacuri", "Endereço": "Rua Valentino Fioravanti - Jardim Rubilene", "Região": "Sul", "Extensão (m)": null, "Trecho (Recap)": null, "lon": -46.635702396928508, "lat": -23.702541655760456 }, "geometry": { "type": "Point", "coordinates": [ -46.635702396928508, -23.702541655760456 ] } },
{ "type": "Feature", "properties": { "Ano": 2023.0, "Nota Empenho": "123196/2023", "Nota Reserva": "85852/2023", "Ata CMDP": null, "Processo SEI": 6018202301116907.0, "Unidade": "SMS", "Função": "10 - SAÚDE", "Sub Função": "301 - ATENÇÃO BÁSICA", "Programa": "3003 - AÇÕES E SERVIÇOS DA SAÚDE EM ATENÇÃO BÁSICA, ESPECIALIDADES E VIGILÂNCIA", "Atividade": "5204 - AVANÇA SAÚDE SP - AMPLIAÇÃO, REFORMA E REQUALIFICAÇÃO DE EQUIPAMENTOS DE SAÚDE", "Sub Elemento Despesa": "Obras em Andamento - Uso Comum do Povo", "Item Despesa": "Hospitais e similares", "Observação Empenho": "SMS - CONTRATAÇÃO DA OBRA DE MANUTENÇÃO - AMA ESPECIALIDADES SANTA CECÍLIA - EXERCÍCIO 2023", "Contrato": "39273/2023", "Credor Nome": "ALMEIDA SAPATA ENGENHARIA E CONSTRUCOES LTDA", "Valor Empenho": 669085.6, "Valor Empenho Cancelado": 599402.61, "Valor Empenho Líquido": 669085.6, "Valor Empenho Liquidado": 69682.99, "Valor Empenho Pago": 69682.99, "Equipamento 1": "Unidade de Saúde", "Equipamento 2": "AMA Especialidades Santa Cecília", "Endereço": "Rua Vitorino Carmilo - Barra Funda", "Região": "Oeste", "Extensão (m)": null, "Trecho (Recap)": null, "lon": -46.652397310287832, "lat": -23.532077797115253 }, "geometry": { "type": "Point", "coordinates": [ -46.652397310287832, -23.532077797115253 ] } },
{ "type": "Feature", "properties": { "Ano": 2023.0, "Nota Empenho": "123342/2023", "Nota Reserva": "45356/2023", "Ata CMDP": "2023-06-13 00:00:00", "Processo SEI": 6012202300121416.0, "Unidade": "SMSUB", "Função": "15 - URBANISMO", "Sub Função": "451 - INFRA-ESTRUTURA URBANA", "Programa": "3022 - REQUALIFICAÇÃO E PROMOÇÃO DA OCUPAÇÃO DOS ESPAÇOS PÚBLICOS", "Atividade": "1170 - INTERVENÇÃO, URBANIZAÇÃO E MELHORIA DE BAIRROS - PLANO DE OBRAS DAS SUBPREFEITURAS", "Sub Elemento Despesa": "Obras em Andamento - Uso Comum do Povo", "Item Despesa": "Passarelas e Similares", "Observação Empenho": "Atos - Execução de obras civis para implantação de parque linear no Bairro Guaianases local: Av. Ribeirão Itaquera – Bairro: Guaianases - São Paulo/SP", "Contrato": "37553/2023", "Credor Nome": "RODOSERV ENGENHARIA LTDA", "Valor Empenho": 2000000.0, "Valor Empenho Cancelado": 1.79, "Valor Empenho Líquido": 2000000.0, "Valor Empenho Liquidado": 1999998.21, "Valor Empenho Pago": 1999998.21, "Equipamento 1": "Parque Linear", "Equipamento 2": "Parque Linear", "Endereço": "Avenida Ribeirão Itaquera - Vila Princesa Isabel ", "Região": "Leste", "Extensão (m)": null, "Trecho (Recap)": null, "lon": -46.422817327772279, "lat": -23.547185537674689 }, "geometry": { "type": "Point", "coordinates": [ -46.422817327772279, -23.547185537674689 ] } },
{ "type": "Feature", "properties": { "Ano": 2023.0, "Nota Empenho": "123408/2023", "Nota Reserva": "85830/2023", "Ata CMDP": null, "Processo SEI": 6018202301078070.0, "Unidade": "SMS", "Função": "10 - SAÚDE", "Sub Função": "301 - ATENÇÃO BÁSICA", "Programa": "3003 - AÇÕES E SERVIÇOS DA SAÚDE EM ATENÇÃO BÁSICA, ESPECIALIDADES E VIGILÂNCIA", "Atividade": "5204 - AVANÇA SAÚDE SP - AMPLIAÇÃO, REFORMA E REQUALIFICAÇÃO DE EQUIPAMENTOS DE SAÚDE", "Sub Elemento Despesa": "Obras em Andamento - Uso Comum do Povo", "Item Despesa": "Hospitais e similares", "Observação Empenho": "SMS - CONTRATAÇÃO DE OBRA DA CONSTRUÇÃO DA UBS/AMA VILA PREL - EXERCÍCIO 2023.", "Contrato": "39390/2023", "Credor Nome": "HE ENGENHARIA  COMÉRCIO E REPRESENTAÇÕES LTDA", "Valor Empenho": 350581.25, "Valor Empenho Cancelado": 338216.71, "Valor Empenho Líquido": 350581.25, "Valor Empenho Liquidado": 12364.54, "Valor Empenho Pago": 12364.54, "Equipamento 1": "Unidade de Saúde", "Equipamento 2": "UBS Vila Prel", "Endereço": "Rua Thereza Maia Pinto - Vila Prel", "Região": "Sul", "Extensão (m)": null, "Trecho (Recap)": null, "lon": -46.754102968873738, "lat": -23.648219864197848 }, "geometry": { "type": "Point", "coordinates": [ -46.754102968873738, -23.648219864197848 ] } },
{ "type": "Feature", "properties": { "Ano": 2023.0, "Nota Empenho": "123415/2023", "Nota Reserva": "85836/2023", "Ata CMDP": null, "Processo SEI": 6018202301100873.0, "Unidade": "SMS", "Função": "10 - SAÚDE", "Sub Função": "301 - ATENÇÃO BÁSICA", "Programa": "3003 - AÇÕES E SERVIÇOS DA SAÚDE EM ATENÇÃO BÁSICA, ESPECIALIDADES E VIGILÂNCIA", "Atividade": "5204 - AVANÇA SAÚDE SP - AMPLIAÇÃO, REFORMA E REQUALIFICAÇÃO DE EQUIPAMENTOS DE SAÚDE", "Sub Elemento Despesa": "Obras em Andamento - Uso Comum do Povo", "Item Despesa": "Hospitais e similares", "Observação Empenho": "SMS - CONTRATAÇÃO DE OBRA DE MANUTENÇÃO - UBS JARDIM OLINDA - EXERCÍCIO 2023.", "Contrato": "39394/2023", "Credor Nome": "HE ENGENHARIA  COMÉRCIO E REPRESENTAÇÕES LTDA", "Valor Empenho": 268367.43, "Valor Empenho Cancelado": 214779.92, "Valor Empenho Líquido": 268367.43, "Valor Empenho Liquidado": 53587.51, "Valor Empenho Pago": 53587.51, "Equipamento 1": "Unidade de Saúde", "Equipamento 2": "UBS Jardim Olinda", "Endereço": "Rua Canori - Jardim Olinda", "Região": "Sul", "Extensão (m)": null, "Trecho (Recap)": null, "lon": -46.754470127769828, "lat": -23.62885836475624 }, "geometry": { "type": "Point", "coordinates": [ -46.754470127769828, -23.62885836475624 ] } },
{ "type": "Feature", "properties": { "Ano": 2023.0, "Nota Empenho": "124950/2023", "Nota Reserva": "52471/2023", "Ata CMDP": null, "Processo SEI": 6018202300666539.0, "Unidade": "SMS", "Função": "10 - SAÚDE", "Sub Função": "301 - ATENÇÃO BÁSICA", "Programa": "3003 - AÇÕES E SERVIÇOS DA SAÚDE EM ATENÇÃO BÁSICA, ESPECIALIDADES E VIGILÂNCIA", "Atividade": "5204 - AVANÇA SAÚDE SP - AMPLIAÇÃO, REFORMA E REQUALIFICAÇÃO DE EQUIPAMENTOS DE SAÚDE", "Sub Elemento Despesa": "Obras em Andamento - Uso Comum do Povo", "Item Despesa": "Hospitais e similares", "Observação Empenho": "Contratação de empresa especializada de engenharia para reforma do imóvel localizado no Largo do Socorro, nº 60 para a implantação da unidade CCO Capela do Socorro.", "Contrato": "40160/2023", "Credor Nome": "DEKTON ENGENHARIA E CONSTRUCAO LTDA", "Valor Empenho": 1032880.25, "Valor Empenho Cancelado": 406.37, "Valor Empenho Líquido": 1032880.25, "Valor Empenho Liquidado": 1032473.88, "Valor Empenho Pago": 1032473.88, "Equipamento 1": null, "Equipamento 2": null, "Endereço": "Rua tres Irmãos - Socorro", "Região": "Sul", "Extensão (m)": null, "Trecho (Recap)": null, "lon": -46.716667928799488, "lat": -23.5877848453664 }, "geometry": { "type": "Point", "coordinates": [ -46.716667928799488, -23.5877848453664 ] } },
{ "type": "Feature", "properties": { "Ano": 2023.0, "Nota Empenho": "125479/2023", "Nota Reserva": "85824/2023", "Ata CMDP": null, "Processo SEI": 201403371292.0, "Unidade": "SMS", "Função": "10 - SAÚDE", "Sub Função": "301 - ATENÇÃO BÁSICA", "Programa": "3003 - AÇÕES E SERVIÇOS DA SAÚDE EM ATENÇÃO BÁSICA, ESPECIALIDADES E VIGILÂNCIA", "Atividade": "5204 - AVANÇA SAÚDE SP - AMPLIAÇÃO, REFORMA E REQUALIFICAÇÃO DE EQUIPAMENTOS DE SAÚDE", "Sub Elemento Despesa": "Serviços de Assistência à Saúde", "Item Despesa": "Materiais Permanentes", "Observação Empenho": "Termo Aditivo ao Contrato de Gestão nº R014/2015 -SMS.G - Investimento - Aquisição de equipamentos e mobiliários para o AMA Sapopemba.", "Contrato": "21353/2018", "Credor Nome": "SPDM -  ASSOCIAÇÃO PAULISTA PARA O DESENVOLVIMENTO DA MEDICINA", "Valor Empenho": 149900.0, "Valor Empenho Cancelado": 0.0, "Valor Empenho Líquido": 149900.0, "Valor Empenho Liquidado": 149900.0, "Valor Empenho Pago": 149900.0, "Equipamento 1": "Unidade de Saúde", "Equipamento 2": "Ama Sapopemba", "Endereço": "Rua João Lopes de Lima - Jardim Sapopemba", "Região": "Leste", "Extensão (m)": "SIMPROC", "Trecho (Recap)": null, "lon": -46.493379727770574, "lat": -23.611569179669395 }, "geometry": { "type": "Point", "coordinates": [ -46.493379727770574, -23.611569179669395 ] } },
{ "type": "Feature", "properties": { "Ano": 2023.0, "Nota Empenho": "125757/2023", "Nota Reserva": "85820/2023", "Ata CMDP": null, "Processo SEI": 201403371349.0, "Unidade": "SMS", "Função": "10 - SAÚDE", "Sub Função": "301 - ATENÇÃO BÁSICA", "Programa": "3003 - AÇÕES E SERVIÇOS DA SAÚDE EM ATENÇÃO BÁSICA, ESPECIALIDADES E VIGILÂNCIA", "Atividade": "5204 - AVANÇA SAÚDE SP - AMPLIAÇÃO, REFORMA E REQUALIFICAÇÃO DE EQUIPAMENTOS DE SAÚDE", "Sub Elemento Despesa": "Serviços de Assistência à Saúde", "Item Despesa": "Materiais Permanentes", "Observação Empenho": "SMS- RASTS SÃO MATEUS –  Aquisição de Equipamentos e Mobiliários para a UBS Jd IV Centenário, do Processo Sei 6018.2023/0115684-4", "Contrato": "21318/2018", "Credor Nome": "FUNDACAO DO ABC", "Valor Empenho": 100000.0, "Valor Empenho Cancelado": 0.0, "Valor Empenho Líquido": 100000.0, "Valor Empenho Liquidado": 100000.0, "Valor Empenho Pago": 100000.0, "Equipamento 1": "Unidade de Saúde", "Equipamento 2": "UBS Jardim IV Centenário", "Endereço": "Rua Campo Florido - Jardim Imperador ", "Região": "Leste", "Extensão (m)": "SIMPROC", "Trecho (Recap)": null, "lon": -46.500107291588122, "lat": -23.590078881998167 }, "geometry": { "type": "Point", "coordinates": [ -46.500107291588122, -23.590078881998167 ] } },
{ "type": "Feature", "properties": { "Ano": 2023.0, "Nota Empenho": "125947/2023", "Nota Reserva": "87863/2023", "Ata CMDP": null, "Processo SEI": 6018202301055983.0, "Unidade": "SMS", "Função": "10 - SAÚDE", "Sub Função": "301 - ATENÇÃO BÁSICA", "Programa": "3003 - AÇÕES E SERVIÇOS DA SAÚDE EM ATENÇÃO BÁSICA, ESPECIALIDADES E VIGILÂNCIA", "Atividade": "5204 - AVANÇA SAÚDE SP - AMPLIAÇÃO, REFORMA E REQUALIFICAÇÃO DE EQUIPAMENTOS DE SAÚDE", "Sub Elemento Despesa": "Obras em Andamento - Uso Comum do Povo", "Item Despesa": "Hospitais e similares", "Observação Empenho": "SMS - CONTRATAÇÃO DE OBRA DE MANUTENÇÃO - LABORATÓRIO SANTO AMARO - EXERCÍCIO 2023.", "Contrato": "40540/2023", "Credor Nome": "LEMAM CONSTRUCOES E COMERCIO SA", "Valor Empenho": 332020.19, "Valor Empenho Cancelado": 330216.11, "Valor Empenho Líquido": 332020.19, "Valor Empenho Liquidado": 1804.08, "Valor Empenho Pago": 1804.08, "Equipamento 1": null, "Equipamento 2": null, "Endereço": "Rua Paula Cruz - Jardim Dom Bosco", "Região": "Sul", "Extensão (m)": null, "Trecho (Recap)": null, "lon": -46.716187986664814, "lat": -23.650889535659928 }, "geometry": { "type": "Point", "coordinates": [ -46.716187986664814, -23.650889535659928 ] } },
{ "type": "Feature", "properties": { "Ano": 2023.0, "Nota Empenho": "126033/2023", "Nota Reserva": "87856/2023", "Ata CMDP": null, "Processo SEI": 6018202301068473.0, "Unidade": "SMS", "Função": "10 - SAÚDE", "Sub Função": "301 - ATENÇÃO BÁSICA", "Programa": "3003 - AÇÕES E SERVIÇOS DA SAÚDE EM ATENÇÃO BÁSICA, ESPECIALIDADES E VIGILÂNCIA", "Atividade": "5204 - AVANÇA SAÚDE SP - AMPLIAÇÃO, REFORMA E REQUALIFICAÇÃO DE EQUIPAMENTOS DE SAÚDE", "Sub Elemento Despesa": "Obras em Andamento - Uso Comum do Povo", "Item Despesa": "Hospitais e similares", "Observação Empenho": "SMS - CONTRATAÇÃO DE OBRA DE MANUTENÇÃO - AMA/UBS VILA CALIFÓRNIA (ETAPA 1) - EXERCÍCIO 2023.", "Contrato": "40564/2023", "Credor Nome": "M A S CONSTRUCOES E EMPREENDIMENTOS LIMITADA", "Valor Empenho": 186583.25, "Valor Empenho Cancelado": 71738.82, "Valor Empenho Líquido": 186583.25, "Valor Empenho Liquidado": 114844.43, "Valor Empenho Pago": 114844.43, "Equipamento 1": "Unidade de Saúde", "Equipamento 2": "UBS Vila California", "Endereço": "Praça Conde de São Januário - Vila California", "Região": "Norte", "Extensão (m)": null, "Trecho (Recap)": null, "lon": -46.55506387500936, "lat": -23.605139693214781 }, "geometry": { "type": "Point", "coordinates": [ -46.55506387500936, -23.605139693214781 ] } },
{ "type": "Feature", "properties": { "Ano": 2023.0, "Nota Empenho": "126307/2023", "Nota Reserva": "81611/2023", "Ata CMDP": null, "Processo SEI": 201403218052.0, "Unidade": "SMS", "Função": "10 - SAÚDE", "Sub Função": "301 - ATENÇÃO BÁSICA", "Programa": "3003 - AÇÕES E SERVIÇOS DA SAÚDE EM ATENÇÃO BÁSICA, ESPECIALIDADES E VIGILÂNCIA", "Atividade": "5204 - AVANÇA SAÚDE SP - AMPLIAÇÃO, REFORMA E REQUALIFICAÇÃO DE EQUIPAMENTOS DE SAÚDE", "Sub Elemento Despesa": "Serviços de Assistência à Saúde", "Item Despesa": "Materiais Permanentes", "Observação Empenho": "CG R006.2015 - TA 135.2023 - Inclusão de Recurso de INVESTIMENTO para Aquisição de Mobiliário e Equipamento para UBS Vera Cruz - Dez 2023", "Contrato": "21210/2018", "Credor Nome": "CENTRO DE ESTUDOS E PESQUISAS DR JOAO AMORIM", "Valor Empenho": 36000.0, "Valor Empenho Cancelado": 0.0, "Valor Empenho Líquido": 36000.0, "Valor Empenho Liquidado": 36000.0, "Valor Empenho Pago": 36000.0, "Equipamento 1": "Unidade de Saúde", "Equipamento 2": "UBS Vera Cruz", "Endereço": "Avenida dos Funcionários Públicos - Vila do Sol", "Região": "Sul", "Extensão (m)": "SIMPROC", "Trecho (Recap)": null, "lon": -46.781377335749546, "lat": -23.734721282437757 }, "geometry": { "type": "Point", "coordinates": [ -46.781377335749546, -23.734721282437757 ] } },
{ "type": "Feature", "properties": { "Ano": 2023.0, "Nota Empenho": "126498/2023", "Nota Reserva": "69759/2023", "Ata CMDP": null, "Processo SEI": 6018202300916721.0, "Unidade": "SMS", "Função": "10 - SAÚDE", "Sub Função": "301 - ATENÇÃO BÁSICA", "Programa": "3003 - AÇÕES E SERVIÇOS DA SAÚDE EM ATENÇÃO BÁSICA, ESPECIALIDADES E VIGILÂNCIA", "Atividade": "5204 - AVANÇA SAÚDE SP - AMPLIAÇÃO, REFORMA E REQUALIFICAÇÃO DE EQUIPAMENTOS DE SAÚDE", "Sub Elemento Despesa": "Obras em Andamento - Uso Comum do Povo", "Item Despesa": "Hospitais e similares", "Observação Empenho": "CONTRATAÇÃO DE EMPRESA ESPECIALIZADA DE ENGENHARIA PARA REFORMA DA UNIDADE BÁSICA DE SAÚDE VILA CALÚ.", "Contrato": "40636/2023", "Credor Nome": "QUALIDA SERVICOS TECNICOS EIRELI", "Valor Empenho": 35107.86, "Valor Empenho Cancelado": 0.0, "Valor Empenho Líquido": 35107.86, "Valor Empenho Liquidado": 35107.86, "Valor Empenho Pago": 35107.86, "Equipamento 1": "Unidade de Saúde", "Equipamento 2": "UBS Vila Calú", "Endereço": "Estrada do M´Boi Mirim - Vila Calu", "Região": "Sul", "Extensão (m)": null, "Trecho (Recap)": null, "lon": -46.788673089566856, "lat": -23.735441291072 }, "geometry": { "type": "Point", "coordinates": [ -46.788673089566856, -23.735441291072 ] } },
{ "type": "Feature", "properties": { "Ano": 2023.0, "Nota Empenho": "127116/2023", "Nota Reserva": "87869/2023", "Ata CMDP": null, "Processo SEI": 201403217684.0, "Unidade": "SMS", "Função": "10 - SAÚDE", "Sub Função": "301 - ATENÇÃO BÁSICA", "Programa": "3003 - AÇÕES E SERVIÇOS DA SAÚDE EM ATENÇÃO BÁSICA, ESPECIALIDADES E VIGILÂNCIA", "Atividade": "5204 - AVANÇA SAÚDE SP - AMPLIAÇÃO, REFORMA E REQUALIFICAÇÃO DE EQUIPAMENTOS DE SAÚDE", "Sub Elemento Despesa": "Serviços de Assistência à Saúde", "Item Despesa": "Materiais Permanentes", "Observação Empenho": "6018.2023/0107923-8 - R11 - Aquisição de equipamento/mobiliário para a UBS Jardim Copa (conforme processo 6018.2023/0046655-6) - programa de metas 2021/2024", "Contrato": "21331/2018", "Credor Nome": "CASA DE SAUDE SANTA MARCELINA", "Valor Empenho": 96469.22, "Valor Empenho Cancelado": 0.0, "Valor Empenho Líquido": 96469.22, "Valor Empenho Liquidado": 96469.22, "Valor Empenho Pago": 96469.22, "Equipamento 1": "Unidade de Saúde", "Equipamento 2": "UBS Jardim Copa", "Endereço": "Rua Ponta de Lucena - Itaquera", "Região": "Leste", "Extensão (m)": "SIMPROC", "Trecho (Recap)": null, "lon": -46.457299117794221, "lat": -23.562518670486732 }, "geometry": { "type": "Point", "coordinates": [ -46.457299117794221, -23.562518670486732 ] } },
{ "type": "Feature", "properties": { "Ano": 2023.0, "Nota Empenho": "127152/2023", "Nota Reserva": "87878/2023", "Ata CMDP": null, "Processo SEI": 201403217684.0, "Unidade": "SMS", "Função": "10 - SAÚDE", "Sub Função": "301 - ATENÇÃO BÁSICA", "Programa": "3003 - AÇÕES E SERVIÇOS DA SAÚDE EM ATENÇÃO BÁSICA, ESPECIALIDADES E VIGILÂNCIA", "Atividade": "5204 - AVANÇA SAÚDE SP - AMPLIAÇÃO, REFORMA E REQUALIFICAÇÃO DE EQUIPAMENTOS DE SAÚDE", "Sub Elemento Despesa": "Serviços de Assistência à Saúde", "Item Despesa": "Materiais Permanentes", "Observação Empenho": "6018.2023/0110185-3 - R11 - Aquisição de equipamento/mobiliário para a UBS Jardim Helian (conforme processo 6018.2023/0046655-6) - programa de metas 2021/2024", "Contrato": "21331/2018", "Credor Nome": "CASA DE SAUDE SANTA MARCELINA", "Valor Empenho": 99972.34, "Valor Empenho Cancelado": 0.0, "Valor Empenho Líquido": 99972.34, "Valor Empenho Liquidado": 99972.34, "Valor Empenho Pago": 99972.34, "Equipamento 1": "Unidade de Saúde", "Equipamento 2": "UBS J Helian", "Endereço": "Rua João Barreiros - Parque do Carmo", "Região": "Leste", "Extensão (m)": "SIMPROC", "Trecho (Recap)": null, "lon": -46.453504224541483, "lat": -23.576896817868278 }, "geometry": { "type": "Point", "coordinates": [ -46.453504224541483, -23.576896817868278 ] } },
{ "type": "Feature", "properties": { "Ano": 2023.0, "Nota Empenho": "127440/2023", "Nota Reserva": "87864/2023", "Ata CMDP": null, "Processo SEI": 6018202301064141.0, "Unidade": "SMS", "Função": "10 - SAÚDE", "Sub Função": "301 - ATENÇÃO BÁSICA", "Programa": "3003 - AÇÕES E SERVIÇOS DA SAÚDE EM ATENÇÃO BÁSICA, ESPECIALIDADES E VIGILÂNCIA", "Atividade": "5204 - AVANÇA SAÚDE SP - AMPLIAÇÃO, REFORMA E REQUALIFICAÇÃO DE EQUIPAMENTOS DE SAÚDE", "Sub Elemento Despesa": "Manutenção e Conservação de Bens Imóveis", "Item Despesa": "Pequenas Reformas - Hospitais, UBS e Similares", "Observação Empenho": "SMS - CONTRATAÇÃO DE EMPRESA ESPECIALIZADA PARA A PRESTAÇÃO DE SERVIÇOS DE REPAROS, ADEQUAÇÕES PONTUAIS E PEQUENOS SERVIÇOS DE ENGENHARIA NA AMA/UBS VILA IMPÉRIO I – COM FORNECIMENTO DE MATERIAL E MÃO-DE-OBRA, EM LOTES. (LOTE 10 – Sul 3) - EXERCÍCIO 2023.", "Contrato": "40855/2023", "Credor Nome": "LEMAM CONSTRUCOES E COMERCIO SA", "Valor Empenho": 419195.71, "Valor Empenho Cancelado": 120766.29, "Valor Empenho Líquido": 419195.71, "Valor Empenho Liquidado": 298429.42, "Valor Empenho Pago": 298429.42, "Equipamento 1": "Unidade de Saúde", "Equipamento 2": "UBS Vila Império", "Endereço": "Rua Catarina Gabrielli - Americanópolis", "Região": "Sul", "Extensão (m)": null, "Trecho (Recap)": null, "lon": -46.649459998773622, "lat": -23.672867798804404 }, "geometry": { "type": "Point", "coordinates": [ -46.649459998773622, -23.672867798804404 ] } },
{ "type": "Feature", "properties": { "Ano": 2023.0, "Nota Empenho": "127510/2023", "Nota Reserva": "87861/2023", "Ata CMDP": null, "Processo SEI": 6018202301161805.0, "Unidade": "SMS", "Função": "10 - SAÚDE", "Sub Função": "301 - ATENÇÃO BÁSICA", "Programa": "3003 - AÇÕES E SERVIÇOS DA SAÚDE EM ATENÇÃO BÁSICA, ESPECIALIDADES E VIGILÂNCIA", "Atividade": "5204 - AVANÇA SAÚDE SP - AMPLIAÇÃO, REFORMA E REQUALIFICAÇÃO DE EQUIPAMENTOS DE SAÚDE", "Sub Elemento Despesa": "Obras em Andamento - Uso Comum do Povo", "Item Despesa": "Hospitais e similares", "Observação Empenho": "SMS-CONTRATAÇÃO DE EMPRESA ESPECIALIZADA PARA A PRESTAÇÃO DE SERVIÇOS DE REPAROS, ADEQUAÇÕES PONTUAIS E PEQUENOS SERVIÇOS DE ENGENHARIA NA UBS JARDIM SHANGRILÁ ELLUS – COM FORNECIMENTO DE MATERIAL E MÃO-DE-OBRA, EM LOTES. (LOTE 09 – Sul 2)- EXERCÍCIO 2023", "Contrato": "40879/2023", "Credor Nome": "MACOR ENGENHARIA CONSTRUCOES E COMERCIO LTDA", "Valor Empenho": 209149.73, "Valor Empenho Cancelado": 207294.41, "Valor Empenho Líquido": 209149.73, "Valor Empenho Liquidado": 1855.32, "Valor Empenho Pago": 1855.32, "Equipamento 1": "Unidade de Saúde", "Equipamento 2": "UBS Jardim Shangrilá Ellus", "Endereço": "Rua Rodrigues - Jardim Shangrilá", "Região": "Sul", "Extensão (m)": null, "Trecho (Recap)": null, "lon": -46.667692888953027, "lat": -23.766372640113691 }, "geometry": { "type": "Point", "coordinates": [ -46.667692888953027, -23.766372640113691 ] } },
{ "type": "Feature", "properties": { "Ano": 2023.0, "Nota Empenho": "127545/2023", "Nota Reserva": "87866/2023", "Ata CMDP": null, "Processo SEI": 6018202301063749.0, "Unidade": "SMS", "Função": "10 - SAÚDE", "Sub Função": "301 - ATENÇÃO BÁSICA", "Programa": "3003 - AÇÕES E SERVIÇOS DA SAÚDE EM ATENÇÃO BÁSICA, ESPECIALIDADES E VIGILÂNCIA", "Atividade": "5204 - AVANÇA SAÚDE SP - AMPLIAÇÃO, REFORMA E REQUALIFICAÇÃO DE EQUIPAMENTOS DE SAÚDE", "Sub Elemento Despesa": "Manutenção e Conservação de Bens Imóveis", "Item Despesa": "Pequenas Reformas - Hospitais, UBS e Similares", "Observação Empenho": "SMS - CONTRATAÇÃO DE EMPRESA ESPECIALIZADA PARA A PRESTAÇÃO DE SERVIÇOS DE REPAROS, ADEQUAÇÕES PONTUAIS E PEQUENOS SERVIÇOS DE ENGENHARIA NA UBS VILA CISPER – COM FORNECIMENTO DE MATERIAL E MÃO-DE-OBRA, EM LOTES. (LOTE 02 – LESTE 1) – EXERCÍCIO 2023", "Contrato": "40897/2023", "Credor Nome": "CONSTRUTORA PROGREDIOR LTDA", "Valor Empenho": 18321.76, "Valor Empenho Cancelado": 16486.59, "Valor Empenho Líquido": 18321.76, "Valor Empenho Liquidado": 1835.17, "Valor Empenho Pago": 1835.17, "Equipamento 1": "Unidade de Saúde", "Equipamento 2": "UBS Vila Cisper", "Endereço": "Rua Caculé, parque Cisper", "Região": "Leste", "Extensão (m)": null, "Trecho (Recap)": null, "lon": -46.491513277299639, "lat": -23.489804663237177 }, "geometry": { "type": "Point", "coordinates": [ -46.491513277299639, -23.489804663237177 ] } },
{ "type": "Feature", "properties": { "Ano": 2023.0, "Nota Empenho": "127614/2023", "Nota Reserva": "87862/2023", "Ata CMDP": null, "Processo SEI": 6018202301078657.0, "Unidade": "SMS", "Função": "10 - SAÚDE", "Sub Função": "301 - ATENÇÃO BÁSICA", "Programa": "3003 - AÇÕES E SERVIÇOS DA SAÚDE EM ATENÇÃO BÁSICA, ESPECIALIDADES E VIGILÂNCIA", "Atividade": "5204 - AVANÇA SAÚDE SP - AMPLIAÇÃO, REFORMA E REQUALIFICAÇÃO DE EQUIPAMENTOS DE SAÚDE", "Sub Elemento Despesa": "Obras em Andamento - Uso Comum do Povo", "Item Despesa": "Hospitais e similares", "Observação Empenho": "SMS - CONTRATAÇÃO DE EMPRESA ESPECIALIZADA PARA A PRESTAÇÃO DE SERVIÇOS DE REPAROS, ADEQUAÇÕES PONTUAIS E PEQUENOS SERVIÇOS DE ENGENHARIA NA UBS JD DAS OLIVEIRAS – COM FORNECIMENTO DE MATERIAL E MÃO-DE-OBRA, EM LOTES. (LOTE 02 – LESTE 1) – EXERCÍCIO 2023.", "Contrato": "40918/2023", "Credor Nome": "CONSTRUTORA PROGREDIOR LTDA", "Valor Empenho": 169571.32, "Valor Empenho Cancelado": 167736.15, "Valor Empenho Líquido": 169571.32, "Valor Empenho Liquidado": 1835.17, "Valor Empenho Pago": 1835.17, "Equipamento 1": "Unidade de Saúde", "Equipamento 2": "UBS Jardim das Oliveiras", "Endereço": "Rua José da Cruz Camargo - Itaim Paulista", "Região": "Leste", "Extensão (m)": null, "Trecho (Recap)": null, "lon": -46.37898039436498, "lat": -23.495723984098348 }, "geometry": { "type": "Point", "coordinates": [ -46.37898039436498, -23.495723984098348 ] } },
{ "type": "Feature", "properties": { "Ano": 2023.0, "Nota Empenho": "133831/2023", "Nota Reserva": "90499/2023", "Ata CMDP": null, "Processo SEI": 201403218125.0, "Unidade": "SMS", "Função": "10 - SAÚDE", "Sub Função": "301 - ATENÇÃO BÁSICA", "Programa": "3003 - AÇÕES E SERVIÇOS DA SAÚDE EM ATENÇÃO BÁSICA, ESPECIALIDADES E VIGILÂNCIA", "Atividade": "5204 - AVANÇA SAÚDE SP - AMPLIAÇÃO, REFORMA E REQUALIFICAÇÃO DE EQUIPAMENTOS DE SAÚDE", "Sub Elemento Despesa": "Serviços de Assistência à Saúde", "Item Despesa": "Obras e Reformas em Imóvel da OS ou de Terceiros", "Observação Empenho": "SMS/CRS-N –TA 163/2023 - ACRÉSCIMO DE RECURSOS DE À TITULO DE INVESTIMENTO, POR MEIO DE EMENDA PARLAMENTAR PARA REFORMA E ADEQUAÇÃO DA UBS ALDEIA DO JARAGUA", "Contrato": "21358/2018", "Credor Nome": "SPDM ASSOCIAÇÃO  PAULISTA PARA O DESENVOLVIMENTO DA MEDICINA", "Valor Empenho": 999989.4, "Valor Empenho Cancelado": 0.0, "Valor Empenho Líquido": 999989.4, "Valor Empenho Liquidado": 999989.4, "Valor Empenho Pago": 999989.4, "Equipamento 1": "Unidade de Saúde", "Equipamento 2": "UBS Aldeia do Jaragua", "Endereço": "UBS Aldeia Jaragua Kwaray Djekupe", "Região": "Noroeste", "Extensão (m)": "SIMPROC", "Trecho (Recap)": null, "lon": -46.753370716373517, "lat": -23.464506078856303 }, "geometry": { "type": "Point", "coordinates": [ -46.753370716373517, -23.464506078856303 ] } },
{ "type": "Feature", "properties": { "Ano": 2023.0, "Nota Empenho": "133842/2023", "Nota Reserva": "91288/2023", "Ata CMDP": null, "Processo SEI": 201403218125.0, "Unidade": "SMS", "Função": "10 - SAÚDE", "Sub Função": "301 - ATENÇÃO BÁSICA", "Programa": "3003 - AÇÕES E SERVIÇOS DA SAÚDE EM ATENÇÃO BÁSICA, ESPECIALIDADES E VIGILÂNCIA", "Atividade": "5204 - AVANÇA SAÚDE SP - AMPLIAÇÃO, REFORMA E REQUALIFICAÇÃO DE EQUIPAMENTOS DE SAÚDE", "Sub Elemento Despesa": "Serviços de Assistência à Saúde", "Item Despesa": "Materiais Permanentes", "Observação Empenho": "SMS/CRS-N - TA 162/2023 - ACRÉSCIMO DE RECURSOS À TITULO DE INVESTIMENTO DE TRANSPOSIÇÃO DE RECURSO, PARA AQUISIÇÃO DE EQUIPAMENTOS PARA AMA-E PERUS", "Contrato": "21358/2018", "Credor Nome": "SPDM ASSOCIAÇÃO  PAULISTA PARA O DESENVOLVIMENTO DA MEDICINA", "Valor Empenho": 81000.0, "Valor Empenho Cancelado": 0.0, "Valor Empenho Líquido": 81000.0, "Valor Empenho Liquidado": 81000.0, "Valor Empenho Pago": 81000.0, "Equipamento 1": "Unidade de Saúde", "Equipamento 2": "AMA Perus", "Endereço": "Praça Vig. João Gonçalves de Lima - Vila Perus", "Região": "Norte", "Extensão (m)": "SIMPROC", "Trecho (Recap)": null, "lon": -46.757210746633731, "lat": -23.409721021792407 }, "geometry": { "type": "Point", "coordinates": [ -46.757210746633731, -23.409721021792407 ] } },
{ "type": "Feature", "properties": { "Ano": 2023.0, "Nota Empenho": "133853/2023", "Nota Reserva": "90513/2023", "Ata CMDP": null, "Processo SEI": 201403218125.0, "Unidade": "SMS", "Função": "10 - SAÚDE", "Sub Função": "301 - ATENÇÃO BÁSICA", "Programa": "3003 - AÇÕES E SERVIÇOS DA SAÚDE EM ATENÇÃO BÁSICA, ESPECIALIDADES E VIGILÂNCIA", "Atividade": "5204 - AVANÇA SAÚDE SP - AMPLIAÇÃO, REFORMA E REQUALIFICAÇÃO DE EQUIPAMENTOS DE SAÚDE", "Sub Elemento Despesa": "Serviços de Assistência à Saúde", "Item Despesa": "Materiais Permanentes", "Observação Empenho": "SMS/CRS- N - ACRÉSCIMO DE TRANSPOSIÇÃO DE RECURSO PARA EQUIPAMENTOS E MATERIAIS PARA O CAPS ADULTO II PERUS", "Contrato": "21358/2018", "Credor Nome": "SPDM ASSOCIAÇÃO  PAULISTA PARA O DESENVOLVIMENTO DA MEDICINA", "Valor Empenho": 64110.0, "Valor Empenho Cancelado": 0.0, "Valor Empenho Líquido": 64110.0, "Valor Empenho Liquidado": 64110.0, "Valor Empenho Pago": 64110.0, "Equipamento 1": "Unidade de Saúde", "Equipamento 2": "Caps Adulto II Perus", "Endereço": "R. Mogeiro - Perus", "Região": "Leste", "Extensão (m)": "SIMPROC", "Trecho (Recap)": null, "lon": -46.758114561973173, "lat": -23.409750384622388 }, "geometry": { "type": "Point", "coordinates": [ -46.758114561973173, -23.409750384622388 ] } },
{ "type": "Feature", "properties": { "Ano": 2023.0, "Nota Empenho": "133866/2023", "Nota Reserva": "90512/2023", "Ata CMDP": null, "Processo SEI": 201403218125.0, "Unidade": "SMS", "Função": "10 - SAÚDE", "Sub Função": "301 - ATENÇÃO BÁSICA", "Programa": "3003 - AÇÕES E SERVIÇOS DA SAÚDE EM ATENÇÃO BÁSICA, ESPECIALIDADES E VIGILÂNCIA", "Atividade": "5204 - AVANÇA SAÚDE SP - AMPLIAÇÃO, REFORMA E REQUALIFICAÇÃO DE EQUIPAMENTOS DE SAÚDE", "Sub Elemento Despesa": "Serviços de Assistência à Saúde", "Item Despesa": "Obras e Reformas em Imóvel da OS ou de Terceiros", "Observação Empenho": "SMS/CRS-N - TA 164/2023 - ACRÉSCIMO TRANSPOSIÇÃO DE RECURSOS DE INVESTIMENTO, PARA CONSTRUÇÃO DE COBERTURA PARA ESPERA DE PACIENTES SINTOMÁTICOS NA UBS PARQUE NAÇÕES SEM TERRA", "Contrato": "21358/2018", "Credor Nome": "SPDM ASSOCIAÇÃO  PAULISTA PARA O DESENVOLVIMENTO DA MEDICINA", "Valor Empenho": 40000.0, "Valor Empenho Cancelado": 0.0, "Valor Empenho Líquido": 40000.0, "Valor Empenho Liquidado": 40000.0, "Valor Empenho Pago": 40000.0, "Equipamento 1": "Unidade de Saúde", "Equipamento 2": "UBS Parque nações Sem Terra", "Endereço": "R. Aracy Rondon Amarante - Jardim Santa Lucrecia", "Região": "Norte", "Extensão (m)": "SIMPROC", "Trecho (Recap)": null, "lon": -46.745590690807227, "lat": -23.440080261360645 }, "geometry": { "type": "Point", "coordinates": [ -46.745590690807227, -23.440080261360645 ] } },
{ "type": "Feature", "properties": { "Ano": 2023.0, "Nota Empenho": "134229/2023", "Nota Reserva": "90515/2023", "Ata CMDP": null, "Processo SEI": 201403218192.0, "Unidade": "SMS", "Função": "10 - SAÚDE", "Sub Função": "301 - ATENÇÃO BÁSICA", "Programa": "3003 - AÇÕES E SERVIÇOS DA SAÚDE EM ATENÇÃO BÁSICA, ESPECIALIDADES E VIGILÂNCIA", "Atividade": "5204 - AVANÇA SAÚDE SP - AMPLIAÇÃO, REFORMA E REQUALIFICAÇÃO DE EQUIPAMENTOS DE SAÚDE", "Sub Elemento Despesa": "Serviços de Assistência à Saúde", "Item Despesa": "Obras e Reformas em Imóvel da Prefeitura", "Observação Empenho": "Reforma do Estacionamento, adequação do abrigo do compressor e colocação de tampa na valeta de drenagem pluvial da UBS Jardim Guarani, cf. processos 6018.2023/0080791-4 e 6018.2023/0046655-6", "Contrato": "21360/2018", "Credor Nome": "ASSOCIAÇÃO SAUDE DA FAMILIA", "Valor Empenho": 93721.6, "Valor Empenho Cancelado": 0.0, "Valor Empenho Líquido": 93721.6, "Valor Empenho Liquidado": 93721.6, "Valor Empenho Pago": 93721.6, "Equipamento 1": "Unidade de Saúde", "Equipamento 2": "UBS Jardim Guarani", "Endereço": "R. Santana do Araçuaí - Jardim Guarani", "Região": "Norte", "Extensão (m)": "SIMPROC", "Trecho (Recap)": null, "lon": -46.691284633136654, "lat": -23.462467225128183 }, "geometry": { "type": "Point", "coordinates": [ -46.691284633136654, -23.462467225128183 ] } },
{ "type": "Feature", "properties": { "Ano": 2023.0, "Nota Empenho": "134288/2023", "Nota Reserva": "90505/2023", "Ata CMDP": null, "Processo SEI": 201403218192.0, "Unidade": "SMS", "Função": "10 - SAÚDE", "Sub Função": "301 - ATENÇÃO BÁSICA", "Programa": "3003 - AÇÕES E SERVIÇOS DA SAÚDE EM ATENÇÃO BÁSICA, ESPECIALIDADES E VIGILÂNCIA", "Atividade": "5204 - AVANÇA SAÚDE SP - AMPLIAÇÃO, REFORMA E REQUALIFICAÇÃO DE EQUIPAMENTOS DE SAÚDE", "Sub Elemento Despesa": "Serviços de Assistência à Saúde", "Item Despesa": "Obras e Reformas em Imóvel da Prefeitura", "Observação Empenho": "Reforma contemplando a troca do telhado e ajuste na rede de águas pluviais da AMA/UBS Jardim Paulistano, cf. processos 6018.2023/0080789-2 e 6018.2023/0046655-6", "Contrato": "21360/2018", "Credor Nome": "ASSOCIAÇÃO SAUDE DA FAMILIA", "Valor Empenho": 298955.14, "Valor Empenho Cancelado": 0.0, "Valor Empenho Líquido": 298955.14, "Valor Empenho Liquidado": 298955.14, "Valor Empenho Pago": 298955.14, "Equipamento 1": "Unidade de Saúde", "Equipamento 2": "AMA/UBS Jardim Paulistano", "Endereço": "R. Encruzilhada do Sul - Jardim Paulistano", "Região": "Norte", "Extensão (m)": "SIMPROC", "Trecho (Recap)": null, "lon": -46.708997933136814, "lat": -23.461568676518048 }, "geometry": { "type": "Point", "coordinates": [ -46.708997933136814, -23.461568676518048 ] } },
{ "type": "Feature", "properties": { "Ano": 2023.0, "Nota Empenho": "134328/2023", "Nota Reserva": "90503/2023", "Ata CMDP": null, "Processo SEI": 201401361540.0, "Unidade": "SMS", "Função": "10 - SAÚDE", "Sub Função": "301 - ATENÇÃO BÁSICA", "Programa": "3003 - AÇÕES E SERVIÇOS DA SAÚDE EM ATENÇÃO BÁSICA, ESPECIALIDADES E VIGILÂNCIA", "Atividade": "5204 - AVANÇA SAÚDE SP - AMPLIAÇÃO, REFORMA E REQUALIFICAÇÃO DE EQUIPAMENTOS DE SAÚDE", "Sub Elemento Despesa": "Serviços de Assistência à Saúde", "Item Despesa": "Obras e Reformas em Imóvel da Prefeitura", "Observação Empenho": "Reforma e adequação na UBS/AMA Integrada Jardim Brasil, cf. processos 6018.2023/0084728-2 e 6018.2023/0046655-6", "Contrato": "21367/2018", "Credor Nome": "SPDM ASSOCIAÇÃO  PAULISTA PARA O DESENVOLVIMENTO DA MEDICINA", "Valor Empenho": 249999.9, "Valor Empenho Cancelado": 0.0, "Valor Empenho Líquido": 249999.9, "Valor Empenho Liquidado": 249999.9, "Valor Empenho Pago": 249999.9, "Equipamento 1": "Unidade de Saúde", "Equipamento 2": "UBS/AMA Integrada Jardim Brasil", "Endereço": "Jardim Brasil, São Paulo ", "Região": "Norte", "Extensão (m)": "SIMPROC", "Trecho (Recap)": null, "lon": -46.576790318718643, "lat": -23.48600392110108 }, "geometry": { "type": "Point", "coordinates": [ -46.576790318718643, -23.48600392110108 ] } },
{ "type": "Feature", "properties": { "Ano": 2023.0, "Nota Empenho": "134439/2023", "Nota Reserva": "69762/2023", "Ata CMDP": null, "Processo SEI": 6018202300916888.0, "Unidade": "SMS", "Função": "10 - SAÚDE", "Sub Função": "301 - ATENÇÃO BÁSICA", "Programa": "3003 - AÇÕES E SERVIÇOS DA SAÚDE EM ATENÇÃO BÁSICA, ESPECIALIDADES E VIGILÂNCIA", "Atividade": "5204 - AVANÇA SAÚDE SP - AMPLIAÇÃO, REFORMA E REQUALIFICAÇÃO DE EQUIPAMENTOS DE SAÚDE", "Sub Elemento Despesa": "Obras em Andamento - Uso Comum do Povo", "Item Despesa": "Hospitais e similares", "Observação Empenho": "CONTRATAÇÃO DE EMPRESA ESPECIALIZADA DE ENGENHARIA PARA REFORMA DA UNIDADE AMA/UBS JARDIM CAPELA", "Contrato": "41680/2023", "Credor Nome": "QUALIDA SERVICOS TECNICOS EIRELI", "Valor Empenho": 273912.76, "Valor Empenho Cancelado": 0.0, "Valor Empenho Líquido": 273912.76, "Valor Empenho Liquidado": 273912.76, "Valor Empenho Pago": 273912.76, "Equipamento 1": "Unidade de Saúde", "Equipamento 2": "UBS Jardim Capela ", "Endereço": "R. Barão de Paiva Manso - Jardim Capela", "Região": "Sul", "Extensão (m)": null, "Trecho (Recap)": null, "lon": -46.788848874703461, "lat": -23.730522443765771 }, "geometry": { "type": "Point", "coordinates": [ -46.788848874703461, -23.730522443765771 ] } },
{ "type": "Feature", "properties": { "Ano": 2023.0, "Nota Empenho": "134453/2023", "Nota Reserva": "81640/2023", "Ata CMDP": null, "Processo SEI": 6034202300018763.0, "Unidade": "SUB-AD", "Função": "10 - SAÚDE", "Sub Função": "302 - ASSISTÊNCIA HOSPITALAR E AMBULATORIAL", "Programa": "3003 - AÇÕES E SERVIÇOS DA SAÚDE EM ATENÇÃO BÁSICA, ESPECIALIDADES E VIGILÂNCIA", "Atividade": "5204 - AVANÇA SAÚDE SP - AMPLIAÇÃO, REFORMA E REQUALIFICAÇÃO DE EQUIPAMENTOS DE SAÚDE", "Sub Elemento Despesa": "Obras em Andamento - Uso Comum do Povo", "Item Despesa": "Hospitais e similares", "Observação Empenho": "CC 004/SUB-AD/2023 Servs. de Execução de obras e serviços de implantação da 2ª fase da UPA Pedreira, localizada na Avenida Nossa Senhora do Sabará, São Paulo-SP", "Contrato": "41682/2023", "Credor Nome": "M A S CONSTRUCOES E EMPREENDIMENTOS LIMITADA", "Valor Empenho": 9130010.88, "Valor Empenho Cancelado": 9130010.88, "Valor Empenho Líquido": 9130010.88, "Valor Empenho Liquidado": 0.0, "Valor Empenho Pago": 0.0, "Equipamento 1": "Unidade de Saúde", "Equipamento 2": "UPA Pedreira", "Endereço": " Avenida Nossa Senhora do Sabará", "Região": "Sul", "Extensão (m)": null, "Trecho (Recap)": null, "lon": -46.676342772860288, "lat": -23.695196046653614 }, "geometry": { "type": "Point", "coordinates": [ -46.676342772860288, -23.695196046653614 ] } },
{ "type": "Feature", "properties": { "Ano": 2023.0, "Nota Empenho": "134523/2023", "Nota Reserva": "87875/2023", "Ata CMDP": null, "Processo SEI": 201403371292.0, "Unidade": "SMS", "Função": "10 - SAÚDE", "Sub Função": "301 - ATENÇÃO BÁSICA", "Programa": "3003 - AÇÕES E SERVIÇOS DA SAÚDE EM ATENÇÃO BÁSICA, ESPECIALIDADES E VIGILÂNCIA", "Atividade": "5204 - AVANÇA SAÚDE SP - AMPLIAÇÃO, REFORMA E REQUALIFICAÇÃO DE EQUIPAMENTOS DE SAÚDE", "Sub Elemento Despesa": "Serviços de Assistência à Saúde", "Item Despesa": "Materiais Permanentes", "Observação Empenho": "Aquisição de equipamentos e mobiliários para o Ambulatório de Especialidades Sapopemba.", "Contrato": "21353/2018", "Credor Nome": "SPDM -  ASSOCIAÇÃO PAULISTA PARA O DESENVOLVIMENTO DA MEDICINA", "Valor Empenho": 146820.0, "Valor Empenho Cancelado": 0.0, "Valor Empenho Líquido": 146820.0, "Valor Empenho Liquidado": 146820.0, "Valor Empenho Pago": 146820.0, "Equipamento 1": "Unidade de Saúde", "Equipamento 2": "AMA Sapopemba", "Endereço": "R. João Lopes de Lima - Jardim Sapopemba", "Região": "Leste", "Extensão (m)": "SIMPROC", "Trecho (Recap)": null, "lon": -46.493392133132346, "lat": -23.611638608530484 }, "geometry": { "type": "Point", "coordinates": [ -46.493392133132346, -23.611638608530484 ] } },
{ "type": "Feature", "properties": { "Ano": 2023.0, "Nota Empenho": "134541/2023", "Nota Reserva": "90507/2023", "Ata CMDP": null, "Processo SEI": 201403371217.0, "Unidade": "SMS", "Função": "10 - SAÚDE", "Sub Função": "301 - ATENÇÃO BÁSICA", "Programa": "3003 - AÇÕES E SERVIÇOS DA SAÚDE EM ATENÇÃO BÁSICA, ESPECIALIDADES E VIGILÂNCIA", "Atividade": "5204 - AVANÇA SAÚDE SP - AMPLIAÇÃO, REFORMA E REQUALIFICAÇÃO DE EQUIPAMENTOS DE SAÚDE", "Sub Elemento Despesa": "Serviços de Assistência à Saúde", "Item Despesa": "Materiais Permanentes", "Observação Empenho": "Aquisição de equipamentos e mobiliários para a UBS Vila Prudente.", "Contrato": "21356/2018", "Credor Nome": "SPDM -  ASSOCIAÇÃO PAULISTA PARA O DESENVOLVIMENTO DA MEDICINA", "Valor Empenho": 89200.0, "Valor Empenho Cancelado": 0.0, "Valor Empenho Líquido": 89200.0, "Valor Empenho Liquidado": 89200.0, "Valor Empenho Pago": 89200.0, "Equipamento 1": "Unidade de Saúde", "Equipamento 2": "UBS Vila Prudente.", "Endereço": "Praça do Centenário de Vila Prudente", "Região": "Leste", "Extensão (m)": "SIMPROC", "Trecho (Recap)": null, "lon": -46.582698203542691, "lat": -23.582228344264557 }, "geometry": { "type": "Point", "coordinates": [ -46.582698203542691, -23.582228344264557 ] } },
{ "type": "Feature", "properties": { "Ano": 2023.0, "Nota Empenho": "134607/2023", "Nota Reserva": "90497/2023", "Ata CMDP": null, "Processo SEI": 201403371349.0, "Unidade": "SMS", "Função": "10 - SAÚDE", "Sub Função": "301 - ATENÇÃO BÁSICA", "Programa": "3003 - AÇÕES E SERVIÇOS DA SAÚDE EM ATENÇÃO BÁSICA, ESPECIALIDADES E VIGILÂNCIA", "Atividade": "5204 - AVANÇA SAÚDE SP - AMPLIAÇÃO, REFORMA E REQUALIFICAÇÃO DE EQUIPAMENTOS DE SAÚDE", "Sub Elemento Despesa": "Serviços de Assistência à Saúde", "Item Despesa": "Materiais Permanentes", "Observação Empenho": "R09 - Aquisição de equipamentos para a UBS Jardim Paraguaçú, cf. processos 6018.2023/0119740-0 e 6018.2023/0046655-6", "Contrato": "21318/2018", "Credor Nome": "FUNDACAO DO ABC", "Valor Empenho": 99988.5, "Valor Empenho Cancelado": 0.0, "Valor Empenho Líquido": 99988.5, "Valor Empenho Liquidado": 99988.5, "Valor Empenho Pago": 99988.5, "Equipamento 1": "Unidade de Saúde", "Equipamento 2": "UBS Jardim Paraguaçu", "Endereço": "R. Taiobeiras- Jardim Paraguacu", "Região": "Leste", "Extensão (m)": "SIMPROC", "Trecho (Recap)": null, "lon": -46.500203574707513, "lat": -23.595980401434019 }, "geometry": { "type": "Point", "coordinates": [ -46.500203574707513, -23.595980401434019 ] } },
{ "type": "Feature", "properties": { "Ano": 2023.0, "Nota Empenho": "134611/2023", "Nota Reserva": "90521/2023", "Ata CMDP": null, "Processo SEI": 201403371349.0, "Unidade": "SMS", "Função": "10 - SAÚDE", "Sub Função": "301 - ATENÇÃO BÁSICA", "Programa": "3003 - AÇÕES E SERVIÇOS DA SAÚDE EM ATENÇÃO BÁSICA, ESPECIALIDADES E VIGILÂNCIA", "Atividade": "5204 - AVANÇA SAÚDE SP - AMPLIAÇÃO, REFORMA E REQUALIFICAÇÃO DE EQUIPAMENTOS DE SAÚDE", "Sub Elemento Despesa": "Serviços de Assistência à Saúde", "Item Despesa": "Obras e Reformas em Imóvel da OS ou de Terceiros", "Observação Empenho": "R09 - Reforma/adequação da UBS CDHU Palanque, cf. processos 6018.2023/0122728-8 e 6018.2023/0046655-6", "Contrato": "21318/2018", "Credor Nome": "FUNDACAO DO ABC", "Valor Empenho": 197518.35, "Valor Empenho Cancelado": 0.0, "Valor Empenho Líquido": 197518.35, "Valor Empenho Liquidado": 197518.35, "Valor Empenho Pago": 197518.35, "Equipamento 1": "Unidade de Saúde", "Equipamento 2": "UBS CDHU Palanque", "Endereço": "Av. Pte. da Amizade - Jardim Marilu", "Região": "Leste", "Extensão (m)": "SIMPROC", "Trecho (Recap)": null, "lon": -46.420876580984682, "lat": -23.595036729472973 }, "geometry": { "type": "Point", "coordinates": [ -46.420876580984682, -23.595036729472973 ] } },
{ "type": "Feature", "properties": { "Ano": 2023.0, "Nota Empenho": "134621/2023", "Nota Reserva": "90518/2023", "Ata CMDP": null, "Processo SEI": 201403371349.0, "Unidade": "SMS", "Função": "10 - SAÚDE", "Sub Função": "301 - ATENÇÃO BÁSICA", "Programa": "3003 - AÇÕES E SERVIÇOS DA SAÚDE EM ATENÇÃO BÁSICA, ESPECIALIDADES E VIGILÂNCIA", "Atividade": "5204 - AVANÇA SAÚDE SP - AMPLIAÇÃO, REFORMA E REQUALIFICAÇÃO DE EQUIPAMENTOS DE SAÚDE", "Sub Elemento Despesa": "Serviços de Assistência à Saúde", "Item Despesa": "Obras e Reformas em Imóvel da OS ou de Terceiros", "Observação Empenho": "R09 - Reforma/adequação na UBS Rio Claro, cf. processos 6018.2023/0122726-1, e 6018.2023/0046655-6", "Contrato": "21318/2018", "Credor Nome": "FUNDACAO DO ABC", "Valor Empenho": 198828.95, "Valor Empenho Cancelado": 0.0, "Valor Empenho Líquido": 198828.95, "Valor Empenho Liquidado": 198828.95, "Valor Empenho Pago": 198828.95, "Equipamento 1": "Unidade de Saúde", "Equipamento 2": "UBS Rio Claro", "Endereço": "R. Cinira Polônio - Conj. Promorar Rio Claro", "Região": "Leste", "Extensão (m)": "SIMPROC", "Trecho (Recap)": null, "lon": -46.45691868983679, "lat": -23.621360463973559 }, "geometry": { "type": "Point", "coordinates": [ -46.45691868983679, -23.621360463973559 ] } },
{ "type": "Feature", "properties": { "Ano": 2023.0, "Nota Empenho": "134635/2023", "Nota Reserva": "76590/2023", "Ata CMDP": null, "Processo SEI": 201403371403.0, "Unidade": "SMS", "Função": "10 - SAÚDE", "Sub Função": "301 - ATENÇÃO BÁSICA", "Programa": "3003 - AÇÕES E SERVIÇOS DA SAÚDE EM ATENÇÃO BÁSICA, ESPECIALIDADES E VIGILÂNCIA", "Atividade": "5204 - AVANÇA SAÚDE SP - AMPLIAÇÃO, REFORMA E REQUALIFICAÇÃO DE EQUIPAMENTOS DE SAÚDE", "Sub Elemento Despesa": "Serviços de Assistência à Saúde", "Item Despesa": "Materiais Permanentes", "Observação Empenho": "R10 - Despesa para Aquisição de materiais e equipamentos para o CAPS INFANTO JUVENIL II ITAIM PAULISTA. Autorizado no SEI 093091742 do processo 6018.2023/0046655-6", "Contrato": "21337/2018", "Credor Nome": "CASA DE SAUDE SANTA MARCELINA", "Valor Empenho": 288786.39, "Valor Empenho Cancelado": 1979.9, "Valor Empenho Líquido": 286806.49, "Valor Empenho Liquidado": 286806.49, "Valor Empenho Pago": 286806.49, "Equipamento 1": "Unidade de Saúde", "Equipamento 2": "Caps Infantojuvenil II Itaim Paulista", "Endereço": "Rua Ilha de São Francisco - Vila Silva Teles", "Região": "Leste", "Extensão (m)": "SIMPROC", "Trecho (Recap)": null, "lon": -46.404443217796022, "lat": -23.498553015680127 }, "geometry": { "type": "Point", "coordinates": [ -46.404443217796022, -23.498553015680127 ] } },
{ "type": "Feature", "properties": { "Ano": 2023.0, "Nota Empenho": "134640/2023", "Nota Reserva": "87880/2023", "Ata CMDP": null, "Processo SEI": 201403217684.0, "Unidade": "SMS", "Função": "10 - SAÚDE", "Sub Função": "301 - ATENÇÃO BÁSICA", "Programa": "3003 - AÇÕES E SERVIÇOS DA SAÚDE EM ATENÇÃO BÁSICA, ESPECIALIDADES E VIGILÂNCIA", "Atividade": "5204 - AVANÇA SAÚDE SP - AMPLIAÇÃO, REFORMA E REQUALIFICAÇÃO DE EQUIPAMENTOS DE SAÚDE", "Sub Elemento Despesa": "Serviços de Assistência à Saúde", "Item Despesa": "Materiais Permanentes", "Observação Empenho": "R11 - Aquisição de equipamento/mobiliário para a UBS Profeta Jeremias (conforme processo 6018.2023/0046655-6)", "Contrato": "21331/2018", "Credor Nome": "CASA DE SAUDE SANTA MARCELINA", "Valor Empenho": 99752.48, "Valor Empenho Cancelado": 0.0, "Valor Empenho Líquido": 99752.48, "Valor Empenho Liquidado": 99752.48, "Valor Empenho Pago": 99752.48, "Equipamento 1": "Unidade de Saúde", "Equipamento 2": "UBS Profeta Jeremias", "Endereço": "Rua Luis Bordese - Cidade Tiradentes", "Região": "Leste", "Extensão (m)": "SIMPROC", "Trecho (Recap)": null, "lon": -46.403583324403442, "lat": -23.603234573734888 }, "geometry": { "type": "Point", "coordinates": [ -46.403583324403442, -23.603234573734888 ] } },
{ "type": "Feature", "properties": { "Ano": 2023.0, "Nota Empenho": "134659/2023", "Nota Reserva": "76583/2023", "Ata CMDP": null, "Processo SEI": 201403371349.0, "Unidade": "SMS", "Função": "10 - SAÚDE", "Sub Função": "301 - ATENÇÃO BÁSICA", "Programa": "3003 - AÇÕES E SERVIÇOS DA SAÚDE EM ATENÇÃO BÁSICA, ESPECIALIDADES E VIGILÂNCIA", "Atividade": "5204 - AVANÇA SAÚDE SP - AMPLIAÇÃO, REFORMA E REQUALIFICAÇÃO DE EQUIPAMENTOS DE SAÚDE", "Sub Elemento Despesa": "Serviços de Assistência à Saúde", "Item Despesa": "Materiais Permanentes", "Observação Empenho": "R09 - Despesa para Aquisição de equipamentos para a AMA/UBS Integrada Jardim Santo André. Autorizado no SEI 093091742 do processo 6018.2023/0046655-6", "Contrato": "21318/2018", "Credor Nome": "FUNDACAO DO ABC", "Valor Empenho": 99744.31, "Valor Empenho Cancelado": 6908.65, "Valor Empenho Líquido": 92835.66, "Valor Empenho Liquidado": 92835.66, "Valor Empenho Pago": 92835.66, "Equipamento 1": "Unidade de Saúde", "Equipamento 2": "UBS Integrada Jardim Santo André", "Endereço": "R. Miguel Ferreira de Melo - Jardim Santo Andre", "Região": "Leste", "Extensão (m)": "SIMPROC", "Trecho (Recap)": null, "lon": -46.443622174706299, "lat": -23.630343995668472 }, "geometry": { "type": "Point", "coordinates": [ -46.443622174706299, -23.630343995668472 ] } },
{ "type": "Feature", "properties": { "Ano": 2023.0, "Nota Empenho": "34599/2023", "Nota Reserva": "24656/2023", "Ata CMDP": "2023-05-05 00:00:00", "Processo SEI": 6012202300050446.0, "Unidade": "SMSUB", "Função": "15 - URBANISMO", "Sub Função": "452 - SERVIÇOS URBANOS", "Programa": "3022 - REQUALIFICAÇÃO E PROMOÇÃO DA OCUPAÇÃO DOS ESPAÇOS PÚBLICOS", "Atividade": "1137 - PAVIMENTAÇÃO E RECAPEAMENTO DE VIAS", "Sub Elemento Despesa": "Manutenção e Conservação de Bens Imóveis", "Item Despesa": "Manutenção e Reformas de Bens Imóveis", "Observação Empenho": "CONSEMAVI - TC 111/SMSUB/COGEL/2023 - Via Rua Agamenon Pereira da Silva - Trecho Estrada da M' Boi Mirim", "Contrato": "7433/2023", "Credor Nome": "JOFEGE PAVIMENTACAO E CONSTRUCAO LTDA", "Valor Empenho": 3598073.27, "Valor Empenho Cancelado": 478291.63, "Valor Empenho Líquido": 3119781.64, "Valor Empenho Liquidado": 3119781.64, "Valor Empenho Pago": 3119781.64, "Equipamento 1": null, "Equipamento 2": null, "Endereço": "Via Rua Agamenon Pereira da Silva - Trecho Estrada da M' Boi Mirim", "Região": "Sul", "Extensão (m)": null, "Trecho (Recap)": null, "lon": -46.77945928640009, "lat": -23.693770017206418 }, "geometry": { "type": "Point", "coordinates": [ -46.77945928640009, -23.693770017206418 ] } },
{ "type": "Feature", "properties": { "Ano": 2023.0, "Nota Empenho": "34714/2023", "Nota Reserva": "24656/2023", "Ata CMDP": "2023-05-05 00:00:00", "Processo SEI": 6012202300050470.0, "Unidade": "SMSUB", "Função": "15 - URBANISMO", "Sub Função": "452 - SERVIÇOS URBANOS", "Programa": "3022 - REQUALIFICAÇÃO E PROMOÇÃO DA OCUPAÇÃO DOS ESPAÇOS PÚBLICOS", "Atividade": "1137 - PAVIMENTAÇÃO E RECAPEAMENTO DE VIAS", "Sub Elemento Despesa": "Manutenção e Conservação de Bens Imóveis", "Item Despesa": "Manutenção e Reformas de Bens Imóveis", "Observação Empenho": "CONSEMAVI - TC 096/SMSUB/COGEL/2023 - Via Rua João Robalo - Trecho Rua Henrique Sam Mindlin", "Contrato": "7459/2023", "Credor Nome": "JOFEGE PAVIMENTACAO E CONSTRUCAO LTDA", "Valor Empenho": 5150968.42, "Valor Empenho Cancelado": 2083296.15, "Valor Empenho Líquido": 3067672.27, "Valor Empenho Liquidado": 3067672.27, "Valor Empenho Pago": 3067672.27, "Equipamento 1": null, "Equipamento 2": null, "Endereço": "Via Rua João Robalo - Trecho Rua Henrique Sam Mindlin", "Região": "Sul", "Extensão (m)": null, "Trecho (Recap)": null, "lon": -46.78154877362919, "lat": -23.683895498494131 }, "geometry": { "type": "Point", "coordinates": [ -46.78154877362919, -23.683895498494131 ] } },
{ "type": "Feature", "properties": { "Ano": 2023.0, "Nota Empenho": "37014/2023", "Nota Reserva": "28112/2023", "Ata CMDP": null, "Processo SEI": 201403371292.0, "Unidade": "SMS", "Função": "10 - SAÚDE", "Sub Função": "301 - ATENÇÃO BÁSICA", "Programa": "3003 - AÇÕES E SERVIÇOS DA SAÚDE EM ATENÇÃO BÁSICA, ESPECIALIDADES E VIGILÂNCIA", "Atividade": "5204 - AVANÇA SAÚDE SP - AMPLIAÇÃO, REFORMA E REQUALIFICAÇÃO DE EQUIPAMENTOS DE SAÚDE", "Sub Elemento Despesa": "Serviços de Assistência à Saúde", "Item Despesa": "Obras e Reformas em Imóvel da OS ou de Terceiros", "Observação Empenho": "Despesas com reforma para acessibilidade nas dependências do novo imóvel do CAPS Adulto Aricanduva II.", "Contrato": "21353/2018", "Credor Nome": "SPDM -  ASSOCIAÇÃO PAULISTA PARA O DESENVOLVIMENTO DA MEDICINA", "Valor Empenho": 946710.87, "Valor Empenho Cancelado": 0.0, "Valor Empenho Líquido": 946710.87, "Valor Empenho Liquidado": 946710.87, "Valor Empenho Pago": 946710.87, "Equipamento 1": "Unidade de Saúde", "Equipamento 2": "CAPS Adulto Aricanduva II.", "Endereço": "R. Boicininga - Vila Carrão", "Região": "Leste", "Extensão (m)": "SIMPROC", "Trecho (Recap)": null, "lon": -46.536975404298936, "lat": -23.55509733018161 }, "geometry": { "type": "Point", "coordinates": [ -46.536975404298936, -23.55509733018161 ] } },
{ "type": "Feature", "properties": { "Ano": 2023.0, "Nota Empenho": "41502/2023", "Nota Reserva": "22035/2024", "Ata CMDP": null, "Processo SEI": 6012202300050551.0, "Unidade": "SMSUB", "Função": "15 - URBANISMO", "Sub Função": "452 - SERVIÇOS URBANOS", "Programa": "3022 - REQUALIFICAÇÃO E PROMOÇÃO DA OCUPAÇÃO DOS ESPAÇOS PÚBLICOS", "Atividade": "1137 - PAVIMENTAÇÃO E RECAPEAMENTO DE VIAS", "Sub Elemento Despesa": "Manutenção e Conservação de Bens Imóveis", "Item Despesa": "Manutenção e Reformas de Bens Imóveis", "Observação Empenho": "CONSEMAVI - TC 160/SMSUB/COGEL/2023 - Via Rua Paolo Porpora - Trecho Rua Álvaro Ferreira", "Contrato": "37402/2024", "Credor Nome": "JOFEGE PAVIMENTACAO E CONSTRUCAO LTDA", "Valor Empenho": 4121194.73, "Valor Empenho Cancelado": 1524842.05, "Valor Empenho Líquido": 2596352.68, "Valor Empenho Liquidado": 2596352.68, "Valor Empenho Pago": 2596352.68, "Equipamento 1": "Unidade de Habitação", "Equipamento 2": "Conjunto Habitacional Uirapuru", "Endereço": "C.H. Uirapuru - Bloco 8, rua Frei Claude Alberville s/n - Jardim João XXIII - Subprefeitura Butantã", "Região": "Oeste", "Extensão (m)": null, "Trecho (Recap)": null, "lon": -46.790305964430935, "lat": -23.597995150853244 }, "geometry": { "type": "Point", "coordinates": [ -46.790305964430935, -23.597995150853244 ] } },
{ "type": "Feature", "properties": { "Ano": 2023.0, "Nota Empenho": "51685/2023", "Nota Reserva": "36139/2023", "Ata CMDP": null, "Processo SEI": 201401361540.0, "Unidade": "SMS", "Função": "10 - SAÚDE", "Sub Função": "301 - ATENÇÃO BÁSICA", "Programa": "3003 - AÇÕES E SERVIÇOS DA SAÚDE EM ATENÇÃO BÁSICA, ESPECIALIDADES E VIGILÂNCIA", "Atividade": "5204 - AVANÇA SAÚDE SP - AMPLIAÇÃO, REFORMA E REQUALIFICAÇÃO DE EQUIPAMENTOS DE SAÚDE", "Sub Elemento Despesa": "Serviços de Assistência à Saúde", "Item Despesa": "Obras e Reformas em Imóvel da Prefeitura", "Observação Empenho": "Despesas com obras/reformas para implantação da Casa do Reencontro na STS Vila Maria/Vila Guilherme – Programa Reencontro da PMSP, conforme Plano de Trabalho e Minuta de Termo Aditivo em SEI 082515135; 082874102 e 082874279", "Contrato": "21367/2018", "Credor Nome": "SPDM ASSOCIAÇÃO  PAULISTA PARA O DESENVOLVIMENTO DA MEDICINA", "Valor Empenho": 226091.41, "Valor Empenho Cancelado": 0.0, "Valor Empenho Líquido": 226091.41, "Valor Empenho Liquidado": 226091.41, "Valor Empenho Pago": 226091.41, "Equipamento 1": "Equipamento Administrativo", "Equipamento 2": "STS Vila Maria/Vila Guilherme", "Endereço": "Travessa Particular Fernão Martins da Costa, 105 - Vila Maria", "Região": "Norte", "Extensão (m)": "SIMPROC", "Trecho (Recap)": "SIMPROC", "lon": -46.590485, "lat": -23.500090301059004 }, "geometry": { "type": "Point", "coordinates": [ -46.590485, -23.500090301059004 ] } },
{ "type": "Feature", "properties": { "Ano": 2023.0, "Nota Empenho": "52439/2023", "Nota Reserva": "37952/2023", "Ata CMDP": null, "Processo SEI": 201403217684.0, "Unidade": "SMS", "Função": "10 - SAÚDE", "Sub Função": "301 - ATENÇÃO BÁSICA", "Programa": "3003 - AÇÕES E SERVIÇOS DA SAÚDE EM ATENÇÃO BÁSICA, ESPECIALIDADES E VIGILÂNCIA", "Atividade": "5204 - AVANÇA SAÚDE SP - AMPLIAÇÃO, REFORMA E REQUALIFICAÇÃO DE EQUIPAMENTOS DE SAÚDE", "Sub Elemento Despesa": "Serviços de Assistência à Saúde", "Item Despesa": "Obras e Reformas em Imóvel da OS ou de Terceiros", "Observação Empenho": "R011/2015 SMS.G - adequação do espaço físico no prédio da AMA Juscelino Kubitscheck, para receber o CER II Guaianases (reabilitação física e auditiva) e transformá-lo em CER III, incluindo a reabilitação intelectual - 6018.2023/0035445-6", "Contrato": "21331/2018", "Credor Nome": "CASA DE SAUDE SANTA MARCELINA", "Valor Empenho": 512000.0, "Valor Empenho Cancelado": 0.0, "Valor Empenho Líquido": 512000.0, "Valor Empenho Liquidado": 512000.0, "Valor Empenho Pago": 512000.0, "Equipamento 1": "Unidade de Saúde", "Equipamento 2": "AMA Juscelino Kubitscheck", "Endereço": "R. Utaro Kanai, 286 - Conj. Hab. Juscelino Kubitschek", "Região": "Leste", "Extensão (m)": "SIMPROC", "Trecho (Recap)": "SIMPROC", "lon": -46.398927444174397, "lat": -23.565361894363999 }, "geometry": { "type": "Point", "coordinates": [ -46.398927444174397, -23.565361894363999 ] } },
{ "type": "Feature", "properties": { "Ano": 2023.0, "Nota Empenho": "52844/2023", "Nota Reserva": "35413/2023", "Ata CMDP": null, "Processo SEI": 6110202100120974.0, "Unidade": "AHM", "Função": "10 - SAÚDE", "Sub Função": "302 - ASSISTÊNCIA HOSPITALAR E AMBULATORIAL", "Programa": "3003 - AÇÕES E SERVIÇOS DA SAÚDE EM ATENÇÃO BÁSICA, ESPECIALIDADES E VIGILÂNCIA", "Atividade": "5204 - AVANÇA SAÚDE SP - AMPLIAÇÃO, REFORMA E REQUALIFICAÇÃO DE EQUIPAMENTOS DE SAÚDE", "Sub Elemento Despesa": "Obras em Andamento - Uso Comum do Povo", "Item Despesa": "Hospitais e similares", "Observação Empenho": "SMS - REFORMAS DE EDIFICAÇÕES PARA REALIZAÇÃO DE SERVIÇOS DE ENGENHARIA REFERENTE A REGULARIZAÇÃO, REFORMA E CONSTRUÇÃO DO HMBM - EXERCÍCIO 2023", "Contrato": "37022/2022", "Credor Nome": "G PRADO COMERCIO E CONSTRUCAO EIRELI", "Valor Empenho": 90564.3, "Valor Empenho Cancelado": 0.0, "Valor Empenho Líquido": 90564.3, "Valor Empenho Liquidado": 90564.3, "Valor Empenho Pago": 90564.3, "Equipamento 1": "Unidade de Saúde", "Equipamento 2": "Hospital Municipal Dr. Moysés Deutsch - M'Boi Mirim", "Endereço": "Estrada do M'Boi Mirim, 5203 - Jardim Angela", "Região": "Sul", "Extensão (m)": null, "Trecho (Recap)": null, "lon": -46.775532957669753, "lat": -23.692104794401804 }, "geometry": { "type": "Point", "coordinates": [ -46.775532957669753, -23.692104794401804 ] } },
{ "type": "Feature", "properties": { "Ano": 2023.0, "Nota Empenho": "53097/2023", "Nota Reserva": "24019/2023", "Ata CMDP": null, "Processo SEI": 6110202100062192.0, "Unidade": "AHM", "Função": "10 - SAÚDE", "Sub Função": "301 - ATENÇÃO BÁSICA", "Programa": "3003 - AÇÕES E SERVIÇOS DA SAÚDE EM ATENÇÃO BÁSICA, ESPECIALIDADES E VIGILÂNCIA", "Atividade": "5204 - AVANÇA SAÚDE SP - AMPLIAÇÃO, REFORMA E REQUALIFICAÇÃO DE EQUIPAMENTOS DE SAÚDE", "Sub Elemento Despesa": "Manutenção e Conservação de Bens Imóveis", "Item Despesa": "Pequenas Reformas - Hospitais, UBS e Similares", "Observação Empenho": "SMS - CONTRATAÇÃO DE EMPRESA ESPECIALIZADA, PARA MODERNIZAÇÃO DOS 5 ELEVADORES DA MARCA ATLAS SCHINDLER COM FORNECIMENTO DE MATERIAIS, INSUMOS, E MÃO DE OBRA PARA O H.M. DR. CÁRMINO CARICCHIO", "Contrato": "15098/2023", "Credor Nome": "ELEVADORES ORION LTDA", "Valor Empenho": 1750000.0, "Valor Empenho Cancelado": 962500.0, "Valor Empenho Líquido": 787500.0, "Valor Empenho Liquidado": 787500.0, "Valor Empenho Pago": 787500.0, "Equipamento 1": "Unidade de Saúde", "Equipamento 2": "Hospital Municipal do Tatuapé - Dr. Cármino Caricchio", "Endereço": "Av. Celso Garcia, 4815 - Tatuapé", "Região": "Leste", "Extensão (m)": null, "Trecho (Recap)": null, "lon": -46.566311059513971, "lat": -23.533122141074674 }, "geometry": { "type": "Point", "coordinates": [ -46.566311059513971, -23.533122141074674 ] } },
{ "type": "Feature", "properties": { "Ano": 2023.0, "Nota Empenho": "53842/2023", "Nota Reserva": "39741/2023", "Ata CMDP": "2023-05-05 00:00:00", "Processo SEI": 7910202100011069.0, "Unidade": "SPOBRAS", "Função": "15 - URBANISMO", "Sub Função": "451 - INFRA-ESTRUTURA URBANA", "Programa": "3009 - MELHORIA DA MOBILIDADE URBANA UNIVERSAL", "Atividade": "5187 - RECUPERAÇÃO E REFORÇO DE OBRAS DE ARTE ESPECIAIS - OAE", "Sub Elemento Despesa": "Obras em Andamento - Uso Comum do Povo", "Item Despesa": "Pontes, Pontilhões e Viadutos", "Observação Empenho": "Contrato 123/SIURB/22. Viaduto Carlos Ferraci – Lote 05.", "Contrato": "17058/2022", "Credor Nome": "ALMEIDA SAPATA ENGENHARIA E CONSTRUCOES LTDA", "Valor Empenho": 3171419.27, "Valor Empenho Cancelado": 0.0, "Valor Empenho Líquido": 3171419.27, "Valor Empenho Liquidado": 3171419.27, "Valor Empenho Pago": 3171419.27, "Equipamento 1": null, "Equipamento 2": null, "Endereço": "Viaduto Carlos Ferraci", "Região": "Leste", "Extensão (m)": null, "Trecho (Recap)": null, "lon": -46.57147986121366, "lat": -23.538673584850279 }, "geometry": { "type": "Point", "coordinates": [ -46.57147986121366, -23.538673584850279 ] } },
{ "type": "Feature", "properties": { "Ano": 2023.0, "Nota Empenho": "53848/2023", "Nota Reserva": "39741/2023", "Ata CMDP": "2023-05-05 00:00:00", "Processo SEI": 7910202100011077.0, "Unidade": "SPOBRAS", "Função": "15 - URBANISMO", "Sub Função": "451 - INFRA-ESTRUTURA URBANA", "Programa": "3009 - MELHORIA DA MOBILIDADE URBANA UNIVERSAL", "Atividade": "5187 - RECUPERAÇÃO E REFORÇO DE OBRAS DE ARTE ESPECIAIS - OAE", "Sub Elemento Despesa": "Obras em Andamento - Uso Comum do Povo", "Item Despesa": "Pontes, Pontilhões e Viadutos", "Observação Empenho": "Contrato 126/SIURB/22. Antônio Sanches de Larragoiti Junior – Lote 06.", "Contrato": "17161/2022", "Credor Nome": "CONCREJATO SERVICOS TECNICOS DE ENGENHARIA S/A", "Valor Empenho": 4691347.54, "Valor Empenho Cancelado": 0.0, "Valor Empenho Líquido": 4691347.54, "Valor Empenho Liquidado": 4691347.54, "Valor Empenho Pago": 4691347.54, "Equipamento 1": null, "Equipamento 2": null, "Endereço": "Viaduto Antônio Sanches de Larragoiti Junior", "Região": "Leste", "Extensão (m)": null, "Trecho (Recap)": null, "lon": -46.455879432379646, "lat": -23.514652107488921 }, "geometry": { "type": "Point", "coordinates": [ -46.455879432379646, -23.514652107488921 ] } },
{ "type": "Feature", "properties": { "Ano": 2023.0, "Nota Empenho": "53857/2023", "Nota Reserva": "39741/2023", "Ata CMDP": "2023-05-05 00:00:00", "Processo SEI": 7910202100011085.0, "Unidade": "SPOBRAS", "Função": "15 - URBANISMO", "Sub Função": "451 - INFRA-ESTRUTURA URBANA", "Programa": "3009 - MELHORIA DA MOBILIDADE URBANA UNIVERSAL", "Atividade": "5187 - RECUPERAÇÃO E REFORÇO DE OBRAS DE ARTE ESPECIAIS - OAE", "Sub Elemento Despesa": "Obras em Andamento - Uso Comum do Povo", "Item Despesa": "Pontes, Pontilhões e Viadutos", "Observação Empenho": "Contrato 132/SIURB/22. Viaduto General Milton Tavares - Lote 7.", "Contrato": "17461/2022", "Credor Nome": "JOFEGE PAVIMENTACAO E CONSTRUCAO LTDA", "Valor Empenho": 4037700.36, "Valor Empenho Cancelado": 2524281.72, "Valor Empenho Líquido": 4037700.36, "Valor Empenho Liquidado": 1513418.64, "Valor Empenho Pago": 1513418.64, "Equipamento 1": null, "Equipamento 2": null, "Endereço": "Viaduto General Milton Tavares", "Região": "Leste", "Extensão (m)": null, "Trecho (Recap)": null, "lon": -46.554229344030617, "lat": -23.515474957650987 }, "geometry": { "type": "Point", "coordinates": [ -46.554229344030617, -23.515474957650987 ] } },
{ "type": "Feature", "properties": { "Ano": 2023.0, "Nota Empenho": "53869/2023", "Nota Reserva": "39741/2023", "Ata CMDP": "2023-05-05 00:00:00", "Processo SEI": 7910202100011093.0, "Unidade": "SPOBRAS", "Função": "15 - URBANISMO", "Sub Função": "451 - INFRA-ESTRUTURA URBANA", "Programa": "3009 - MELHORIA DA MOBILIDADE URBANA UNIVERSAL", "Atividade": "5187 - RECUPERAÇÃO E REFORÇO DE OBRAS DE ARTE ESPECIAIS - OAE", "Sub Elemento Despesa": "Obras em Andamento - Uso Comum do Povo", "Item Despesa": "Pontes, Pontilhões e Viadutos", "Observação Empenho": "Contrato 127/SIURB/22. Viaduto Naor Guelfi – Lote 8.", "Contrato": "17155/2022", "Credor Nome": "IMPERMEAR SERVICOS DE ENGENHARIA LTDA", "Valor Empenho": 1045840.32, "Valor Empenho Cancelado": 0.0, "Valor Empenho Líquido": 1045840.32, "Valor Empenho Liquidado": 1045840.32, "Valor Empenho Pago": 1045840.32, "Equipamento 1": null, "Equipamento 2": null, "Endereço": "Viaduto Naor Guelfi", "Região": "Oeste", "Extensão (m)": null, "Trecho (Recap)": null, "lon": -46.771568644028683, "lat": -23.583183287377597 }, "geometry": { "type": "Point", "coordinates": [ -46.771568644028683, -23.583183287377597 ] } },
{ "type": "Feature", "properties": { "Ano": 2023.0, "Nota Empenho": "53885/2023", "Nota Reserva": "39741/2023", "Ata CMDP": "2023-05-05 00:00:00", "Processo SEI": 7910202100011263.0, "Unidade": "SPOBRAS", "Função": "15 - URBANISMO", "Sub Função": "451 - INFRA-ESTRUTURA URBANA", "Programa": "3009 - MELHORIA DA MOBILIDADE URBANA UNIVERSAL", "Atividade": "5187 - RECUPERAÇÃO E REFORÇO DE OBRAS DE ARTE ESPECIAIS - OAE", "Sub Elemento Despesa": "Obras em Andamento - Uso Comum do Povo", "Item Despesa": "Pontes, Pontilhões e Viadutos", "Observação Empenho": "Contrato 149/SIURB/22. Ponte Engenheiro Ary Torres - Lote 11", "Contrato": "19678/2022", "Credor Nome": "JOFEGE PAVIMENTACAO E CONSTRUCAO LTDA", "Valor Empenho": 6687800.57, "Valor Empenho Cancelado": 2711307.64, "Valor Empenho Líquido": 6687800.57, "Valor Empenho Liquidado": 3976492.93, "Valor Empenho Pago": 3976492.93, "Equipamento 1": null, "Equipamento 2": null, "Endereço": "Ponte Engenheiro Ary Torres", "Região": "Sul", "Extensão (m)": null, "Trecho (Recap)": null, "lon": -46.693467730533037, "lat": -23.594324040302787 }, "geometry": { "type": "Point", "coordinates": [ -46.693467730533037, -23.594324040302787 ] } },
{ "type": "Feature", "properties": { "Ano": 2023.0, "Nota Empenho": "53948/2023", "Nota Reserva": "39741/2023", "Ata CMDP": "2023-05-05 00:00:00", "Processo SEI": 7910202100012898.0, "Unidade": "SPOBRAS", "Função": "15 - URBANISMO", "Sub Função": "451 - INFRA-ESTRUTURA URBANA", "Programa": "3009 - MELHORIA DA MOBILIDADE URBANA UNIVERSAL", "Atividade": "5187 - RECUPERAÇÃO E REFORÇO DE OBRAS DE ARTE ESPECIAIS - OAE", "Sub Elemento Despesa": "Obras em Andamento - Uso Comum do Povo", "Item Despesa": "Pontes, Pontilhões e Viadutos", "Observação Empenho": "Contrato 151/SIURB/22. Viaduto Carlito Maia – Lote 16.", "Contrato": "19970/2022", "Credor Nome": "IMPERMEAR SERVICOS DE ENGENHARIA LTDA", "Valor Empenho": 2365777.73, "Valor Empenho Cancelado": 214646.44, "Valor Empenho Líquido": 2365777.73, "Valor Empenho Liquidado": 2151131.29, "Valor Empenho Pago": 2151131.29, "Equipamento 1": null, "Equipamento 2": null, "Endereço": "Viaduto Carlito Maia", "Região": "Leste", "Extensão (m)": null, "Trecho (Recap)": null, "lon": -46.393240063457483, "lat": -23.489734449106521 }, "geometry": { "type": "Point", "coordinates": [ -46.393240063457483, -23.489734449106521 ] } },
{ "type": "Feature", "properties": { "Ano": 2023.0, "Nota Empenho": "55217/2023", "Nota Reserva": "24023/2023", "Ata CMDP": null, "Processo SEI": 6018202300469989.0, "Unidade": "SMS", "Função": "10 - SAÚDE", "Sub Função": "301 - ATENÇÃO BÁSICA", "Programa": "3003 - AÇÕES E SERVIÇOS DA SAÚDE EM ATENÇÃO BÁSICA, ESPECIALIDADES E VIGILÂNCIA", "Atividade": "5204 - AVANÇA SAÚDE SP - AMPLIAÇÃO, REFORMA E REQUALIFICAÇÃO DE EQUIPAMENTOS DE SAÚDE", "Sub Elemento Despesa": "Obras em Andamento - Uso Comum do Povo", "Item Despesa": "Hospitais e similares", "Observação Empenho": "SMS - CONSTRUÇÃO DE UNIDADE BÁSICA DE SAÚDE – UBS VILA RUBI – RUA ARCHOTE DO PERÚ, S/N – PARQUE DAS ÁRVORES – SÃO PAULO - SP", "Contrato": "15958/2023", "Credor Nome": "VILLANOVA ENGENHARIA E DESENVOLVIMENTO AMBIENTAL LTDA", "Valor Empenho": 4505156.0, "Valor Empenho Cancelado": 4049872.82, "Valor Empenho Líquido": 751424.9, "Valor Empenho Liquidado": 455283.18, "Valor Empenho Pago": 455283.18, "Equipamento 1": "Unidade de Saúde", "Equipamento 2": "UBS Vila Rubi", "Endereço": "R. Archote do Peru - Cidade Dutra", "Região": "Sul", "Extensão (m)": null, "Trecho (Recap)": null, "lon": -46.694932422910313, "lat": -23.72817323951401 }, "geometry": { "type": "Point", "coordinates": [ -46.694932422910313, -23.72817323951401 ] } },
{ "type": "Feature", "properties": { "Ano": 2023.0, "Nota Empenho": "55220/2023", "Nota Reserva": "24020/2023", "Ata CMDP": null, "Processo SEI": 6018202300469920.0, "Unidade": "SMS", "Função": "10 - SAÚDE", "Sub Função": "301 - ATENÇÃO BÁSICA", "Programa": "3003 - AÇÕES E SERVIÇOS DA SAÚDE EM ATENÇÃO BÁSICA, ESPECIALIDADES E VIGILÂNCIA", "Atividade": "5204 - AVANÇA SAÚDE SP - AMPLIAÇÃO, REFORMA E REQUALIFICAÇÃO DE EQUIPAMENTOS DE SAÚDE", "Sub Elemento Despesa": "Obras em Andamento - Uso Comum do Povo", "Item Despesa": "Hospitais e similares", "Observação Empenho": "SMS - CONSTRUÇÃO DE UNIDADE BÁSICA DE SAÚDE – UBS JARDIM POPULAR - AVENIDA JAIME TORRES, 600 – JARDIM POPULAR - SUB ERMELINO MATARAZZO", "Contrato": "15959/2023", "Credor Nome": "TERRA NOVA ENGENHARIA E CONSTRUCOES LTDA", "Valor Empenho": 3675017.67, "Valor Empenho Cancelado": 3598872.7, "Valor Empenho Líquido": 272584.1, "Valor Empenho Liquidado": 76144.97, "Valor Empenho Pago": 76144.97, "Equipamento 1": "Unidade de Saúde", "Equipamento 2": "UBS Jardim Popular", "Endereço": "R. Ilha de Castilhos, 271 - Jardim Popular", "Região": "Leste", "Extensão (m)": null, "Trecho (Recap)": null, "lon": -46.506504928834879, "lat": -23.516790877507969 }, "geometry": { "type": "Point", "coordinates": [ -46.506504928834879, -23.516790877507969 ] } },
{ "type": "Feature", "properties": { "Ano": 2023.0, "Nota Empenho": "59109/2023", "Nota Reserva": "41249/2023", "Ata CMDP": null, "Processo SEI": 6110202100151977.0, "Unidade": "AHM", "Função": "10 - SAÚDE", "Sub Função": "302 - ASSISTÊNCIA HOSPITALAR E AMBULATORIAL", "Programa": "3003 - AÇÕES E SERVIÇOS DA SAÚDE EM ATENÇÃO BÁSICA, ESPECIALIDADES E VIGILÂNCIA", "Atividade": "5204 - AVANÇA SAÚDE SP - AMPLIAÇÃO, REFORMA E REQUALIFICAÇÃO DE EQUIPAMENTOS DE SAÚDE", "Sub Elemento Despesa": "Obras em Andamento - Uso Comum do Povo", "Item Despesa": "Hospitais e similares", "Observação Empenho": "SMS - CONTRATAÇÃO DE EMPRESA DE ENGENHARIA ESPECIALIZADA EM REFORMAS/ADEQUAÇÕES EM EDIFICAÇÃOES COM FORNECIMENTO DE MATERIAL E MÃO DE OBRA PARA O HMCC SUBORDINADO À SMS.", "Contrato": "17073/2023", "Credor Nome": "LMM ENGENHARIA E SERVICOS LTDA", "Valor Empenho": 750000.0, "Valor Empenho Cancelado": 0.0, "Valor Empenho Líquido": 750000.0, "Valor Empenho Liquidado": 750000.0, "Valor Empenho Pago": 750000.0, "Equipamento 1": "Unidade de Saúde", "Equipamento 2": "Hospital Municipal do Tatuapé ", "Endereço": "Dr. Cármino Caricchio", "Região": "Leste", "Extensão (m)": null, "Trecho (Recap)": null, "lon": -46.566339171165119, "lat": -23.533056116610364 }, "geometry": { "type": "Point", "coordinates": [ -46.566339171165119, -23.533056116610364 ] } },
{ "type": "Feature", "properties": { "Ano": 2023.0, "Nota Empenho": "61370/2023", "Nota Reserva": "40825/2023", "Ata CMDP": null, "Processo SEI": 201502391283.0, "Unidade": "SMS", "Função": "10 - SAÚDE", "Sub Função": "301 - ATENÇÃO BÁSICA", "Programa": "3003 - AÇÕES E SERVIÇOS DA SAÚDE EM ATENÇÃO BÁSICA, ESPECIALIDADES E VIGILÂNCIA", "Atividade": "5204 - AVANÇA SAÚDE SP - AMPLIAÇÃO, REFORMA E REQUALIFICAÇÃO DE EQUIPAMENTOS DE SAÚDE", "Sub Elemento Despesa": "Serviços de Assistência à Saúde", "Item Despesa": "Materiais Permanentes", "Observação Empenho": "Despesa referente a inclusão de recursos para reforma e aquisição de equipamentos, para reclassificação do HD Penha, de 12 para 24 horas - aquisição de equipamentos e mobiliários.", "Contrato": "21363/2018", "Credor Nome": "SERVICO SOCIAL DA CONSTRUCAO CIVIL DO ESTADO DE SAO PAULO  SECONCISP", "Valor Empenho": 171537.2, "Valor Empenho Cancelado": 0.0, "Valor Empenho Líquido": 171537.2, "Valor Empenho Liquidado": 171537.2, "Valor Empenho Pago": 171537.2, "Equipamento 1": "Unidade de Saúde", "Equipamento 2": "Hospital Dia Penha", "Endereço": "Praça Nossa Sra. da Penha, 55 - Penha de França", "Região": "Leste", "Extensão (m)": "SIMPROC", "Trecho (Recap)": "SIMPROC", "lon": -46.550282030671767, "lat": -23.526553198527864 }, "geometry": { "type": "Point", "coordinates": [ -46.550282030671767, -23.526553198527864 ] } },
{ "type": "Feature", "properties": { "Ano": 2023.0, "Nota Empenho": "61371/2023", "Nota Reserva": "42155/2025", "Ata CMDP": null, "Processo SEI": 201502391283.0, "Unidade": "SMS", "Função": "10 - SAÚDE", "Sub Função": "301 - ATENÇÃO BÁSICA", "Programa": "3003 - AÇÕES E SERVIÇOS DA SAÚDE EM ATENÇÃO BÁSICA, ESPECIALIDADES E VIGILÂNCIA", "Atividade": "5204 - AVANÇA SAÚDE SP - AMPLIAÇÃO, REFORMA E REQUALIFICAÇÃO DE EQUIPAMENTOS DE SAÚDE", "Sub Elemento Despesa": "Serviços de Assistência à Saúde", "Item Despesa": "Obras e Reformas em Imóvel da Prefeitura", "Observação Empenho": "Despesa referente a inclusão de recursos para reforma e aquisição de equipamentos, para reclassificação do HD Penha, de 12 para 24 horas - reforma e adequações de imóvel.", "Contrato": "21353/2018", "Credor Nome": "SERVICO SOCIAL DA CONSTRUCAO CIVIL DO ESTADO DE SAO PAULO  SECONCISP", "Valor Empenho": 824986.66, "Valor Empenho Cancelado": 0.0, "Valor Empenho Líquido": 824986.66, "Valor Empenho Liquidado": 824986.66, "Valor Empenho Pago": 824986.66, "Equipamento 1": "Unidade de Saúde", "Equipamento 2": "Hospital Dia Penha", "Endereço": "Praça Nossa Sra. da Penha, 55 - Penha de França", "Região": "Leste", "Extensão (m)": "SIMPROC", "Trecho (Recap)": "SIMPROC", "lon": -46.550282030671767, "lat": -23.526553198527864 }, "geometry": { "type": "Point", "coordinates": [ -46.550282030671767, -23.526553198527864 ] } },
{ "type": "Feature", "properties": { "Ano": 2023.0, "Nota Empenho": "61743/2023", "Nota Reserva": "42157/2023", "Ata CMDP": null, "Processo SEI": 6018202100045034.0, "Unidade": "SMS", "Função": "10 - SAÚDE", "Sub Função": "301 - ATENÇÃO BÁSICA", "Programa": "3003 - AÇÕES E SERVIÇOS DA SAÚDE EM ATENÇÃO BÁSICA, ESPECIALIDADES E VIGILÂNCIA", "Atividade": "5204 - AVANÇA SAÚDE SP - AMPLIAÇÃO, REFORMA E REQUALIFICAÇÃO DE EQUIPAMENTOS DE SAÚDE", "Sub Elemento Despesa": "Serviços de Assistência à Saúde", "Item Despesa": "Obras e Reformas em Imóvel da Prefeitura", "Observação Empenho": "Despesa com Adequação de Imóvel para Implantação do CCO Tucuruvi", "Contrato": "21867/2021", "Credor Nome": "SOCIEDADE BENEFICENTE CAMINHO DE DAMASCO", "Valor Empenho": 1250000.0, "Valor Empenho Cancelado": 0.0, "Valor Empenho Líquido": 1250000.0, "Valor Empenho Liquidado": 1250000.0, "Valor Empenho Pago": 1250000.0, "Equipamento 1": "Unidade de Saúde", "Equipamento 2": "CCO Tucuruvi", "Endereço": "Av. Nova Cantareira, 1467 - Tucuruvi", "Região": "Norte", "Extensão (m)": null, "Trecho (Recap)": null, "lon": -46.6132796, "lat": -23.482129154189167 }, "geometry": { "type": "Point", "coordinates": [ -46.6132796, -23.482129154189167 ] } },
{ "type": "Feature", "properties": { "Ano": 2023.0, "Nota Empenho": "62529/2023", "Nota Reserva": "43112/2023", "Ata CMDP": null, "Processo SEI": 6018202300485747.0, "Unidade": "SMS", "Função": "10 - SAÚDE", "Sub Função": "301 - ATENÇÃO BÁSICA", "Programa": "3003 - AÇÕES E SERVIÇOS DA SAÚDE EM ATENÇÃO BÁSICA, ESPECIALIDADES E VIGILÂNCIA", "Atividade": "5204 - AVANÇA SAÚDE SP - AMPLIAÇÃO, REFORMA E REQUALIFICAÇÃO DE EQUIPAMENTOS DE SAÚDE", "Sub Elemento Despesa": "Manutenção e Conservação de Bens Imóveis", "Item Despesa": "Pequenas Reformas - Hospitais, UBS e Similares", "Observação Empenho": "Contratação de  serviços de manutenção, conservação, reparos e adequações da UBS Vila Arrieta, com a empresa Construtora Progredior Ltda - CNPJ: 56.838.949/0001-10, detentora da ATA DE REGISTRO DE PREÇOS nº 027/2022 – SIURB.", "Contrato": "18295/2023", "Credor Nome": "CONSTRUTORA PROGREDIOR LTDA", "Valor Empenho": 1499794.11, "Valor Empenho Cancelado": 0.02, "Valor Empenho Líquido": 1499794.09, "Valor Empenho Liquidado": 1499794.09, "Valor Empenho Pago": 1499794.09, "Equipamento 1": "Unidade de Saúde", "Equipamento 2": "UBS Vila Arriete", "Endereço": "R. Julieta de Araújo Almeida - Vila Arriete", "Região": "Sul", "Extensão (m)": null, "Trecho (Recap)": null, "lon": -46.686414381591867, "lat": -23.680551091566699 }, "geometry": { "type": "Point", "coordinates": [ -46.686414381591867, -23.680551091566699 ] } },
{ "type": "Feature", "properties": { "Ano": 2023.0, "Nota Empenho": "63410/2023", "Nota Reserva": "440414/2023", "Ata CMDP": null, "Processo SEI": 201502391283.0, "Unidade": "SMS", "Função": "10 - SAÚDE", "Sub Função": "301 - ATENÇÃO BÁSICA", "Programa": "3003 - AÇÕES E SERVIÇOS DA SAÚDE EM ATENÇÃO BÁSICA, ESPECIALIDADES E VIGILÂNCIA", "Atividade": "5204 - AVANÇA SAÚDE SP - AMPLIAÇÃO, REFORMA E REQUALIFICAÇÃO DE EQUIPAMENTOS DE SAÚDE", "Sub Elemento Despesa": "Serviços de Assistência à Saúde", "Item Despesa": "Obras e Reformas em Imóvel da Prefeitura", "Observação Empenho": "Despesas com reforma de imóvel para implantação do CAPS IJ Cangaiba.", "Contrato": "21363/2018", "Credor Nome": "SERVICO SOCIAL DA CONSTRUCAO CIVIL DO ESTADO DE SAO PAULO  SECONCISP", "Valor Empenho": 213356.66, "Valor Empenho Cancelado": 0.0, "Valor Empenho Líquido": 213356.66, "Valor Empenho Liquidado": 213356.66, "Valor Empenho Pago": 213356.66, "Equipamento 1": "Unidade de Saúde", "Equipamento 2": "CAPS Cangaíba", "Endereço": "R. Zumbi, 258 - Vila Mesquita, São Paulo", "Região": "Leste", "Extensão (m)": "SIMPROC", "Trecho (Recap)": "SIMPROC", "lon": -46.542756405805449, "lat": -23.5075349419118 }, "geometry": { "type": "Point", "coordinates": [ -46.542756405805449, -23.5075349419118 ] } },
{ "type": "Feature", "properties": { "Ano": 2023.0, "Nota Empenho": "63412/2023", "Nota Reserva": "44017/2023", "Ata CMDP": null, "Processo SEI": 201502391283.0, "Unidade": "SMS", "Função": "10 - SAÚDE", "Sub Função": "301 - ATENÇÃO BÁSICA", "Programa": "3003 - AÇÕES E SERVIÇOS DA SAÚDE EM ATENÇÃO BÁSICA, ESPECIALIDADES E VIGILÂNCIA", "Atividade": "5204 - AVANÇA SAÚDE SP - AMPLIAÇÃO, REFORMA E REQUALIFICAÇÃO DE EQUIPAMENTOS DE SAÚDE", "Sub Elemento Despesa": "Serviços de Assistência à Saúde", "Item Despesa": "Materiais Permanentes", "Observação Empenho": "Despesas com aquisição de equipamentos/mobiliários para implantação do CAPS IJ Cangaiba.", "Contrato": "21363/2018", "Credor Nome": "SERVICO SOCIAL DA CONSTRUCAO CIVIL DO ESTADO DE SAO PAULO  SECONCISP", "Valor Empenho": 166206.86, "Valor Empenho Cancelado": 0.0, "Valor Empenho Líquido": 166206.86, "Valor Empenho Liquidado": 166206.86, "Valor Empenho Pago": 166206.86, "Equipamento 1": "Unidade de Saúde", "Equipamento 2": "CAPS Cangaíba", "Endereço": "R. Zumbi, 258 - Vila Mesquita, São Paulo", "Região": "Leste", "Extensão (m)": "SIMPROC", "Trecho (Recap)": "SIMPROC", "lon": -46.542756405805449, "lat": -23.5075349419118 }, "geometry": { "type": "Point", "coordinates": [ -46.542756405805449, -23.5075349419118 ] } },
{ "type": "Feature", "properties": { "Ano": 2023.0, "Nota Empenho": "65458/2023", "Nota Reserva": "38422/2023", "Ata CMDP": null, "Processo SEI": 6110202100103530.0, "Unidade": "AHM", "Função": "10 - SAÚDE", "Sub Função": "302 - ASSISTÊNCIA HOSPITALAR E AMBULATORIAL", "Programa": "3003 - AÇÕES E SERVIÇOS DA SAÚDE EM ATENÇÃO BÁSICA, ESPECIALIDADES E VIGILÂNCIA", "Atividade": "5204 - AVANÇA SAÚDE SP - AMPLIAÇÃO, REFORMA E REQUALIFICAÇÃO DE EQUIPAMENTOS DE SAÚDE", "Sub Elemento Despesa": "Obras em Andamento - Uso Comum do Povo", "Item Despesa": "Hospitais e similares", "Observação Empenho": "SMS - EMPRESA DE ENGENHARIA ESPECIALIZADA EM REFORMAS/ ADEQUAÇÕES EM EDIFICAÇÕES COM FORNECIMENTO DE MATERIAL E MÃO DE OBRA PARA QUE SEJA EXECUTADO EM HOSPITAL MUNICIPAL PROF. DR. IGNÁCIO PROENÇA DE GOUVÊA, SUBORDINADA A SECRETARIA MUNICIPAL DA SAÚDE.", "Contrato": "19940/2023", "Credor Nome": "LMM ENGENHARIA E SERVICOS LTDA", "Valor Empenho": 828452.0, "Valor Empenho Cancelado": 0.0, "Valor Empenho Líquido": 828452.0, "Valor Empenho Liquidado": 828452.0, "Valor Empenho Pago": 828452.0, "Equipamento 1": "Unidade de Saúde", "Equipamento 2": "Hospital Municipal Dr. Ignácio Proença de Gouvêa", "Endereço": "Rua Juventus, 562 - Parque da Mooca", "Região": "Leste", "Extensão (m)": null, "Trecho (Recap)": null, "lon": -46.590265913495358, "lat": -23.571717177246036 }, "geometry": { "type": "Point", "coordinates": [ -46.590265913495358, -23.571717177246036 ] } },
{ "type": "Feature", "properties": { "Ano": 2023.0, "Nota Empenho": "65463/2023", "Nota Reserva": "38444/2023", "Ata CMDP": null, "Processo SEI": 6110202200111730.0, "Unidade": "AHM", "Função": "10 - SAÚDE", "Sub Função": "302 - ASSISTÊNCIA HOSPITALAR E AMBULATORIAL", "Programa": "3003 - AÇÕES E SERVIÇOS DA SAÚDE EM ATENÇÃO BÁSICA, ESPECIALIDADES E VIGILÂNCIA", "Atividade": "5204 - AVANÇA SAÚDE SP - AMPLIAÇÃO, REFORMA E REQUALIFICAÇÃO DE EQUIPAMENTOS DE SAÚDE", "Sub Elemento Despesa": "Obras em Andamento - Uso Comum do Povo", "Item Despesa": "Hospitais e similares", "Observação Empenho": "SMS - EMPRESA DE ENGENHARIA ESPECIALIZADA EM REFORMAS/ ADEQUAÇÕES EM EDIFICAÇÕES COM FORNECIMENTO DE MATERIAL E MÃO DE OBRA PARA QUE SEJA EXECUTADO EM HM Dr. JOSÉ SOARES HUNGRIA SUBORDINADA A SMS.", "Contrato": "19938/2023", "Credor Nome": "LMM ENGENHARIA E SERVICOS LTDA", "Valor Empenho": 1420999.99, "Valor Empenho Cancelado": 568272.42, "Valor Empenho Líquido": 1420999.99, "Valor Empenho Liquidado": 852727.57, "Valor Empenho Pago": 852727.57, "Equipamento 1": "Unidade de Saúde", "Equipamento 2": "Hospital Municipal Dr José Soares Hungria", "Endereço": "Av. Menotti Laudisio, 100 - Jardim Cidade Pirituba", "Região": "Norte", "Extensão (m)": null, "Trecho (Recap)": null, "lon": -46.727558327242129, "lat": -23.484457637667429 }, "geometry": { "type": "Point", "coordinates": [ -46.727558327242129, -23.484457637667429 ] } },
{ "type": "Feature", "properties": { "Ano": 2023.0, "Nota Empenho": "69134/2023", "Nota Reserva": "38408/2023", "Ata CMDP": null, "Processo SEI": 6110202200038293.0, "Unidade": "AHM", "Função": "10 - SAÚDE", "Sub Função": "302 - ASSISTÊNCIA HOSPITALAR E AMBULATORIAL", "Programa": "3003 - AÇÕES E SERVIÇOS DA SAÚDE EM ATENÇÃO BÁSICA, ESPECIALIDADES E VIGILÂNCIA", "Atividade": "5204 - AVANÇA SAÚDE SP - AMPLIAÇÃO, REFORMA E REQUALIFICAÇÃO DE EQUIPAMENTOS DE SAÚDE", "Sub Elemento Despesa": "Obras em Andamento - Uso Comum do Povo", "Item Despesa": "Hospitais e similares", "Observação Empenho": "SMS - CONTRATAÇÃO DE EMPRESA ESPECIALIZADA EM REFORMAS DE EDIFICAÇÕES, COM FORNECIMENTO DE MATERIAL E MÃO DE OBRA - HOSPITAL MUNICIPAL DR. CARMINO CARICCHIO", "Contrato": "20325/2023", "Credor Nome": "CONSTRUMAB ENGENHARIA LTDA", "Valor Empenho": 644900.01, "Valor Empenho Cancelado": 0.0, "Valor Empenho Líquido": 644900.01, "Valor Empenho Liquidado": 644900.01, "Valor Empenho Pago": 644900.01, "Equipamento 1": "Unidade de Saúde", "Equipamento 2": "Hospital Municipal do Tatuapé - Dr. Cármino Caricchio", "Endereço": "Av. Celso Garcia, 4815 - Tatuapé", "Região": "Leste", "Extensão (m)": null, "Trecho (Recap)": null, "lon": -46.566360628834886, "lat": -23.532957751401995 }, "geometry": { "type": "Point", "coordinates": [ -46.566360628834886, -23.532957751401995 ] } },
{ "type": "Feature", "properties": { "Ano": 2023.0, "Nota Empenho": "69613/2023", "Nota Reserva": "45356/2023", "Ata CMDP": "2023-06-13 00:00:00", "Processo SEI": 6012202200230426.0, "Unidade": "SMSUB", "Função": "15 - URBANISMO", "Sub Função": "451 - INFRA-ESTRUTURA URBANA", "Programa": "3022 - REQUALIFICAÇÃO E PROMOÇÃO DA OCUPAÇÃO DOS ESPAÇOS PÚBLICOS", "Atividade": "1170 - INTERVENÇÃO, URBANIZAÇÃO E MELHORIA DE BAIRROS - PLANO DE OBRAS DAS SUBPREFEITURAS", "Sub Elemento Despesa": "Obras em Andamento - Uso Comum do Povo", "Item Despesa": "Obras em Áreas de Risco", "Observação Empenho": "ATOS - Serviços técnicos profissionais especializados de engenharia consultiva para monitoramento, fiscalização e controle tecnológico de obras de execução de reparação de pavimentos flexíveis", "Contrato": "13235/2023", "Credor Nome": "MC ENGENHARIA E CONSTRUCOES LTDA", "Valor Empenho": 6750533.12, "Valor Empenho Cancelado": 11.07, "Valor Empenho Líquido": 6750533.12, "Valor Empenho Liquidado": 6750522.05, "Valor Empenho Pago": 6750522.05, "Equipamento 1": null, "Equipamento 2": null, "Endereço": "Av. Parada Pinto, 1103 - Vila Nova Cachoeirinha", "Região": "Norte", "Extensão (m)": null, "Trecho (Recap)": null, "lon": -46.659703959371548, "lat": -23.469486377475143 }, "geometry": { "type": "Point", "coordinates": [ -46.659703959371548, -23.469486377475143 ] } },
{ "type": "Feature", "properties": { "Ano": 2023.0, "Nota Empenho": "69619/2023", "Nota Reserva": "45356/2023", "Ata CMDP": "2023-06-13 00:00:00", "Processo SEI": 6012202200220935.0, "Unidade": "SMSUB", "Função": "15 - URBANISMO", "Sub Função": "451 - INFRA-ESTRUTURA URBANA", "Programa": "3022 - REQUALIFICAÇÃO E PROMOÇÃO DA OCUPAÇÃO DOS ESPAÇOS PÚBLICOS", "Atividade": "1170 - INTERVENÇÃO, URBANIZAÇÃO E MELHORIA DE BAIRROS - PLANO DE OBRAS DAS SUBPREFEITURAS", "Sub Elemento Despesa": "Obras em Andamento - Uso Comum do Povo", "Item Despesa": "Obras em Áreas de Risco", "Observação Empenho": "ATOS - Obras de reurbanização e contenção do Córrego Hospital", "Contrato": "15461/2023", "Credor Nome": "CONSORCIO CORREGO HOSPITAL JE", "Valor Empenho": 24920031.25, "Valor Empenho Cancelado": 2317113.1, "Valor Empenho Líquido": 22920031.25, "Valor Empenho Liquidado": 22602918.15, "Valor Empenho Pago": 22602918.15, "Equipamento 1": null, "Equipamento 2": null, "Endereço": "R. Irineu Salvador Pinto - Rio Pequeno", "Região": "Oeste", "Extensão (m)": null, "Trecho (Recap)": null, "lon": -46.764883662451027, "lat": -23.577905726001799 }, "geometry": { "type": "Point", "coordinates": [ -46.764883662451027, -23.577905726001799 ] } },
{ "type": "Feature", "properties": { "Ano": 2023.0, "Nota Empenho": "69628/2023", "Nota Reserva": "45356/2023", "Ata CMDP": "2023-06-13 00:00:00", "Processo SEI": 6012202200219708.0, "Unidade": "SMSUB", "Função": "15 - URBANISMO", "Sub Função": "451 - INFRA-ESTRUTURA URBANA", "Programa": "3022 - REQUALIFICAÇÃO E PROMOÇÃO DA OCUPAÇÃO DOS ESPAÇOS PÚBLICOS", "Atividade": "1170 - INTERVENÇÃO, URBANIZAÇÃO E MELHORIA DE BAIRROS - PLANO DE OBRAS DAS SUBPREFEITURAS", "Sub Elemento Despesa": "Obras em Andamento - Uso Comum do Povo", "Item Despesa": "Praças, Parques e Jardins", "Observação Empenho": "ATOS - Execução de obras de contenção e drenagem na Rua Domênico Palma", "Contrato": "14141/2023", "Credor Nome": "ALMEIDA SAPATA ENGENHARIA E CONSTRUCOES LTDA", "Valor Empenho": 19335577.66, "Valor Empenho Cancelado": 10768961.57, "Valor Empenho Líquido": 8566616.09, "Valor Empenho Liquidado": 8566616.09, "Valor Empenho Pago": 8566616.09, "Equipamento 1": null, "Equipamento 2": null, "Endereço": "Rua Domênico Palma, 121 - Cupecê", "Região": "Sul", "Extensão (m)": null, "Trecho (Recap)": null, "lon": -46.665079895512108, "lat": -23.661920591632203 }, "geometry": { "type": "Point", "coordinates": [ -46.665079895512108, -23.661920591632203 ] } },
{ "type": "Feature", "properties": { "Ano": 2023.0, "Nota Empenho": "69633/2023", "Nota Reserva": "45356/2023", "Ata CMDP": "2023-06-13 00:00:00", "Processo SEI": 6012202200230477.0, "Unidade": "SMSUB", "Função": "15 - URBANISMO", "Sub Função": "451 - INFRA-ESTRUTURA URBANA", "Programa": "3022 - REQUALIFICAÇÃO E PROMOÇÃO DA OCUPAÇÃO DOS ESPAÇOS PÚBLICOS", "Atividade": "1170 - INTERVENÇÃO, URBANIZAÇÃO E MELHORIA DE BAIRROS - PLANO DE OBRAS DAS SUBPREFEITURAS", "Sub Elemento Despesa": "Obras em Andamento - Uso Comum do Povo", "Item Despesa": "Obras em Áreas de Risco", "Observação Empenho": "ATOS - Obras de revitalização e contenção do Córrego Manoel Carlos de Souza, entre às ruas Manoel Carlos de Souza e Jeronimo dos Santos", "Contrato": "11315/2023", "Credor Nome": "TRANSVIAS CONSTRUCOES E TERRAPLENAGEM LTDA", "Valor Empenho": 7417908.59, "Valor Empenho Cancelado": 14.84, "Valor Empenho Líquido": 7417908.59, "Valor Empenho Liquidado": 7417893.75, "Valor Empenho Pago": 7417893.75, "Equipamento 1": null, "Equipamento 2": null, "Endereço": "R. Manoel Carlos de Souza - Vila Diva", "Região": "Norte", "Extensão (m)": null, "Trecho (Recap)": null, "lon": -46.671452174710346, "lat": -23.497889556962694 }, "geometry": { "type": "Point", "coordinates": [ -46.671452174710346, -23.497889556962694 ] } },
{ "type": "Feature", "properties": { "Ano": 2023.0, "Nota Empenho": "70965/2023", "Nota Reserva": "38453/2023", "Ata CMDP": null, "Processo SEI": 6110202000264818.0, "Unidade": "AHM", "Função": "10 - SAÚDE", "Sub Função": "302 - ASSISTÊNCIA HOSPITALAR E AMBULATORIAL", "Programa": "3003 - AÇÕES E SERVIÇOS DA SAÚDE EM ATENÇÃO BÁSICA, ESPECIALIDADES E VIGILÂNCIA", "Atividade": "5204 - AVANÇA SAÚDE SP - AMPLIAÇÃO, REFORMA E REQUALIFICAÇÃO DE EQUIPAMENTOS DE SAÚDE", "Sub Elemento Despesa": "Obras em Andamento - Uso Comum do Povo", "Item Despesa": "Hospitais e similares", "Observação Empenho": "SMS - EMPRESA DE ENGENHARIA ESPECIALIZADA EM REFORMAS/ ADEQUAÇÕES EM EDIFICAÇÕES COM FORNECIMENTO DE MATERIAL E MÃO DE OBRA PARA QUE SEJA EXECUTADO OS SERVIÇOS DO HOSPITAL MUNICIPAL DR. FERNANDO MAURO PIRES DA ROCHA SUBORDINADA A SMS. EXERCÍCIO DE 2023.", "Contrato": "11315/2023", "Credor Nome": "LMM ENGENHARIA E SERVICOS LTDA", "Valor Empenho": 766323.49, "Valor Empenho Cancelado": 0.0, "Valor Empenho Líquido": 766323.49, "Valor Empenho Liquidado": 766323.49, "Valor Empenho Pago": 766323.49, "Equipamento 1": "Unidade de Saúde", "Equipamento 2": "Hospital Municipal Dr Fernando Mauro Pires da Rocha", "Endereço": "R. Thereza Mouco de Oliveira, 71 - Vila Maracana", "Região": "Sul", "Extensão (m)": null, "Trecho (Recap)": null, "lon": -46.749350817183661, "lat": -23.649106524492709 }, "geometry": { "type": "Point", "coordinates": [ -46.749350817183661, -23.649106524492709 ] } },
{ "type": "Feature", "properties": { "Ano": 2023.0, "Nota Empenho": "71086/2023", "Nota Reserva": "45356/2023", "Ata CMDP": "2023-06-13 00:00:00", "Processo SEI": 6012202200220897.0, "Unidade": "SMSUB", "Função": "15 - URBANISMO", "Sub Função": "451 - INFRA-ESTRUTURA URBANA", "Programa": "3022 - REQUALIFICAÇÃO E PROMOÇÃO DA OCUPAÇÃO DOS ESPAÇOS PÚBLICOS", "Atividade": "1170 - INTERVENÇÃO, URBANIZAÇÃO E MELHORIA DE BAIRROS - PLANO DE OBRAS DAS SUBPREFEITURAS", "Sub Elemento Despesa": "Obras em Andamento - Uso Comum do Povo", "Item Despesa": "Obras em Áreas de Risco", "Observação Empenho": "ATOS - Obras de revitalização do Córrego Água Podre", "Contrato": "21251/2023", "Credor Nome": "CONSORCIO CORREGO AGUA PODRE JE", "Valor Empenho": 22699349.34, "Valor Empenho Cancelado": 10661519.06, "Valor Empenho Líquido": 12037830.28, "Valor Empenho Liquidado": 12037830.28, "Valor Empenho Pago": 12037830.28, "Equipamento 1": null, "Equipamento 2": null, "Endereço": "Córrego Água Podre", "Região": "Oeste", "Extensão (m)": null, "Trecho (Recap)": null, "lon": -46.756361371165113, "lat": -23.572020313629377 }, "geometry": { "type": "Point", "coordinates": [ -46.756361371165113, -23.572020313629377 ] } },
{ "type": "Feature", "properties": { "Ano": 2023.0, "Nota Empenho": "73443/2023", "Nota Reserva": "52480/2023", "Ata CMDP": null, "Processo SEI": 6018202200978482.0, "Unidade": "SMS", "Função": "10 - SAÚDE", "Sub Função": "301 - ATENÇÃO BÁSICA", "Programa": "3003 - AÇÕES E SERVIÇOS DA SAÚDE EM ATENÇÃO BÁSICA, ESPECIALIDADES E VIGILÂNCIA", "Atividade": "5204 - AVANÇA SAÚDE SP - AMPLIAÇÃO, REFORMA E REQUALIFICAÇÃO DE EQUIPAMENTOS DE SAÚDE", "Sub Elemento Despesa": "Obras em Andamento - Uso Comum do Povo", "Item Despesa": "Hospitais e similares", "Observação Empenho": "UBS NEUSA ROSALIA MORALES, (Subprefeitura Sé -SP/SÉ) - MANUTENÇÃO", "Contrato": "38094/2022", "Credor Nome": "LEMAM CONSTRUCOES E COMERCIO SA", "Valor Empenho": 1496093.72, "Valor Empenho Cancelado": 17805.23, "Valor Empenho Líquido": 1496093.72, "Valor Empenho Liquidado": 1478288.49, "Valor Empenho Pago": 1478288.49, "Equipamento 1": "Unidade de Saúde", "Equipamento 2": "UBS Neusa Rosália Morales", "Endereço": "R. Domingos de Rogatis - Jardim da Saúde", "Região": "Sul", "Extensão (m)": null, "Trecho (Recap)": null, "lon": -46.616253246627487, "lat": -23.612807307872323 }, "geometry": { "type": "Point", "coordinates": [ -46.616253246627487, -23.612807307872323 ] } },
{ "type": "Feature", "properties": { "Ano": 2023.0, "Nota Empenho": "73575/2023", "Nota Reserva": "47228/2023", "Ata CMDP": null, "Processo SEI": 6110202000013076.0, "Unidade": "AHM", "Função": "10 - SAÚDE", "Sub Função": "302 - ASSISTÊNCIA HOSPITALAR E AMBULATORIAL", "Programa": "3003 - AÇÕES E SERVIÇOS DA SAÚDE EM ATENÇÃO BÁSICA, ESPECIALIDADES E VIGILÂNCIA", "Atividade": "5204 - AVANÇA SAÚDE SP - AMPLIAÇÃO, REFORMA E REQUALIFICAÇÃO DE EQUIPAMENTOS DE SAÚDE", "Sub Elemento Despesa": "Obras em Andamento - Uso Comum do Povo", "Item Despesa": "Hospitais e similares", "Observação Empenho": ": Serviços gerais de manutenção preventiva, corretiva, reparações, adaptações e modificações, de acordo de primeira linha e mão-de-obra especializada no Hospital Municipal Prof. Dr. Waldomiro de Paula, situado na Rua Augusto Carlos Bauman, nº 1074", "Contrato": "22285/2023", "Credor Nome": "CONSTRUTORA LETTIERI CORDARO LTDA", "Valor Empenho": 1496683.07, "Valor Empenho Cancelado": 329774.5, "Valor Empenho Líquido": 1496683.07, "Valor Empenho Liquidado": 1166908.57, "Valor Empenho Pago": 1166908.57, "Equipamento 1": null, "Equipamento 2": null, "Endereço": "R. Augusto Carlos Bauman - Itaquera", "Região": "Leste", "Extensão (m)": null, "Trecho (Recap)": null, "lon": -46.444539861969496, "lat": -23.531137143800898 }, "geometry": { "type": "Point", "coordinates": [ -46.444539861969496, -23.531137143800898 ] } },
{ "type": "Feature", "properties": { "Ano": 2023.0, "Nota Empenho": "75538/2023", "Nota Reserva": "38402/2023", "Ata CMDP": null, "Processo SEI": 6110202200018497.0, "Unidade": "AHM", "Função": "10 - SAÚDE", "Sub Função": "302 - ASSISTÊNCIA HOSPITALAR E AMBULATORIAL", "Programa": "3003 - AÇÕES E SERVIÇOS DA SAÚDE EM ATENÇÃO BÁSICA, ESPECIALIDADES E VIGILÂNCIA", "Atividade": "5204 - AVANÇA SAÚDE SP - AMPLIAÇÃO, REFORMA E REQUALIFICAÇÃO DE EQUIPAMENTOS DE SAÚDE", "Sub Elemento Despesa": "Obras em Andamento - Uso Comum do Povo", "Item Despesa": "Hospitais e similares", "Observação Empenho": "SMS-REFORMAS DE EDIFICAÇÕES, COM FORNECIMENTO DE MATERIAL E MÃO DE OBRA NAS DEPENDÊNCIAS DO HOSPITAL MUNICIPAL DR. CARMINO CARICCHIO.", "Contrato": "23193/2023", "Credor Nome": "LMM ENGENHARIA E SERVICOS LTDA", "Valor Empenho": 608450.0, "Valor Empenho Cancelado": 608450.0, "Valor Empenho Líquido": 0.0, "Valor Empenho Liquidado": 0.0, "Valor Empenho Pago": 0.0, "Equipamento 1": null, "Equipamento 2": null, "Endereço": "Av. Celso Garcia - Tatuapé", "Região": "Leste", "Extensão (m)": null, "Trecho (Recap)": null, "lon": -46.566382090804268, "lat": -23.533203643104205 }, "geometry": { "type": "Point", "coordinates": [ -46.566382090804268, -23.533203643104205 ] } },
{ "type": "Feature", "properties": { "Ano": 2023.0, "Nota Empenho": "75970/2023", "Nota Reserva": "35347/2023", "Ata CMDP": null, "Processo SEI": 6018202300744645.0, "Unidade": "SMS", "Função": "10 - SAÚDE", "Sub Função": "301 - ATENÇÃO BÁSICA", "Programa": "3003 - AÇÕES E SERVIÇOS DA SAÚDE EM ATENÇÃO BÁSICA, ESPECIALIDADES E VIGILÂNCIA", "Atividade": "5204 - AVANÇA SAÚDE SP - AMPLIAÇÃO, REFORMA E REQUALIFICAÇÃO DE EQUIPAMENTOS DE SAÚDE", "Sub Elemento Despesa": "Obras em Andamento - Uso Comum do Povo", "Item Despesa": "Hospitais e similares", "Observação Empenho": "SMS - EXECUÇÃO DE OBRA DA UBS ALTO DO UMUARAMA COM FORNECIMENTO DE MATERIAL E MÃO DE OBRA - EXERCÍCIO 2023.", "Contrato": "23379/2023", "Credor Nome": "DB CONSTRUCOES LTDA", "Valor Empenho": 6037045.92, "Valor Empenho Cancelado": 5509271.8, "Valor Empenho Líquido": 641148.72, "Valor Empenho Liquidado": 527774.12, "Valor Empenho Pago": 527774.12, "Equipamento 1": "Unidade de Saúde", "Equipamento 2": "UBS Alto do Umuarama", "Endereço": "R. Odemis - Jardim Umuarama", "Região": "Sul", "Extensão (m)": null, "Trecho (Recap)": null, "lon": -46.772420975461394, "lat": -23.646198204923586 }, "geometry": { "type": "Point", "coordinates": [ -46.772420975461394, -23.646198204923586 ] } },
{ "type": "Feature", "properties": { "Ano": 2023.0, "Nota Empenho": "76021/2023", "Nota Reserva": "35347/2023", "Ata CMDP": null, "Processo SEI": 6018202300745102.0, "Unidade": "SMS", "Função": "10 - SAÚDE", "Sub Função": "301 - ATENÇÃO BÁSICA", "Programa": "3003 - AÇÕES E SERVIÇOS DA SAÚDE EM ATENÇÃO BÁSICA, ESPECIALIDADES E VIGILÂNCIA", "Atividade": "5204 - AVANÇA SAÚDE SP - AMPLIAÇÃO, REFORMA E REQUALIFICAÇÃO DE EQUIPAMENTOS DE SAÚDE", "Sub Elemento Despesa": "Obras em Andamento - Uso Comum do Povo", "Item Despesa": "Hospitais e similares", "Observação Empenho": "SMS - CONTRATAÇÃO DE EMPRESA PARA EXECUÇÃO DE OBRAS PARA CONSTRUÇÃO DE UNIDADES BÁSICAS DE SAÚDE PARA SMS COM FORNECIMENTO DE MATERIAL E MÃO-DE-OBRA – LOTE 02 - UBS IPOJUCA. EXERCÍCIO DE 2023.", "Contrato": "23422/2023", "Credor Nome": "FP PROJETOS EMPREENDIMENTOS LTDA", "Valor Empenho": 5279085.7, "Valor Empenho Cancelado": 4642179.53, "Valor Empenho Líquido": 693412.31, "Valor Empenho Liquidado": 636906.17, "Valor Empenho Pago": 636906.17, "Equipamento 1": "Unidade de Saúde", "Equipamento 2": "UBS Vila Ipojuca Wanda Coelho de Morães", "Endereço": "R. Catão - Lapa", "Região": "Oeste", "Extensão (m)": null, "Trecho (Recap)": null, "lon": -46.701003488960289, "lat": -23.531985833716583 }, "geometry": { "type": "Point", "coordinates": [ -46.701003488960289, -23.531985833716583 ] } },
{ "type": "Feature", "properties": { "Ano": 2023.0, "Nota Empenho": "76111/2023", "Nota Reserva": "52488/2023", "Ata CMDP": null, "Processo SEI": 201400356039.0, "Unidade": "SMS", "Função": "10 - SAÚDE", "Sub Função": "301 - ATENÇÃO BÁSICA", "Programa": "3003 - AÇÕES E SERVIÇOS DA SAÚDE EM ATENÇÃO BÁSICA, ESPECIALIDADES E VIGILÂNCIA", "Atividade": "5204 - AVANÇA SAÚDE SP - AMPLIAÇÃO, REFORMA E REQUALIFICAÇÃO DE EQUIPAMENTOS DE SAÚDE", "Sub Elemento Despesa": "Serviços de Assistência à Saúde", "Item Despesa": "Obras e Reformas em Imóvel da OS ou de Terceiros", "Observação Empenho": "CG R002.2014 SMS.CRSSul x ASF – Adequação e Reforma do Imóvel  para Transferência da UBS Jardim Icaraí Quintana  – Recurso 1224 – Ago de 2023", "Contrato": "21189/2018", "Credor Nome": "ASSOCIAÇÃO SAUDE DA FAMILIA", "Valor Empenho": 437618.29, "Valor Empenho Cancelado": 0.0, "Valor Empenho Líquido": 437618.29, "Valor Empenho Liquidado": 437618.29, "Valor Empenho Pago": 437618.29, "Equipamento 1": "Unidade de Saúde", "Equipamento 2": "UBS Jardim Icaraí Quintana", "Endereço": "Rua São Roque do Paraguaçu - Vila Quintana", "Região": "Sul", "Extensão (m)": null, "Trecho (Recap)": null, "lon": -46.705251404293264, "lat": -23.744110671700398 }, "geometry": { "type": "Point", "coordinates": [ -46.705251404293264, -23.744110671700398 ] } },
{ "type": "Feature", "properties": { "Ano": 2023.0, "Nota Empenho": "76160/2023", "Nota Reserva": "35347/2023", "Ata CMDP": null, "Processo SEI": 6018202300746028.0, "Unidade": "SMS", "Função": "10 - SAÚDE", "Sub Função": "301 - ATENÇÃO BÁSICA", "Programa": "3003 - AÇÕES E SERVIÇOS DA SAÚDE EM ATENÇÃO BÁSICA, ESPECIALIDADES E VIGILÂNCIA", "Atividade": "5204 - AVANÇA SAÚDE SP - AMPLIAÇÃO, REFORMA E REQUALIFICAÇÃO DE EQUIPAMENTOS DE SAÚDE", "Sub Elemento Despesa": "Obras em Andamento - Uso Comum do Povo", "Item Despesa": "Hospitais e similares", "Observação Empenho": "SMS - CONTRATAÇÃO DE EMPRESA OU CONSÓRCIO DE EMPRESAS PARA EXECUÇÃO DE OBRAS PARA CONSTRUÇÃO DE UNIDADES BÁSICAS DE SAÚDE PARA SMS COM FORNEC. DE MATERIAL E MÃO-DE-OBRA. – LOTE 04- UBS JARDIM HELENA. - EXERCÍCIO DE 2023.", "Contrato": "23436/2023", "Credor Nome": "R J C SINALIZACAO URBANA LTDA", "Valor Empenho": 5275247.9, "Valor Empenho Cancelado": 4546079.65, "Valor Empenho Líquido": 1249189.29, "Valor Empenho Liquidado": 729168.25, "Valor Empenho Pago": 729168.25, "Equipamento 1": "Unidade de Saúde", "Equipamento 2": "UBS Jardim Helena", "Endereço": "R. Kumaki Aoki - Jardim Helena", "Região": null, "Extensão (m)": null, "Trecho (Recap)": null, "lon": -46.414475373260352, "lat": -23.479579385268622 }, "geometry": { "type": "Point", "coordinates": [ -46.414475373260352, -23.479579385268622 ] } },
{ "type": "Feature", "properties": { "Ano": 2023.0, "Nota Empenho": "76181/2023", "Nota Reserva": "39337/2023", "Ata CMDP": null, "Processo SEI": 6018202300747407.0, "Unidade": "SMS", "Função": "10 - SAÚDE", "Sub Função": "301 - ATENÇÃO BÁSICA", "Programa": "3003 - AÇÕES E SERVIÇOS DA SAÚDE EM ATENÇÃO BÁSICA, ESPECIALIDADES E VIGILÂNCIA", "Atividade": "5204 - AVANÇA SAÚDE SP - AMPLIAÇÃO, REFORMA E REQUALIFICAÇÃO DE EQUIPAMENTOS DE SAÚDE", "Sub Elemento Despesa": "Obras em Andamento - Uso Comum do Povo", "Item Despesa": "Hospitais e similares", "Observação Empenho": "SMS - CONTRATAÇÃO DE EMPRESA OU CONSÓRCIO DE EMPRESAS PARA EXECUÇÃO DE OBRAS PARA CONSTRUÇÃO DE UNIDADES BÁSICAS DE SAÚDE PARA SECRETARIA MUNICIPAL DE SAÚDE, COM FORNECIMENTO DE MATERIAL E MÃO-DE-OBRA. - UBS REAL PARQUE II. EXERCÍCIO DE 2023.", "Contrato": "23557/2023", "Credor Nome": "2N ENGENHARIA LTDA", "Valor Empenho": 4769768.24, "Valor Empenho Cancelado": 3728996.54, "Valor Empenho Líquido": 1043484.71, "Valor Empenho Liquidado": 1040771.7, "Valor Empenho Pago": 1040771.7, "Equipamento 1": "Unidade de Saúde", "Equipamento 2": "UBS Real Parque II", "Endereço": "R. Paulo Bourroul - Real Parque", "Região": "Oeste", "Extensão (m)": null, "Trecho (Recap)": null, "lon": -46.701681875462505, "lat": -23.608870679244035 }, "geometry": { "type": "Point", "coordinates": [ -46.701681875462505, -23.608870679244035 ] } },
{ "type": "Feature", "properties": { "Ano": 2023.0, "Nota Empenho": "78384/2023", "Nota Reserva": "45368/2023", "Ata CMDP": "2023-06-13 00:00:00", "Processo SEI": 6012202300073225.0, "Unidade": "SMSUB", "Função": "15 - URBANISMO", "Sub Função": "452 - SERVIÇOS URBANOS", "Programa": "3022 - REQUALIFICAÇÃO E PROMOÇÃO DA OCUPAÇÃO DOS ESPAÇOS PÚBLICOS", "Atividade": "1170 - INTERVENÇÃO, URBANIZAÇÃO E MELHORIA DE BAIRROS - PLANO DE OBRAS DAS SUBPREFEITURAS", "Sub Elemento Despesa": "Manutenção e Conservação de Bens Imóveis", "Item Despesa": "Manutenção e Reformas de Bens Imóveis", "Observação Empenho": "ATOS - Serviços de Requalificação da Praça Patricio Peters, Sapopemba (SUB-SB)", "Contrato": "15203/2023", "Credor Nome": "CONSITEC  ENGENHARIA E TECNOLOGIA LTDA", "Valor Empenho": 1497510.78, "Valor Empenho Cancelado": 408031.81, "Valor Empenho Líquido": 1497510.78, "Valor Empenho Liquidado": 1089478.97, "Valor Empenho Pago": 1089478.97, "Equipamento 1": "Praças", "Equipamento 2": "Praça Patricio Peters", "Endereço": "Praça Patricio Peters", "Região": "Leste", "Extensão (m)": null, "Trecho (Recap)": null, "lon": -46.497817892623374, "lat": -23.606003055950239 }, "geometry": { "type": "Point", "coordinates": [ -46.497817892623374, -23.606003055950239 ] } },
{ "type": "Feature", "properties": { "Ano": 2023.0, "Nota Empenho": "78385/2023", "Nota Reserva": "45368/2023", "Ata CMDP": "2023-06-13 00:00:00", "Processo SEI": 6012202300071931.0, "Unidade": "SMSUB", "Função": "15 - URBANISMO", "Sub Função": "452 - SERVIÇOS URBANOS", "Programa": "3022 - REQUALIFICAÇÃO E PROMOÇÃO DA OCUPAÇÃO DOS ESPAÇOS PÚBLICOS", "Atividade": "1170 - INTERVENÇÃO, URBANIZAÇÃO E MELHORIA DE BAIRROS - PLANO DE OBRAS DAS SUBPREFEITURAS", "Sub Elemento Despesa": "Manutenção e Conservação de Bens Imóveis", "Item Despesa": "Manutenção e Reformas de Bens Imóveis", "Observação Empenho": "ATOS - Serviços de Requalificação do passeio público na Rua Treze de Maio", "Contrato": "14408/2023", "Credor Nome": "LEMAM CONSTRUCOES E COMERCIO SA", "Valor Empenho": 1305732.18, "Valor Empenho Cancelado": 1305732.18, "Valor Empenho Líquido": 0.0, "Valor Empenho Liquidado": 0.0, "Valor Empenho Pago": 0.0, "Equipamento 1": null, "Equipamento 2": null, "Endereço": "Rua Treze de Maio - Bela Vista", "Região": "Centro", "Extensão (m)": null, "Trecho (Recap)": null, "lon": -46.645676374708451, "lat": -23.562657652888952 }, "geometry": { "type": "Point", "coordinates": [ -46.645676374708451, -23.562657652888952 ] } },
{ "type": "Feature", "properties": { "Ano": 2023.0, "Nota Empenho": "81079/2023", "Nota Reserva": "38402/2023", "Ata CMDP": null, "Processo SEI": 6110202200018497.0, "Unidade": "AHM", "Função": "10 - SAÚDE", "Sub Função": "302 - ASSISTÊNCIA HOSPITALAR E AMBULATORIAL", "Programa": "3003 - AÇÕES E SERVIÇOS DA SAÚDE EM ATENÇÃO BÁSICA, ESPECIALIDADES E VIGILÂNCIA", "Atividade": "5204 - AVANÇA SAÚDE SP - AMPLIAÇÃO, REFORMA E REQUALIFICAÇÃO DE EQUIPAMENTOS DE SAÚDE", "Sub Elemento Despesa": "Obras em Andamento - Uso Comum do Povo", "Item Despesa": "Hospitais e similares", "Observação Empenho": "SMS-REFORMAS DE EDIFICAÇÕES, COM FORNECIMENTO DE MATERIAL E MÃO DE OBRA NAS DEPENDÊNCIAS DO HOSPITAL MUNICIPAL DR. CARMINO CARICCHIO.", "Contrato": "25060/2023", "Credor Nome": "LMM ENGENHARIA E SERVICOS LTDA", "Valor Empenho": 608450.0, "Valor Empenho Cancelado": 121565.92, "Valor Empenho Líquido": 608450.0, "Valor Empenho Liquidado": 486884.08, "Valor Empenho Pago": 486884.08, "Equipamento 1": "Unidade de Saúde", "Equipamento 2": "Hospital Municipal Dr. Carmino Caricchio", "Endereço": "Av. Celso Garcia, 4815 - Tatuapé", "Região": "Leste", "Extensão (m)": null, "Trecho (Recap)": null, "lon": -46.566274801699919, "lat": -23.532942975427236 }, "geometry": { "type": "Point", "coordinates": [ -46.566274801699919, -23.532942975427236 ] } },
{ "type": "Feature", "properties": { "Ano": 2023.0, "Nota Empenho": "81487/2023", "Nota Reserva": "39336/2023", "Ata CMDP": null, "Processo SEI": 6018202300747040.0, "Unidade": "SMS", "Função": "10 - SAÚDE", "Sub Função": "301 - ATENÇÃO BÁSICA", "Programa": "3003 - AÇÕES E SERVIÇOS DA SAÚDE EM ATENÇÃO BÁSICA, ESPECIALIDADES E VIGILÂNCIA", "Atividade": "5204 - AVANÇA SAÚDE SP - AMPLIAÇÃO, REFORMA E REQUALIFICAÇÃO DE EQUIPAMENTOS DE SAÚDE", "Sub Elemento Despesa": "Obras em Andamento - Uso Comum do Povo", "Item Despesa": "Hospitais e similares", "Observação Empenho": "SMS - CONTRATAÇÃO DE OBRA DA CONSTRUÇÃO DA UBS JD. LAPENNA - EXERCÍCIO 2023.", "Contrato": "25304/2023", "Credor Nome": "H2OBRAS CONSTRUCOES LTDA", "Valor Empenho": 4270218.07, "Valor Empenho Cancelado": 3669632.06, "Valor Empenho Líquido": 963826.38, "Valor Empenho Liquidado": 600586.01, "Valor Empenho Pago": 600586.01, "Equipamento 1": "Unidade de Saúde", "Equipamento 2": "UBS Jd. Lapenna", "Endereço": "R. Serra da Juruoca, 36 - Jardim Lapena", "Região": "Leste", "Extensão (m)": null, "Trecho (Recap)": null, "lon": -46.449036845875661, "lat": -23.487468660359081 }, "geometry": { "type": "Point", "coordinates": [ -46.449036845875661, -23.487468660359081 ] } },
{ "type": "Feature", "properties": { "Ano": 2023.0, "Nota Empenho": "81757/2023", "Nota Reserva": "45368/2023", "Ata CMDP": "2023-06-13 00:00:00", "Processo SEI": 6012202300144980.0, "Unidade": "SMSUB", "Função": "15 - URBANISMO", "Sub Função": "452 - SERVIÇOS URBANOS", "Programa": "3022 - REQUALIFICAÇÃO E PROMOÇÃO DA OCUPAÇÃO DOS ESPAÇOS PÚBLICOS", "Atividade": "1170 - INTERVENÇÃO, URBANIZAÇÃO E MELHORIA DE BAIRROS - PLANO DE OBRAS DAS SUBPREFEITURAS", "Sub Elemento Despesa": "Manutenção e Conservação de Bens Imóveis", "Item Despesa": "Manutenção e Reformas de Bens Imóveis", "Observação Empenho": "ATOS - Serviços de adequação de Viela na Rua Ojinaga", "Contrato": "25683/2023", "Credor Nome": "M A S CONSTRUCOES E EMPREENDIMENTOS LIMITADA", "Valor Empenho": 618923.18, "Valor Empenho Cancelado": 618923.18, "Valor Empenho Líquido": 0.0, "Valor Empenho Liquidado": 0.0, "Valor Empenho Pago": 0.0, "Equipamento 1": null, "Equipamento 2": null, "Endereço": "Rua Ojinaga - Campo Limpo", "Região": "Sul", "Extensão (m)": null, "Trecho (Recap)": null, "lon": -46.761121042330238, "lat": -23.649259018903908 }, "geometry": { "type": "Point", "coordinates": [ -46.761121042330238, -23.649259018903908 ] } },
{ "type": "Feature", "properties": { "Ano": 2023.0, "Nota Empenho": "81922/2023", "Nota Reserva": "45360/2023", "Ata CMDP": "2025-06-13 00:00:00", "Processo SEI": 6012202300170433.0, "Unidade": "SMSUB", "Função": "15 - URBANISMO", "Sub Função": "452 - SERVIÇOS URBANOS", "Programa": "3006 - PROMOÇÃO DOS DIREITOS DA PESSOA COM DEFICIÊNCIA", "Atividade": "1169 - REFORMA E ACESSIBILIDADE EM PASSEIOS PÚBLICOS", "Sub Elemento Despesa": "Manutenção e Conservação de Bens Imóveis", "Item Despesa": "Manutenção e Reformas de Bens Imóveis", "Observação Empenho": "ATOS - 477/SMSUB/COGEL/2023 - \"Avenida Baruel\tentre Avenida Casa Verde e Rua Buquira - Quadra F005/ Setor 306\nAvenida Baruel\tentre Rua Buquira e Praça Cruz da Esperança - Quadra F019/F020/ Setor 306\nAvenida Baruel\tentre Praça Cruz da Esperança e Rua Galil", "Contrato": "25551/2023", "Credor Nome": "FBF CONSTRUCOES E SERVICOS LTDA", "Valor Empenho": 1677749.33, "Valor Empenho Cancelado": 1022862.56, "Valor Empenho Líquido": 677749.33, "Valor Empenho Liquidado": 654886.77, "Valor Empenho Pago": 654886.77, "Equipamento 1": null, "Equipamento 2": null, "Endereço": "Avenida Baruel - Casa Verde", "Região": "Norte", "Extensão (m)": null, "Trecho (Recap)": null, "lon": -46.657891218441549, "lat": -23.503582661228648 }, "geometry": { "type": "Point", "coordinates": [ -46.657891218441549, -23.503582661228648 ] } },
{ "type": "Feature", "properties": { "Ano": 2023.0, "Nota Empenho": "81930/2023", "Nota Reserva": "45360/2023", "Ata CMDP": "2025-06-13 00:00:00", "Processo SEI": 6012202300169290.0, "Unidade": "SMSUB", "Função": "15 - URBANISMO", "Sub Função": "452 - SERVIÇOS URBANOS", "Programa": "3006 - PROMOÇÃO DOS DIREITOS DA PESSOA COM DEFICIÊNCIA", "Atividade": "1169 - REFORMA E ACESSIBILIDADE EM PASSEIOS PÚBLICOS", "Sub Elemento Despesa": "Manutenção e Conservação de Bens Imóveis", "Item Despesa": "Manutenção e Reformas de Bens Imóveis", "Observação Empenho": "ATOS - 475/SMSUB/COGEL/2023 - \"Av. Vital Brasil entre Av. Vital Brasil e Av. Vital Brasil - Quadra F530/ Setor 082\nAv. Vital Brasil entre Av. Vital Brasil e Rua André Furtado - Quadra F530/ Setor 082\nAv. Vital Brasil entre Av. Vital Brasil e Rua André Fur", "Contrato": "25554/2023", "Credor Nome": "VILLANOVA ENGENHARIA E DESENVOLVIMENTO AMBIENTAL LTDA", "Valor Empenho": 903117.69, "Valor Empenho Cancelado": 227510.68, "Valor Empenho Líquido": 903117.69, "Valor Empenho Liquidado": 675607.01, "Valor Empenho Pago": 675607.01, "Equipamento 1": null, "Equipamento 2": null, "Endereço": "Avenida Vital Brasil - Butantã", "Região": "Oeste", "Extensão (m)": null, "Trecho (Recap)": null, "lon": -46.710474088203597, "lat": -23.570577312497285 }, "geometry": { "type": "Point", "coordinates": [ -46.710474088203597, -23.570577312497285 ] } },
{ "type": "Feature", "properties": { "Ano": 2023.0, "Nota Empenho": "81943/2023", "Nota Reserva": "45360/2023", "Ata CMDP": "2025-06-13 00:00:00", "Processo SEI": 6012202300170972.0, "Unidade": "SMSUB", "Função": "15 - URBANISMO", "Sub Função": "452 - SERVIÇOS URBANOS", "Programa": "3006 - PROMOÇÃO DOS DIREITOS DA PESSOA COM DEFICIÊNCIA", "Atividade": "1169 - REFORMA E ACESSIBILIDADE EM PASSEIOS PÚBLICOS", "Sub Elemento Despesa": "Manutenção e Conservação de Bens Imóveis", "Item Despesa": "Manutenção e Reformas de Bens Imóveis", "Observação Empenho": "ATOS - 474/SMSUB/COGEL/2023 - \"Av. Vital Brasil entre R. M.M.D.C e Av. Vital Brasil - Quadra F410/ Setor 082\nAv. Vital Brasil entre Av. Vital Brasil e R. Camargo - Quadra F410/ Setor 082\nR. Camargo entre Av. Vital Brasil e R. M.M.D.C - Quadra F410/ Setor", "Contrato": "25559/2023", "Credor Nome": "VILLANOVA ENGENHARIA E DESENVOLVIMENTO AMBIENTAL LTDA", "Valor Empenho": 545811.73, "Valor Empenho Cancelado": 545811.73, "Valor Empenho Líquido": 545811.73, "Valor Empenho Liquidado": 0.0, "Valor Empenho Pago": 0.0, "Equipamento 1": null, "Equipamento 2": null, "Endereço": "Avenida Vital Brasil - Butantã", "Região": "Oeste", "Extensão (m)": null, "Trecho (Recap)": null, "lon": -46.710474088203597, "lat": -23.570577312497285 }, "geometry": { "type": "Point", "coordinates": [ -46.710474088203597, -23.570577312497285 ] } },
{ "type": "Feature", "properties": { "Ano": 2023.0, "Nota Empenho": "81950/2023", "Nota Reserva": "45360/2023", "Ata CMDP": "2025-06-13 00:00:00", "Processo SEI": 6012202300168927.0, "Unidade": "SMSUB", "Função": "15 - URBANISMO", "Sub Função": "452 - SERVIÇOS URBANOS", "Programa": "3006 - PROMOÇÃO DOS DIREITOS DA PESSOA COM DEFICIÊNCIA", "Atividade": "1169 - REFORMA E ACESSIBILIDADE EM PASSEIOS PÚBLICOS", "Sub Elemento Despesa": "Manutenção e Conservação de Bens Imóveis", "Item Despesa": "Manutenção e Reformas de Bens Imóveis", "Observação Empenho": "ATOS - 476/SMSUB/COGEL/2023 - \"Av. George Corbisier entre Av. General Daltro Filho e Rua Cruz das Almas - Quadra F035/ Setor 091\nAv. General Daltro Filho entre Av. George Corbisier e Av. Leornado da Vinci - Quadra F035/ Setor 091\nRua Guassatungas entre Av", "Contrato": "25562/2023", "Credor Nome": "HABITEM INCORPORACAO E CONSTRUCAO LTDA", "Valor Empenho": 1512712.3, "Valor Empenho Cancelado": 646315.92, "Valor Empenho Líquido": 1512712.3, "Valor Empenho Liquidado": 866396.38, "Valor Empenho Pago": 866396.38, "Equipamento 1": null, "Equipamento 2": null, "Endereço": "Av. Eng. George Corbisier - Jabaquara", "Região": "Sul", "Extensão (m)": null, "Trecho (Recap)": null, "lon": -46.64485506121062, "lat": -23.643467226929367 }, "geometry": { "type": "Point", "coordinates": [ -46.64485506121062, -23.643467226929367 ] } },
{ "type": "Feature", "properties": { "Ano": 2023.0, "Nota Empenho": "81993/2023", "Nota Reserva": "41252/2023", "Ata CMDP": null, "Processo SEI": 6110202100169809.0, "Unidade": "AHM", "Função": "10 - SAÚDE", "Sub Função": "302 - ASSISTÊNCIA HOSPITALAR E AMBULATORIAL", "Programa": "3003 - AÇÕES E SERVIÇOS DA SAÚDE EM ATENÇÃO BÁSICA, ESPECIALIDADES E VIGILÂNCIA", "Atividade": "5204 - AVANÇA SAÚDE SP - AMPLIAÇÃO, REFORMA E REQUALIFICAÇÃO DE EQUIPAMENTOS DE SAÚDE", "Sub Elemento Despesa": "Obras em Andamento - Uso Comum do Povo", "Item Despesa": "Hospitais e similares", "Observação Empenho": "SMS - CONTRATAÇÃO DE EMPRESA DE ENGENHARIA COM FORNECIMENTO DE MATERIAL E MÃO DE OBRA, PARA EXECUTAR REFORMA NO HMWP PERTENCENTE À SMS.", "Contrato": "25576/2023", "Credor Nome": "TOPCONS ENGENHARIA SERVICOS E LOCACOES LTDA", "Valor Empenho": 471116.84, "Valor Empenho Cancelado": 0.01, "Valor Empenho Líquido": 471116.84, "Valor Empenho Liquidado": 471116.83, "Valor Empenho Pago": 471116.83, "Equipamento 1": "Unidade de Saúde", "Equipamento 2": "Hospital Municipal Prof. Dr. Waldomiro de Paula", "Endereço": "R. Augusto Carlos Bauman, 1074 - Itaquera", "Região": "Leste", "Extensão (m)": null, "Trecho (Recap)": null, "lon": -46.44454351795013, "lat": -23.530762686556425 }, "geometry": { "type": "Point", "coordinates": [ -46.44454351795013, -23.530762686556425 ] } },
{ "type": "Feature", "properties": { "Ano": 2023.0, "Nota Empenho": "82379/2023", "Nota Reserva": "39741/2023", "Ata CMDP": null, "Processo SEI": 7910202200005087.0, "Unidade": "SPOBRAS", "Função": "15 - URBANISMO", "Sub Função": "451 - INFRA-ESTRUTURA URBANA", "Programa": "3009 - MELHORIA DA MOBILIDADE URBANA UNIVERSAL", "Atividade": "5187 - RECUPERAÇÃO E REFORÇO DE OBRAS DE ARTE ESPECIAIS - OAE", "Sub Elemento Despesa": "Obras em Andamento - Uso Comum do Povo", "Item Despesa": "Obras em Áreas de Risco", "Observação Empenho": "Execução de obras e serviços de recuperação estrutural do Complexo Viário João Jorge Saad (Cebolinha) e Viaduto dos Imigrantes – Lote 13.", "Contrato": "25817/2023", "Credor Nome": "CONSITEC  ENGENHARIA E TECNOLOGIA LTDA", "Valor Empenho": 466960.37, "Valor Empenho Cancelado": 25267.49, "Valor Empenho Líquido": 466960.37, "Valor Empenho Liquidado": 441692.88, "Valor Empenho Pago": 441692.88, "Equipamento 1": null, "Equipamento 2": null, "Endereço": "Viaduto dos Imigrantes - Moema", "Região": "Sul", "Extensão (m)": null, "Trecho (Recap)": null, "lon": -46.651075559513913, "lat": -23.591140412071731 }, "geometry": { "type": "Point", "coordinates": [ -46.651075559513913, -23.591140412071731 ] } },
{ "type": "Feature", "properties": { "Ano": 2023.0, "Nota Empenho": "82421/2023", "Nota Reserva": "45368/2023", "Ata CMDP": "2025-06-13 00:00:00", "Processo SEI": 6012202300144807.0, "Unidade": "SMSUB", "Função": "15 - URBANISMO", "Sub Função": "452 - SERVIÇOS URBANOS", "Programa": "3022 - REQUALIFICAÇÃO E PROMOÇÃO DA OCUPAÇÃO DOS ESPAÇOS PÚBLICOS", "Atividade": "1170 - INTERVENÇÃO, URBANIZAÇÃO E MELHORIA DE BAIRROS - PLANO DE OBRAS DAS SUBPREFEITURAS", "Sub Elemento Despesa": "Manutenção e Conservação de Bens Imóveis", "Item Despesa": "Manutenção e Reformas de Bens Imóveis", "Observação Empenho": "ATOS - Serviços de adequação de Viela na Rua Francisco Pinto Miguel, ao lado do n. 523, distrito Capão Redondo (SUB-CL)", "Contrato": "25807/2023", "Credor Nome": "M A S CONSTRUCOES E EMPREENDIMENTOS LIMITADA", "Valor Empenho": 564456.75, "Valor Empenho Cancelado": 269821.08, "Valor Empenho Líquido": 299456.75, "Valor Empenho Liquidado": 294635.67, "Valor Empenho Pago": 294635.67, "Equipamento 1": null, "Equipamento 2": null, "Endereço": "Rua Francisco Pinto Miguel - Capão Redondo", "Região": "Sul", "Extensão (m)": null, "Trecho (Recap)": null, "lon": -46.794952613495362, "lat": -23.671954117213765 }, "geometry": { "type": "Point", "coordinates": [ -46.794952613495362, -23.671954117213765 ] } },
{ "type": "Feature", "properties": { "Ano": 2023.0, "Nota Empenho": "82423/2023", "Nota Reserva": "45368/2023", "Ata CMDP": "2025-06-13 00:00:00", "Processo SEI": 6012202300144890.0, "Unidade": "SMSUB", "Função": "15 - URBANISMO", "Sub Função": "452 - SERVIÇOS URBANOS", "Programa": "3022 - REQUALIFICAÇÃO E PROMOÇÃO DA OCUPAÇÃO DOS ESPAÇOS PÚBLICOS", "Atividade": "1170 - INTERVENÇÃO, URBANIZAÇÃO E MELHORIA DE BAIRROS - PLANO DE OBRAS DAS SUBPREFEITURAS", "Sub Elemento Despesa": "Manutenção e Conservação de Bens Imóveis", "Item Despesa": "Manutenção e Reformas de Bens Imóveis", "Observação Empenho": "ATOS -  Execução de Serviços de adequação de Viela na Rua Luiz Gonzaga Freire, ao lado do n. 26, distrito Campo Limpo (SUB-CL).", "Contrato": "25811/2023", "Credor Nome": "M A S CONSTRUCOES E EMPREENDIMENTOS LIMITADA", "Valor Empenho": 454186.07, "Valor Empenho Cancelado": 119727.02, "Valor Empenho Líquido": 364186.07, "Valor Empenho Liquidado": 334459.05, "Valor Empenho Pago": 334459.05, "Equipamento 1": null, "Equipamento 2": null, "Endereço": "Rua Luiz Gonzaga Freire - Campo Limpo", "Região": "Sul", "Extensão (m)": null, "Trecho (Recap)": null, "lon": -46.772855403540881, "lat": -23.641003911428449 }, "geometry": { "type": "Point", "coordinates": [ -46.772855403540881, -23.641003911428449 ] } },
{ "type": "Feature", "properties": { "Ano": 2023.0, "Nota Empenho": "82428/2023", "Nota Reserva": "45368/2023", "Ata CMDP": "2025-06-13 00:00:00", "Processo SEI": 6012202300144955.0, "Unidade": "SMSUB", "Função": "15 - URBANISMO", "Sub Função": "452 - SERVIÇOS URBANOS", "Programa": "3022 - REQUALIFICAÇÃO E PROMOÇÃO DA OCUPAÇÃO DOS ESPAÇOS PÚBLICOS", "Atividade": "1170 - INTERVENÇÃO, URBANIZAÇÃO E MELHORIA DE BAIRROS - PLANO DE OBRAS DAS SUBPREFEITURAS", "Sub Elemento Despesa": "Manutenção e Conservação de Bens Imóveis", "Item Despesa": "Manutenção e Reformas de Bens Imóveis", "Observação Empenho": "ATOS - Execução de Serviços de adequação de Viela na Rua Masatake Matsumoto, ao lado do n. 182, distrito Capão Redondo (SUB-CL).", "Contrato": "25808/2023", "Credor Nome": "M A S CONSTRUCOES E EMPREENDIMENTOS LIMITADA", "Valor Empenho": 550252.38, "Valor Empenho Cancelado": 153577.63, "Valor Empenho Líquido": 400252.38, "Valor Empenho Liquidado": 396674.75, "Valor Empenho Pago": 396674.75, "Equipamento 1": null, "Equipamento 2": null, "Endereço": " Rua Masatake Matsumoto  - Capão Redondo", "Região": "Sul", "Extensão (m)": null, "Trecho (Recap)": null, "lon": -46.790006934219001, "lat": -23.673874685628768 }, "geometry": { "type": "Point", "coordinates": [ -46.790006934219001, -23.673874685628768 ] } },
{ "type": "Feature", "properties": { "Ano": 2023.0, "Nota Empenho": "82432/2023", "Nota Reserva": "45368/2023", "Ata CMDP": "2025-06-13 00:00:00", "Processo SEI": 6012202300144939.0, "Unidade": "SMSUB", "Função": "15 - URBANISMO", "Sub Função": "452 - SERVIÇOS URBANOS", "Programa": "3022 - REQUALIFICAÇÃO E PROMOÇÃO DA OCUPAÇÃO DOS ESPAÇOS PÚBLICOS", "Atividade": "1170 - INTERVENÇÃO, URBANIZAÇÃO E MELHORIA DE BAIRROS - PLANO DE OBRAS DAS SUBPREFEITURAS", "Sub Elemento Despesa": "Manutenção e Conservação de Bens Imóveis", "Item Despesa": "Manutenção e Reformas de Bens Imóveis", "Observação Empenho": "ATOS - Execução de Serviços de adequação de Viela na Rua Marcio Akira Miura, ao lado do nº 150, distrito Campo Limpo (SUB-CL)", "Contrato": "25813/2023", "Credor Nome": "M A S CONSTRUCOES E EMPREENDIMENTOS LIMITADA", "Valor Empenho": 403777.19, "Valor Empenho Cancelado": 119709.06, "Valor Empenho Líquido": 303777.19, "Valor Empenho Liquidado": 284068.13, "Valor Empenho Pago": 284068.13, "Equipamento 1": null, "Equipamento 2": null, "Endereço": "Rua Marcio Akira Miura - Campo Limpo", "Região": "Sul", "Extensão (m)": null, "Trecho (Recap)": null, "lon": -46.751792503540791, "lat": -23.64495984755893 }, "geometry": { "type": "Point", "coordinates": [ -46.751792503540791, -23.64495984755893 ] } },
{ "type": "Feature", "properties": { "Ano": 2023.0, "Nota Empenho": "82726/2023", "Nota Reserva": "45368/2023", "Ata CMDP": "2025-06-13 00:00:00", "Processo SEI": 6012202300132957.0, "Unidade": "SMSUB", "Função": "15 - URBANISMO", "Sub Função": "452 - SERVIÇOS URBANOS", "Programa": "3022 - REQUALIFICAÇÃO E PROMOÇÃO DA OCUPAÇÃO DOS ESPAÇOS PÚBLICOS", "Atividade": "1170 - INTERVENÇÃO, URBANIZAÇÃO E MELHORIA DE BAIRROS - PLANO DE OBRAS DAS SUBPREFEITURAS", "Sub Elemento Despesa": "Manutenção e Conservação de Bens Imóveis", "Item Despesa": "Manutenção e Reformas de Bens Imóveis", "Observação Empenho": "ATOS - Serviços de Revitalização de Escadão na Av. Padre Arlindo Vieira", "Contrato": "25899/2023", "Credor Nome": "LEMAM CONSTRUCOES E COMERCIO SA", "Valor Empenho": 1475157.62, "Valor Empenho Cancelado": 407709.16, "Valor Empenho Líquido": 1475157.62, "Valor Empenho Liquidado": 1067448.46, "Valor Empenho Pago": 1067448.46, "Equipamento 1": null, "Equipamento 2": null, "Endereço": "Av. Padre Arlindo Vieira - Sacomã", "Região": "Sul", "Extensão (m)": null, "Trecho (Recap)": null, "lon": -46.606381445871165, "lat": -23.63549028672708 }, "geometry": { "type": "Point", "coordinates": [ -46.606381445871165, -23.63549028672708 ] } },
{ "type": "Feature", "properties": { "Ano": 2023.0, "Nota Empenho": "82728/2023", "Nota Reserva": "45368/2023", "Ata CMDP": "2025-06-13 00:00:00", "Processo SEI": 6012202300144866.0, "Unidade": "SMSUB", "Função": "15 - URBANISMO", "Sub Função": "452 - SERVIÇOS URBANOS", "Programa": "3022 - REQUALIFICAÇÃO E PROMOÇÃO DA OCUPAÇÃO DOS ESPAÇOS PÚBLICOS", "Atividade": "1170 - INTERVENÇÃO, URBANIZAÇÃO E MELHORIA DE BAIRROS - PLANO DE OBRAS DAS SUBPREFEITURAS", "Sub Elemento Despesa": "Manutenção e Conservação de Bens Imóveis", "Item Despesa": "Manutenção e Reformas de Bens Imóveis", "Observação Empenho": "ATOS - Serviços de adequação de Viela na Rua Jaslo", "Contrato": "25904/2023", "Credor Nome": "M A S CONSTRUCOES E EMPREENDIMENTOS LIMITADA", "Valor Empenho": 335177.0, "Valor Empenho Cancelado": 335177.0, "Valor Empenho Líquido": 0.0, "Valor Empenho Liquidado": 0.0, "Valor Empenho Pago": 0.0, "Equipamento 1": null, "Equipamento 2": null, "Endereço": "Rua Jaslo - Capão Redondo", "Região": "Sul", "Extensão (m)": null, "Trecho (Recap)": null, "lon": -46.758938088201312, "lat": -23.650439269065888 }, "geometry": { "type": "Point", "coordinates": [ -46.758938088201312, -23.650439269065888 ] } },
{ "type": "Feature", "properties": { "Ano": 2023.0, "Nota Empenho": "82882/2023", "Nota Reserva": "35347/2023", "Ata CMDP": null, "Processo SEI": 6018202300746494.0, "Unidade": "SMS", "Função": "10 - SAÚDE", "Sub Função": "301 - ATENÇÃO BÁSICA", "Programa": "3003 - AÇÕES E SERVIÇOS DA SAÚDE EM ATENÇÃO BÁSICA, ESPECIALIDADES E VIGILÂNCIA", "Atividade": "5204 - AVANÇA SAÚDE SP - AMPLIAÇÃO, REFORMA E REQUALIFICAÇÃO DE EQUIPAMENTOS DE SAÚDE", "Sub Elemento Despesa": "Obras em Andamento - Uso Comum do Povo", "Item Despesa": "Hospitais e similares", "Observação Empenho": "SMS - CONTRATAÇÃO DE OBRA DA CONSTRUÇÃO DA UBS JD. BRASÍLIA - EXERCÍCIO 2023.", "Contrato": "26066/2023", "Credor Nome": "CONSORCIO HR", "Valor Empenho": 10716504.28, "Valor Empenho Cancelado": 9413173.04, "Valor Empenho Líquido": 2433663.83, "Valor Empenho Liquidado": 1303331.24, "Valor Empenho Pago": 1303331.24, "Equipamento 1": "Unidade de Saúde", "Equipamento 2": "UBS Jd. Brasília", "Endereço": "Av. Osvaldo Valle Cordeiro, 245 - Cidade Líder, São Paulo ", "Região": "Leste", "Extensão (m)": null, "Trecho (Recap)": null, "lon": -46.491985217039009, "lat": -23.554659355361729 }, "geometry": { "type": "Point", "coordinates": [ -46.491985217039009, -23.554659355361729 ] } },
{ "type": "Feature", "properties": { "Ano": 2023.0, "Nota Empenho": "83006/2023", "Nota Reserva": "45368/2023", "Ata CMDP": "2025-06-13 00:00:00", "Processo SEI": 6012202300132965.0, "Unidade": "SMSUB", "Função": "15 - URBANISMO", "Sub Função": "452 - SERVIÇOS URBANOS", "Programa": "3022 - REQUALIFICAÇÃO E PROMOÇÃO DA OCUPAÇÃO DOS ESPAÇOS PÚBLICOS", "Atividade": "1170 - INTERVENÇÃO, URBANIZAÇÃO E MELHORIA DE BAIRROS - PLANO DE OBRAS DAS SUBPREFEITURAS", "Sub Elemento Despesa": "Manutenção e Conservação de Bens Imóveis", "Item Despesa": "Manutenção e Reformas de Bens Imóveis", "Observação Empenho": "ATOS - Serviços de Revitalização da Praça Helena Marcos Aristides, Sacomã (SUB-IP)", "Contrato": "26000/2023", "Credor Nome": "LEMAM CONSTRUCOES E COMERCIO SA", "Valor Empenho": 1353950.81, "Valor Empenho Cancelado": 253744.07, "Valor Empenho Líquido": 1353950.81, "Valor Empenho Liquidado": 1100206.74, "Valor Empenho Pago": 1100206.74, "Equipamento 1": "Praças", "Equipamento 2": "Praça Helena Marcos Aristides", "Endereço": "Praça Helena Marcos Aristides, Sacomã", "Região": "Sul", "Extensão (m)": null, "Trecho (Recap)": null, "lon": -46.606506020724623, "lat": -23.63775212006713 }, "geometry": { "type": "Point", "coordinates": [ -46.606506020724623, -23.63775212006713 ] } },
{ "type": "Feature", "properties": { "Ano": 2023.0, "Nota Empenho": "83007/2023", "Nota Reserva": "45368/2023", "Ata CMDP": "2025-06-13 00:00:00", "Processo SEI": 6012202300144823.0, "Unidade": "SMSUB", "Função": "15 - URBANISMO", "Sub Função": "452 - SERVIÇOS URBANOS", "Programa": "3022 - REQUALIFICAÇÃO E PROMOÇÃO DA OCUPAÇÃO DOS ESPAÇOS PÚBLICOS", "Atividade": "1170 - INTERVENÇÃO, URBANIZAÇÃO E MELHORIA DE BAIRROS - PLANO DE OBRAS DAS SUBPREFEITURAS", "Sub Elemento Despesa": "Manutenção e Conservação de Bens Imóveis", "Item Despesa": "Manutenção e Reformas de Bens Imóveis", "Observação Empenho": "ATOS - Serviços de adequação de Viela na Rua Ivanir Fernandes", "Contrato": "26063/2023", "Credor Nome": "M A S CONSTRUCOES E EMPREENDIMENTOS LIMITADA", "Valor Empenho": 471355.19, "Valor Empenho Cancelado": 124085.5, "Valor Empenho Líquido": 351355.19, "Valor Empenho Liquidado": 347269.69, "Valor Empenho Pago": 347269.69, "Equipamento 1": null, "Equipamento 2": null, "Endereço": "Rua Padre Justino - Vila Jussara", "Região": "Oeste", "Extensão (m)": null, "Trecho (Recap)": null, "lon": -46.71799497286387, "lat": -23.571197071078757 }, "geometry": { "type": "Point", "coordinates": [ -46.71799497286387, -23.571197071078757 ] } },
{ "type": "Feature", "properties": { "Ano": 2023.0, "Nota Empenho": "83010/2023", "Nota Reserva": "45368/2023", "Ata CMDP": "2025-06-13 00:00:00", "Processo SEI": 6012202300144840.0, "Unidade": "SMSUB", "Função": "15 - URBANISMO", "Sub Função": "452 - SERVIÇOS URBANOS", "Programa": "3022 - REQUALIFICAÇÃO E PROMOÇÃO DA OCUPAÇÃO DOS ESPAÇOS PÚBLICOS", "Atividade": "1170 - INTERVENÇÃO, URBANIZAÇÃO E MELHORIA DE BAIRROS - PLANO DE OBRAS DAS SUBPREFEITURAS", "Sub Elemento Despesa": "Manutenção e Conservação de Bens Imóveis", "Item Despesa": "Manutenção e Reformas de Bens Imóveis", "Observação Empenho": "ATOS - Serviços de adequação de Viela na Rua Jadir Cistódio Mendonça", "Contrato": "26064/2023", "Credor Nome": "M A S CONSTRUCOES E EMPREENDIMENTOS LIMITADA", "Valor Empenho": 1308551.0, "Valor Empenho Cancelado": 406653.3, "Valor Empenho Líquido": 1053551.0, "Valor Empenho Liquidado": 901897.7, "Valor Empenho Pago": 901897.7, "Equipamento 1": null, "Equipamento 2": null, "Endereço": "Viela Jadir Custódio Mendonça - Campo Limpo", "Região": "Sul", "Extensão (m)": null, "Trecho (Recap)": null, "lon": -46.77170777470576, "lat": -23.651789260891569 }, "geometry": { "type": "Point", "coordinates": [ -46.77170777470576, -23.651789260891569 ] } },
{ "type": "Feature", "properties": { "Ano": 2023.0, "Nota Empenho": "83011/2023", "Nota Reserva": "45368/2023", "Ata CMDP": "2025-06-13 00:00:00", "Processo SEI": 6012202300144777.0, "Unidade": "SMSUB", "Função": "15 - URBANISMO", "Sub Função": "452 - SERVIÇOS URBANOS", "Programa": "3022 - REQUALIFICAÇÃO E PROMOÇÃO DA OCUPAÇÃO DOS ESPAÇOS PÚBLICOS", "Atividade": "1170 - INTERVENÇÃO, URBANIZAÇÃO E MELHORIA DE BAIRROS - PLANO DE OBRAS DAS SUBPREFEITURAS", "Sub Elemento Despesa": "Manutenção e Conservação de Bens Imóveis", "Item Despesa": "Manutenção e Reformas de Bens Imóveis", "Observação Empenho": "ATOS - Serviços de adequação de Viela na Rua Francisco Barriga de Souza", "Contrato": "26071/2023", "Credor Nome": "M A S CONSTRUCOES E EMPREENDIMENTOS LIMITADA", "Valor Empenho": 352729.08, "Valor Empenho Cancelado": 31771.07, "Valor Empenho Líquido": 320958.08, "Valor Empenho Liquidado": 320958.01, "Valor Empenho Pago": 320958.01, "Equipamento 1": null, "Equipamento 2": null, "Endereço": "Rua Francisco Barriga de Souza - Jardim Piracuama", "Região": "Sul", "Extensão (m)": null, "Trecho (Recap)": null, "lon": -46.763811776550298, "lat": -23.642162112047728 }, "geometry": { "type": "Point", "coordinates": [ -46.763811776550298, -23.642162112047728 ] } },
{ "type": "Feature", "properties": { "Ano": 2023.0, "Nota Empenho": "83014/2023", "Nota Reserva": "45368/2023", "Ata CMDP": "2025-06-13 00:00:00", "Processo SEI": 6012202300113715.0, "Unidade": "SMSUB", "Função": "15 - URBANISMO", "Sub Função": "452 - SERVIÇOS URBANOS", "Programa": "3022 - REQUALIFICAÇÃO E PROMOÇÃO DA OCUPAÇÃO DOS ESPAÇOS PÚBLICOS", "Atividade": "1170 - INTERVENÇÃO, URBANIZAÇÃO E MELHORIA DE BAIRROS - PLANO DE OBRAS DAS SUBPREFEITURAS", "Sub Elemento Despesa": "Manutenção e Conservação de Bens Imóveis", "Item Despesa": "Manutenção e Reformas de Bens Imóveis", "Observação Empenho": "ATOS - Serviços de adequação de Viela na Rua Padre Justino", "Contrato": "26069/2023", "Credor Nome": "M A S CONSTRUCOES E EMPREENDIMENTOS LIMITADA", "Valor Empenho": 434073.38, "Valor Empenho Cancelado": 361465.37, "Valor Empenho Líquido": 204073.38, "Valor Empenho Liquidado": 72608.01, "Valor Empenho Pago": 72608.01, "Equipamento 1": null, "Equipamento 2": null, "Endereço": "Rua Padre Justino - Vila Jussara", "Região": "Oeste", "Extensão (m)": null, "Trecho (Recap)": null, "lon": -46.71799497286387, "lat": -23.571197071078757 }, "geometry": { "type": "Point", "coordinates": [ -46.71799497286387, -23.571197071078757 ] } },
{ "type": "Feature", "properties": { "Ano": 2023.0, "Nota Empenho": "83306/2023", "Nota Reserva": "45368/2023", "Ata CMDP": "2025-06-13 00:00:00", "Processo SEI": 6012202300144653.0, "Unidade": "SMSUB", "Função": "15 - URBANISMO", "Sub Função": "452 - SERVIÇOS URBANOS", "Programa": "3022 - REQUALIFICAÇÃO E PROMOÇÃO DA OCUPAÇÃO DOS ESPAÇOS PÚBLICOS", "Atividade": "1170 - INTERVENÇÃO, URBANIZAÇÃO E MELHORIA DE BAIRROS - PLANO DE OBRAS DAS SUBPREFEITURAS", "Sub Elemento Despesa": "Manutenção e Conservação de Bens Imóveis", "Item Despesa": "Manutenção e Reformas de Bens Imóveis", "Observação Empenho": "ATOS - Serviços de adequação de Viela na Rua São Pedro Jácome Vieira, ao lado do nº 81, distrito Campo Limpo", "Contrato": "26236/2023", "Credor Nome": "M A S CONSTRUCOES E EMPREENDIMENTOS LIMITADA", "Valor Empenho": 476063.75, "Valor Empenho Cancelado": 334029.28, "Valor Empenho Líquido": 256063.75, "Valor Empenho Liquidado": 142034.47, "Valor Empenho Pago": 142034.47, "Equipamento 1": null, "Equipamento 2": null, "Endereço": "Rua São Pedro Jácome Vieira - Jardim Catanduva", "Região": "Sul", "Extensão (m)": null, "Trecho (Recap)": null, "lon": -46.76061278587995, "lat": -23.634399718177331 }, "geometry": { "type": "Point", "coordinates": [ -46.76061278587995, -23.634399718177331 ] } },
{ "type": "Feature", "properties": { "Ano": 2023.0, "Nota Empenho": "83325/2023", "Nota Reserva": "45368/2023", "Ata CMDP": "2025-06-13 00:00:00", "Processo SEI": 6012202300144963.0, "Unidade": "SMSUB", "Função": "15 - URBANISMO", "Sub Função": "452 - SERVIÇOS URBANOS", "Programa": "3022 - REQUALIFICAÇÃO E PROMOÇÃO DA OCUPAÇÃO DOS ESPAÇOS PÚBLICOS", "Atividade": "1170 - INTERVENÇÃO, URBANIZAÇÃO E MELHORIA DE BAIRROS - PLANO DE OBRAS DAS SUBPREFEITURAS", "Sub Elemento Despesa": "Manutenção e Conservação de Bens Imóveis", "Item Despesa": "Manutenção e Reformas de Bens Imóveis", "Observação Empenho": "ATOS - Serviços de adequação de Viela na Rua Mieres", "Contrato": "26248/2023", "Credor Nome": "M A S CONSTRUCOES E EMPREENDIMENTOS LIMITADA", "Valor Empenho": 495544.48, "Valor Empenho Cancelado": 251833.41, "Valor Empenho Líquido": 435544.48, "Valor Empenho Liquidado": 243711.07, "Valor Empenho Pago": 243711.07, "Equipamento 1": null, "Equipamento 2": null, "Endereço": "Rua Mieres - Capão Redondo", "Região": "Sul", "Extensão (m)": null, "Trecho (Recap)": null, "lon": -46.757976888201043, "lat": -23.650164685441705 }, "geometry": { "type": "Point", "coordinates": [ -46.757976888201043, -23.650164685441705 ] } },
{ "type": "Feature", "properties": { "Ano": 2023.0, "Nota Empenho": "83328/2023", "Nota Reserva": "45368/2023", "Ata CMDP": "2025-06-13 00:00:00", "Processo SEI": 6012202300144599.0, "Unidade": "SMSUB", "Função": "15 - URBANISMO", "Sub Função": "452 - SERVIÇOS URBANOS", "Programa": "3022 - REQUALIFICAÇÃO E PROMOÇÃO DA OCUPAÇÃO DOS ESPAÇOS PÚBLICOS", "Atividade": "1170 - INTERVENÇÃO, URBANIZAÇÃO E MELHORIA DE BAIRROS - PLANO DE OBRAS DAS SUBPREFEITURAS", "Sub Elemento Despesa": "Manutenção e Conservação de Bens Imóveis", "Item Despesa": "Manutenção e Reformas de Bens Imóveis", "Observação Empenho": "ATOS - Serviços de adequação de Viela na Rua Langanes - Campo Limpo", "Contrato": "26239/2023", "Credor Nome": "M A S CONSTRUCOES E EMPREENDIMENTOS LIMITADA", "Valor Empenho": 420825.41, "Valor Empenho Cancelado": 210426.68, "Valor Empenho Líquido": 220825.41, "Valor Empenho Liquidado": 210398.73, "Valor Empenho Pago": 210398.73, "Equipamento 1": null, "Equipamento 2": null, "Endereço": "Rua Langanes - Campo Limpo", "Região": "Sul", "Extensão (m)": null, "Trecho (Recap)": null, "lon": -46.77164374402674, "lat": -23.649550467597532 }, "geometry": { "type": "Point", "coordinates": [ -46.77164374402674, -23.649550467597532 ] } },
{ "type": "Feature", "properties": { "Ano": 2023.0, "Nota Empenho": "83337/2023", "Nota Reserva": "45368/2023", "Ata CMDP": "2025-06-13 00:00:00", "Processo SEI": 6012202300144904.0, "Unidade": "SMSUB", "Função": "15 - URBANISMO", "Sub Função": "452 - SERVIÇOS URBANOS", "Programa": "3022 - REQUALIFICAÇÃO E PROMOÇÃO DA OCUPAÇÃO DOS ESPAÇOS PÚBLICOS", "Atividade": "1170 - INTERVENÇÃO, URBANIZAÇÃO E MELHORIA DE BAIRROS - PLANO DE OBRAS DAS SUBPREFEITURAS", "Sub Elemento Despesa": "Manutenção e Conservação de Bens Imóveis", "Item Despesa": "Manutenção e Reformas de Bens Imóveis", "Observação Empenho": "ATOS - Serviços de adequação de Viela na Rua Majer Kucinski  distrito Capão Redondo", "Contrato": "26244/2023", "Credor Nome": "M A S CONSTRUCOES E EMPREENDIMENTOS LIMITADA", "Valor Empenho": 521220.58, "Valor Empenho Cancelado": 138909.56, "Valor Empenho Líquido": 391220.58, "Valor Empenho Liquidado": 382311.02, "Valor Empenho Pago": 382311.02, "Equipamento 1": null, "Equipamento 2": null, "Endereço": "Rua Majer Kucinski distrito Capão Redondo", "Região": "Sul", "Extensão (m)": null, "Trecho (Recap)": null, "lon": -46.784861359365607, "lat": -23.675106309833712 }, "geometry": { "type": "Point", "coordinates": [ -46.784861359365607, -23.675106309833712 ] } },
{ "type": "Feature", "properties": { "Ano": 2023.0, "Nota Empenho": "83488/2023", "Nota Reserva": "45368/2023", "Ata CMDP": "2025-06-13 00:00:00", "Processo SEI": 6012202300145072.0, "Unidade": "SMSUB", "Função": "15 - URBANISMO", "Sub Função": "452 - SERVIÇOS URBANOS", "Programa": "3022 - REQUALIFICAÇÃO E PROMOÇÃO DA OCUPAÇÃO DOS ESPAÇOS PÚBLICOS", "Atividade": "1170 - INTERVENÇÃO, URBANIZAÇÃO E MELHORIA DE BAIRROS - PLANO DE OBRAS DAS SUBPREFEITURAS", "Sub Elemento Despesa": "Manutenção e Conservação de Bens Imóveis", "Item Despesa": "Manutenção e Reformas de Bens Imóveis", "Observação Empenho": "ATOS - Serviços de adequação de Viela na Rua Profª Nina Stocco", "Contrato": "26316/2023", "Credor Nome": "M A S CONSTRUCOES E EMPREENDIMENTOS LIMITADA", "Valor Empenho": 625221.06, "Valor Empenho Cancelado": 363939.51, "Valor Empenho Líquido": 325221.06, "Valor Empenho Liquidado": 261281.55, "Valor Empenho Pago": 261281.55, "Equipamento 1": null, "Equipamento 2": null, "Endereço": "Rua Profª Nina Stocco - Jardim Catanduva", "Região": "Sul", "Extensão (m)": null, "Trecho (Recap)": null, "lon": -46.759402172862359, "lat": -23.630975878596967 }, "geometry": { "type": "Point", "coordinates": [ -46.759402172862359, -23.630975878596967 ] } },
{ "type": "Feature", "properties": { "Ano": 2023.0, "Nota Empenho": "83514/2023", "Nota Reserva": "45368/2023", "Ata CMDP": "2025-06-13 00:00:00", "Processo SEI": 6012202300144998.0, "Unidade": "SMSUB", "Função": "15 - URBANISMO", "Sub Função": "452 - SERVIÇOS URBANOS", "Programa": "3022 - REQUALIFICAÇÃO E PROMOÇÃO DA OCUPAÇÃO DOS ESPAÇOS PÚBLICOS", "Atividade": "1170 - INTERVENÇÃO, URBANIZAÇÃO E MELHORIA DE BAIRROS - PLANO DE OBRAS DAS SUBPREFEITURAS", "Sub Elemento Despesa": "Manutenção e Conservação de Bens Imóveis", "Item Despesa": "Manutenção e Reformas de Bens Imóveis", "Observação Empenho": "ATOS - Serviços de adequação de Viela na Rua Oscar Campiglia", "Contrato": "26332/2023", "Credor Nome": "M A S CONSTRUCOES E EMPREENDIMENTOS LIMITADA", "Valor Empenho": 734974.35, "Valor Empenho Cancelado": 551731.75, "Valor Empenho Líquido": 194974.35, "Valor Empenho Liquidado": 183242.6, "Valor Empenho Pago": 183242.6, "Equipamento 1": null, "Equipamento 2": null, "Endereço": "Rua Oscar Campiglia - Campo Limpo", "Região": "Sul", "Extensão (m)": null, "Trecho (Recap)": null, "lon": -46.762442232375612, "lat": -23.642660625960723 }, "geometry": { "type": "Point", "coordinates": [ -46.762442232375612, -23.642660625960723 ] } },
{ "type": "Feature", "properties": { "Ano": 2023.0, "Nota Empenho": "83836/2023", "Nota Reserva": "39345/2023", "Ata CMDP": null, "Processo SEI": 6018202300747687.0, "Unidade": "SMS", "Função": "10 - SAÚDE", "Sub Função": "302 - ASSISTÊNCIA HOSPITALAR E AMBULATORIAL", "Programa": "3003 - AÇÕES E SERVIÇOS DA SAÚDE EM ATENÇÃO BÁSICA, ESPECIALIDADES E VIGILÂNCIA", "Atividade": "5204 - AVANÇA SAÚDE SP - AMPLIAÇÃO, REFORMA E REQUALIFICAÇÃO DE EQUIPAMENTOS DE SAÚDE", "Sub Elemento Despesa": "Obras em Andamento - Uso Comum do Povo", "Item Despesa": "Hospitais e similares", "Observação Empenho": "SMS - CONTRATAÇÃO DE OBRA DA CONSTRUÇÃO DA UPA GRAJAÚ - EXERCÍCIO 2023.", "Contrato": "26613/2023", "Credor Nome": "CONSORCIO UG", "Valor Empenho": 5077586.12, "Valor Empenho Cancelado": 4396073.0, "Valor Empenho Líquido": 2567004.64, "Valor Empenho Liquidado": 681513.12, "Valor Empenho Pago": 681513.12, "Equipamento 1": "Unidade de Saúde", "Equipamento 2": "UPA Grajau", "Endereço": "R. Antônio Felipe Filho - Jardim Somara", "Região": "Sul", "Extensão (m)": null, "Trecho (Recap)": null, "lon": -46.690598961631821, "lat": -23.748929980217294 }, "geometry": { "type": "Point", "coordinates": [ -46.690598961631821, -23.748929980217294 ] } },
{ "type": "Feature", "properties": { "Ano": 2023.0, "Nota Empenho": "84083/2023", "Nota Reserva": "39349/2023", "Ata CMDP": null, "Processo SEI": 6018202300747903.0, "Unidade": "SMS", "Função": "10 - SAÚDE", "Sub Função": "302 - ASSISTÊNCIA HOSPITALAR E AMBULATORIAL", "Programa": "3003 - AÇÕES E SERVIÇOS DA SAÚDE EM ATENÇÃO BÁSICA, ESPECIALIDADES E VIGILÂNCIA", "Atividade": "5204 - AVANÇA SAÚDE SP - AMPLIAÇÃO, REFORMA E REQUALIFICAÇÃO DE EQUIPAMENTOS DE SAÚDE", "Sub Elemento Despesa": "Obras em Andamento - Uso Comum do Povo", "Item Despesa": "Hospitais e similares", "Observação Empenho": "SMS - CONTRATAÇÃO DE EMPRESA OU CONSÓRCIO DE EMPRESAS PARA EXECUÇÃO DE OBRAS PARA CONSTRUÇÃO DE UNIDADES BÁSICAS DE SAÚDE PARA SECRETARIA MUNICIPAL DE SAÚDE, COM FORNECIMENTO DE MATERIAL E MÃO-DE-OBRA. - UPA SANTANA.- EXERCÍCIO DE 2023.", "Contrato": "26731/2023", "Credor Nome": "CONSORCIO SAUDE - PMSP", "Valor Empenho": 3112284.11, "Valor Empenho Cancelado": 3112284.11, "Valor Empenho Líquido": 0.0, "Valor Empenho Liquidado": 0.0, "Valor Empenho Pago": 0.0, "Equipamento 1": "Unidade de Saúde", "Equipamento 2": "UPA Santana", "Endereço": "R. Voluntários da Pátria - Santana", "Região": "Norte", "Extensão (m)": null, "Trecho (Recap)": null, "lon": -46.626362773276469, "lat": -23.511969740741119 }, "geometry": { "type": "Point", "coordinates": [ -46.626362773276469, -23.511969740741119 ] } },
{ "type": "Feature", "properties": { "Ano": 2023.0, "Nota Empenho": "84097/2023", "Nota Reserva": "45368/2023", "Ata CMDP": "2023-06-13 00:00:00", "Processo SEI": 6012202300144980.0, "Unidade": "SMSUB", "Função": "15 - URBANISMO", "Sub Função": "452 - SERVIÇOS URBANOS", "Programa": "3022 - REQUALIFICAÇÃO E PROMOÇÃO DA OCUPAÇÃO DOS ESPAÇOS PÚBLICOS", "Atividade": "1170 - INTERVENÇÃO, URBANIZAÇÃO E MELHORIA DE BAIRROS - PLANO DE OBRAS DAS SUBPREFEITURAS", "Sub Elemento Despesa": "Manutenção e Conservação de Bens Imóveis", "Item Despesa": "Manutenção e Reformas de Bens Imóveis", "Observação Empenho": "ATOS - Serviços de adequação de Viela na Rua Ojinaga", "Contrato": "25483/2023", "Credor Nome": "M A S CONSTRUCOES E EMPREENDIMENTOS LIMITADA", "Valor Empenho": 618923.18, "Valor Empenho Cancelado": 434856.89, "Valor Empenho Líquido": 618923.18, "Valor Empenho Liquidado": 184066.29, "Valor Empenho Pago": 184066.29, "Equipamento 1": null, "Equipamento 2": null, "Endereço": "Viela na Rua Ojinaga", "Região": "Sul", "Extensão (m)": null, "Trecho (Recap)": null, "lon": -46.761131775126231, "lat": -23.649529262108405 }, "geometry": { "type": "Point", "coordinates": [ -46.761131775126231, -23.649529262108405 ] } },
{ "type": "Feature", "properties": { "Ano": 2023.0, "Nota Empenho": "84170/2023", "Nota Reserva": "24656/2023", "Ata CMDP": "2023-05-05 00:00:00", "Processo SEI": 6012202300175060.0, "Unidade": "SMSUB", "Função": "15 - URBANISMO", "Sub Função": "452 - SERVIÇOS URBANOS", "Programa": "3022 - REQUALIFICAÇÃO E PROMOÇÃO DA OCUPAÇÃO DOS ESPAÇOS PÚBLICOS", "Atividade": "1137 - PAVIMENTAÇÃO E RECAPEAMENTO DE VIAS", "Sub Elemento Despesa": "Manutenção e Conservação de Bens Imóveis", "Item Despesa": "Manutenção e Reformas de Bens Imóveis", "Observação Empenho": "CONSEMAVI - TC 522/SMSUB/COGEL/2023 - Via Av. Maria Coelho Aguiar - Trecho Ponte Velha João Dias", "Contrato": "26791/2023", "Credor Nome": "JOFEGE PAVIMENTACAO E CONSTRUCAO LTDA", "Valor Empenho": 2148003.88, "Valor Empenho Cancelado": 507633.18, "Valor Empenho Líquido": 2148003.88, "Valor Empenho Liquidado": 1640370.7, "Valor Empenho Pago": 1640370.7, "Equipamento 1": null, "Equipamento 2": null, "Endereço": "Av. Maria Coelho Aguiar", "Região": null, "Extensão (m)": "162", "Trecho (Recap)": null, "lon": -46.733635675461159, "lat": -23.650682311003138 }, "geometry": { "type": "Point", "coordinates": [ -46.733635675461159, -23.650682311003138 ] } },
{ "type": "Feature", "properties": { "Ano": 2023.0, "Nota Empenho": "84200/2023", "Nota Reserva": "45368/2023", "Ata CMDP": "2023-06-13 00:00:00", "Processo SEI": 6012202300144874.0, "Unidade": "SMSUB", "Função": "15 - URBANISMO", "Sub Função": "452 - SERVIÇOS URBANOS", "Programa": "3022 - REQUALIFICAÇÃO E PROMOÇÃO DA OCUPAÇÃO DOS ESPAÇOS PÚBLICOS", "Atividade": "1170 - INTERVENÇÃO, URBANIZAÇÃO E MELHORIA DE BAIRROS - PLANO DE OBRAS DAS SUBPREFEITURAS", "Sub Elemento Despesa": "Manutenção e Conservação de Bens Imóveis", "Item Despesa": "Manutenção e Reformas de Bens Imóveis", "Observação Empenho": " ATOS - Serviços de adequação de Viela na Rua Langanes", "Contrato": "26797/2023", "Credor Nome": "M A S CONSTRUCOES E EMPREENDIMENTOS LIMITADA", "Valor Empenho": 641082.29, "Valor Empenho Cancelado": 310001.35, "Valor Empenho Líquido": 331082.29, "Valor Empenho Liquidado": 331080.94, "Valor Empenho Pago": 331080.94, "Equipamento 1": null, "Equipamento 2": null, "Endereço": "Viela na Rua Langanes", "Região": "Sul", "Extensão (m)": null, "Trecho (Recap)": null, "lon": -46.771729575126251, "lat": -23.649815817583679 }, "geometry": { "type": "Point", "coordinates": [ -46.771729575126251, -23.649815817583679 ] } },
{ "type": "Feature", "properties": { "Ano": 2023.0, "Nota Empenho": "84302/2023", "Nota Reserva": "24656/2023", "Ata CMDP": "2023-05-05 00:00:00", "Processo SEI": 6012202300175079.0, "Unidade": "SMSUB", "Função": "15 - URBANISMO", "Sub Função": "452 - SERVIÇOS URBANOS", "Programa": "3022 - REQUALIFICAÇÃO E PROMOÇÃO DA OCUPAÇÃO DOS ESPAÇOS PÚBLICOS", "Atividade": "1137 - PAVIMENTAÇÃO E RECAPEAMENTO DE VIAS", "Sub Elemento Despesa": "Manutenção e Conservação de Bens Imóveis", "Item Despesa": "Manutenção e Reformas de Bens Imóveis", "Observação Empenho": "CONSEMAVI - TC 527/SMSUB/COGEL/2023 - Via Rua Vilar de Amargo Trecho Rua Petrasco e Rua Gaspar Coelho", "Contrato": "26842/2023", "Credor Nome": "JOFEGE PAVIMENTACAO E CONSTRUCAO LTDA", "Valor Empenho": 2264970.49, "Valor Empenho Cancelado": 641739.54, "Valor Empenho Líquido": 2264970.49, "Valor Empenho Liquidado": 1623230.95, "Valor Empenho Pago": 1623230.95, "Equipamento 1": null, "Equipamento 2": null, "Endereço": "R. Vilar de Amargo - Parque Independencia", "Região": null, "Extensão (m)": "510", "Trecho (Recap)": null, "lon": -46.787510304294941, "lat": -23.686757416623152 }, "geometry": { "type": "Point", "coordinates": [ -46.787510304294941, -23.686757416623152 ] } },
{ "type": "Feature", "properties": { "Ano": 2023.0, "Nota Empenho": "88949/2023", "Nota Reserva": "39349/2023", "Ata CMDP": null, "Processo SEI": 6018202300747903.0, "Unidade": "SMS", "Função": "10 - SAÚDE", "Sub Função": "302 - ASSISTÊNCIA HOSPITALAR E AMBULATORIAL", "Programa": "3003 - AÇÕES E SERVIÇOS DA SAÚDE EM ATENÇÃO BÁSICA, ESPECIALIDADES E VIGILÂNCIA", "Atividade": "5204 - AVANÇA SAÚDE SP - AMPLIAÇÃO, REFORMA E REQUALIFICAÇÃO DE EQUIPAMENTOS DE SAÚDE", "Sub Elemento Despesa": "Obras em Andamento - Uso Comum do Povo", "Item Despesa": "Hospitais e similares", "Observação Empenho": "SMS - CONTRATAÇÃO DE REFORMA DA UPA SANTANA - EXERCÍCIO 2023.", "Contrato": "28165/2023", "Credor Nome": "CONSORCIO SAUDE - PMSP", "Valor Empenho": 3112284.11, "Valor Empenho Cancelado": 2600215.01, "Valor Empenho Líquido": 844485.12, "Valor Empenho Liquidado": 512069.1, "Valor Empenho Pago": 512069.1, "Equipamento 1": "Unidade de Saúde", "Equipamento 2": "UPA Santana", "Endereço": "R. Voluntários da Pátria - Santana", "Região": "Norte", "Extensão (m)": null, "Trecho (Recap)": null, "lon": -46.626362773276469, "lat": -23.511969740741119 }, "geometry": { "type": "Point", "coordinates": [ -46.626362773276469, -23.511969740741119 ] } },
{ "type": "Feature", "properties": { "Ano": 2023.0, "Nota Empenho": "90355/2023", "Nota Reserva": "46885/2023", "Ata CMDP": null, "Processo SEI": 6018202300557969.0, "Unidade": "SMS", "Função": "10 - SAÚDE", "Sub Função": "302 - ASSISTÊNCIA HOSPITALAR E AMBULATORIAL", "Programa": "3003 - AÇÕES E SERVIÇOS DA SAÚDE EM ATENÇÃO BÁSICA, ESPECIALIDADES E VIGILÂNCIA", "Atividade": "5204 - AVANÇA SAÚDE SP - AMPLIAÇÃO, REFORMA E REQUALIFICAÇÃO DE EQUIPAMENTOS DE SAÚDE", "Sub Elemento Despesa": "Obras em Andamento - Uso Comum do Povo", "Item Despesa": "Hospitais e similares", "Observação Empenho": "Contratação de empresa especializada de engenharia para reforma da UPA SANTO AMARO - 2º pavimento", "Contrato": "28561/2023", "Credor Nome": "RD CONSTRUCAO REFRIGERACAO COMERCIO SERVICOS E PROJETOS LTDA", "Valor Empenho": 490000.0, "Valor Empenho Cancelado": 0.0, "Valor Empenho Líquido": 490000.0, "Valor Empenho Liquidado": 490000.0, "Valor Empenho Pago": 490000.0, "Equipamento 1": null, "Equipamento 2": null, "Endereço": "R. Promotor Gabriel Nettuzzi Perez - Santo Amaro", "Região": "Sul", "Extensão (m)": null, "Trecho (Recap)": null, "lon": -46.704777661634921, "lat": -23.651700889245618 }, "geometry": { "type": "Point", "coordinates": [ -46.704777661634921, -23.651700889245618 ] } },
{ "type": "Feature", "properties": { "Ano": 2023.0, "Nota Empenho": "90782/2023", "Nota Reserva": "62192/2023", "Ata CMDP": null, "Processo SEI": 201403217617.0, "Unidade": "SMS", "Função": "10 - SAÚDE", "Sub Função": "301 - ATENÇÃO BÁSICA", "Programa": "3003 - AÇÕES E SERVIÇOS DA SAÚDE EM ATENÇÃO BÁSICA, ESPECIALIDADES E VIGILÂNCIA", "Atividade": "5204 - AVANÇA SAÚDE SP - AMPLIAÇÃO, REFORMA E REQUALIFICAÇÃO DE EQUIPAMENTOS DE SAÚDE", "Sub Elemento Despesa": "Serviços de Assistência à Saúde", "Item Despesa": "Obras e Reformas em Imóvel da OS ou de Terceiros", "Observação Empenho": "TA - 153/CRSO/2023 - obra com instalação de cobertura e abrigo de resíduo da UBS Vila Anglo - CG 07/2015, conforme solicitação no SEI 089671929 do processo 6018.2023/0046655-6", "Contrato": "21328/2018", "Credor Nome": "ASSOCIAÇÃO SAUDE DA FAMILIA", "Valor Empenho": 46029.29, "Valor Empenho Cancelado": 0.2, "Valor Empenho Líquido": 46029.09, "Valor Empenho Liquidado": 46029.09, "Valor Empenho Pago": 46029.09, "Equipamento 1": "Unidade de Saúde", "Equipamento 2": "UBS Vila Anglo", "Endereço": "Av. Sumaré - Perdizes", "Região": "Oeste", "Extensão (m)": null, "Trecho (Recap)": null, "lon": -46.677442588621012, "lat": -23.531104752148131 }, "geometry": { "type": "Point", "coordinates": [ -46.677442588621012, -23.531104752148131 ] } },
{ "type": "Feature", "properties": { "Ano": 2023.0, "Nota Empenho": "92353/2023", "Nota Reserva": "39741/2023", "Ata CMDP": "2023-05-05 00:00:00", "Processo SEI": 7910202100011093.0, "Unidade": "SPOBRAS", "Função": "15 - URBANISMO", "Sub Função": "451 - INFRA-ESTRUTURA URBANA", "Programa": "3009 - MELHORIA DA MOBILIDADE URBANA UNIVERSAL", "Atividade": "5187 - RECUPERAÇÃO E REFORÇO DE OBRAS DE ARTE ESPECIAIS - OAE", "Sub Elemento Despesa": "Obras em Andamento - Uso Comum do Povo", "Item Despesa": "Pontes, Pontilhões e Viadutos", "Observação Empenho": "Recuperação estrutural no Viaduto Naor Guelfi – Lote 08", "Contrato": "17155/2022", "Credor Nome": "IMPERMEAR SERVICOS DE ENGENHARIA LTDA", "Valor Empenho": 871351.51, "Valor Empenho Cancelado": 95700.53, "Valor Empenho Líquido": 871351.51, "Valor Empenho Liquidado": 775650.98, "Valor Empenho Pago": 775650.98, "Equipamento 1": null, "Equipamento 2": null, "Endereço": "Jardim Claudia - Viaduto Naor Guelfi", "Região": "Oeste", "Extensão (m)": null, "Trecho (Recap)": null, "lon": -46.771686661637112, "lat": -23.58337994254812 }, "geometry": { "type": "Point", "coordinates": [ -46.771686661637112, -23.58337994254812 ] } },
{ "type": "Feature", "properties": { "Ano": 2023.0, "Nota Empenho": "95494/2023", "Nota Reserva": "39741/2023", "Ata CMDP": "2023-05-05 00:00:00", "Processo SEI": 6022202300021599.0, "Unidade": "SIURB", "Função": "15 - URBANISMO", "Sub Função": "451 - INFRA-ESTRUTURA URBANA", "Programa": "3009 - MELHORIA DA MOBILIDADE URBANA UNIVERSAL", "Atividade": "5187 - RECUPERAÇÃO E REFORÇO DE OBRAS DE ARTE ESPECIAIS - OAE", "Sub Elemento Despesa": "Obras em Andamento - Uso Comum do Povo", "Item Despesa": "Pontes, Pontilhões e Viadutos", "Observação Empenho": "Execução de serviços de recuperação estrutural do Complexo Viário Jacu Pêssego – Lote 15.", "Contrato": "20969/2022", "Credor Nome": "VOS OBRAS E SERVICOS DE CONSTRUCAO CIVIL LTDA", "Valor Empenho": 1606821.28, "Valor Empenho Cancelado": 1394.39, "Valor Empenho Líquido": 1606821.28, "Valor Empenho Liquidado": 1605426.89, "Valor Empenho Pago": 1605426.89, "Equipamento 1": null, "Equipamento 2": null, "Endereço": "Complexo Viário Jacu Pêssego", "Região": "Leste", "Extensão (m)": null, "Trecho (Recap)": null, "lon": -46.444874560969893, "lat": -23.597004503471087 }, "geometry": { "type": "Point", "coordinates": [ -46.444874560969893, -23.597004503471087 ] } },
{ "type": "Feature", "properties": { "Ano": 2024.0, "Nota Empenho": "105185/2024", "Nota Reserva": "67245/2024", "Ata CMDP": null, "Processo SEI": 6018202300747407.0, "Unidade": "SMS", "Função": "10 - SAÚDE", "Sub Função": "301 - ATENÇÃO BÁSICA", "Programa": "3003 - AÇÕES E SERVIÇOS DA SAÚDE EM ATENÇÃO BÁSICA, ESPECIALIDADES E VIGILÂNCIA", "Atividade": "1525 - CONSTRUÇÃO E IMPLANTAÇÃO DE EQUIPAMENTOS DE ATENÇÃO BÁSICA E ESPECIALIDADES", "Sub Elemento Despesa": "Obras em Andamento - Uso Comum do Povo", "Item Despesa": "Hospitais e similares", "Observação Empenho": "SMS - CONTRATAÇÃO DE EMPRESA OU CONSÓRCIO DE EMPRESAS PARA EXECUÇÃO DE OBRAS PARA CONSTRUÇÃO DE UNIDADES BÁSICAS DE SAÚDE PARA SECRETARIA MUNICIPAL DE SAÚDE, COM FORNECIMENTO DE MATERIAL E MÃO-DE-OBRA. - UBS REAL PARQUE II. EXERCÍCIO DE 2024.", "Contrato": "23557/2023", "Credor Nome": "2N ENGENHARIA LTDA", "Valor Empenho": 20477.77, "Valor Empenho Cancelado": 0.0, "Valor Empenho Líquido": 20477.77, "Valor Empenho Liquidado": 20477.77, "Valor Empenho Pago": 20477.77, "Equipamento 1": "Unidade de Saúde", "Equipamento 2": "UBS Real Parque II", "Endereço": "R. Paulo Bourroul, 19a - Real Parque", "Região": "Oeste", "Extensão (m)": null, "Trecho (Recap)": null, "lon": -46.701617498155848, "lat": -23.60855611321352 }, "geometry": { "type": "Point", "coordinates": [ -46.701617498155848, -23.60855611321352 ] } },
{ "type": "Feature", "properties": { "Ano": 2024.0, "Nota Empenho": "105536/2024", "Nota Reserva": "65559/2024", "Ata CMDP": null, "Processo SEI": 201403371349.0, "Unidade": "SMS", "Função": "10 - SAÚDE", "Sub Função": "301 - ATENÇÃO BÁSICA", "Programa": "3003 - AÇÕES E SERVIÇOS DA SAÚDE EM ATENÇÃO BÁSICA, ESPECIALIDADES E VIGILÂNCIA", "Atividade": "1526 - AMPLIAÇÃO, REFORMA E REQUALIFICAÇÃO DE EQUIPAMENTOS DE ATENÇÃO BÁSICA E ESPECIALIDADES", "Sub Elemento Despesa": "Serviços de Assistência à Saúde", "Item Despesa": "Obras e Reformas em Imóvel da OS ou de Terceiros", "Observação Empenho": "6018.2024/0075955-5- SMS - CRS LESTE - CG R09/2015 – DESPESAS COM REFORMA DA UBS JARDIM CONQUISTA I", "Contrato": "21318/2018", "Credor Nome": "FUNDACAO DO ABC", "Valor Empenho": 186184.62, "Valor Empenho Cancelado": 0.0, "Valor Empenho Líquido": 186184.62, "Valor Empenho Liquidado": 186184.62, "Valor Empenho Pago": 186184.62, "Equipamento 1": "Unidade de Saúde", "Equipamento 2": "UBS Jardim Conquista I", "Endereço": "Rua Peramirim, 1 - São Mateus", "Região": "Leste", "Extensão (m)": null, "Trecho (Recap)": null, "lon": -46.453163847716233, "lat": -23.612714767868024 }, "geometry": { "type": "Point", "coordinates": [ -46.453163847716233, -23.612714767868024 ] } },
{ "type": "Feature", "properties": { "Ano": 2024.0, "Nota Empenho": "105541/2024", "Nota Reserva": "65561/2024", "Ata CMDP": null, "Processo SEI": 201403371349.0, "Unidade": "SMS", "Função": "10 - SAÚDE", "Sub Função": "301 - ATENÇÃO BÁSICA", "Programa": "3003 - AÇÕES E SERVIÇOS DA SAÚDE EM ATENÇÃO BÁSICA, ESPECIALIDADES E VIGILÂNCIA", "Atividade": "1526 - AMPLIAÇÃO, REFORMA E REQUALIFICAÇÃO DE EQUIPAMENTOS DE ATENÇÃO BÁSICA E ESPECIALIDADES", "Sub Elemento Despesa": "Serviços de Assistência à Saúde", "Item Despesa": "Obras e Reformas em Imóvel da OS ou de Terceiros", "Observação Empenho": "6018.2024/0075955-5- SMS - CRS LESTE - CG R09/2015 – DESPESAS COM REFORMA DA UBS JARDIM CONQUISTA I", "Contrato": "21318/2018", "Credor Nome": "FUNDACAO DO ABC", "Valor Empenho": 63815.38, "Valor Empenho Cancelado": 0.0, "Valor Empenho Líquido": 63815.38, "Valor Empenho Liquidado": 63815.38, "Valor Empenho Pago": 63815.38, "Equipamento 1": "Unidade de Saúde", "Equipamento 2": "UBS Jardim Conquista I", "Endereço": "Rua Peramirim, 1 - São Mateus", "Região": "Leste", "Extensão (m)": null, "Trecho (Recap)": null, "lon": -46.453163847716233, "lat": -23.612714767868024 }, "geometry": { "type": "Point", "coordinates": [ -46.453163847716233, -23.612714767868024 ] } },
{ "type": "Feature", "properties": { "Ano": 2024.0, "Nota Empenho": "105810/2024", "Nota Reserva": "67240/2024", "Ata CMDP": null, "Processo SEI": 6018202300469946.0, "Unidade": "SMS", "Função": "10 - SAÚDE", "Sub Função": "301 - ATENÇÃO BÁSICA", "Programa": "3003 - AÇÕES E SERVIÇOS DA SAÚDE EM ATENÇÃO BÁSICA, ESPECIALIDADES E VIGILÂNCIA", "Atividade": "1525 - CONSTRUÇÃO E IMPLANTAÇÃO DE EQUIPAMENTOS DE ATENÇÃO BÁSICA E ESPECIALIDADES", "Sub Elemento Despesa": "Obras em Andamento - Uso Comum do Povo", "Item Despesa": "Hospitais e similares", "Observação Empenho": "SMS - CONSTRUÇÃO DE UNIDADE BÁSICA DE SAÚDE - UBS PRIMAVERA COLORADO - RUA ANTONIO RIBEIRO MACEDO, 264 - JARDIM PORTEIRA GRANDE - SUB SAPOPEMBA - EXERCÍCIO 2024.", "Contrato": "15970/2023", "Credor Nome": "SPALLA ENGENHARIA LTDA.", "Valor Empenho": 220748.83, "Valor Empenho Cancelado": 0.0, "Valor Empenho Líquido": 220748.83, "Valor Empenho Liquidado": 220748.83, "Valor Empenho Pago": 220748.83, "Equipamento 1": "Unidade de Saúde", "Equipamento 2": "UBS Primavera Colorado", "Endereço": "R. Antônio Ribeiro Macedo, 264 - Jardim Porteira Grande", "Região": "Leste", "Extensão (m)": null, "Trecho (Recap)": null, "lon": -46.522950243066063, "lat": -23.586513575087 }, "geometry": { "type": "Point", "coordinates": [ -46.522950243066063, -23.586513575087 ] } },
{ "type": "Feature", "properties": { "Ano": 2024.0, "Nota Empenho": "105895/2024", "Nota Reserva": "65496/2024", "Ata CMDP": null, "Processo SEI": 6018202400134717.0, "Unidade": "SMS", "Função": "10 - SAÚDE", "Sub Função": "302 - ASSISTÊNCIA HOSPITALAR E AMBULATORIAL", "Programa": "3026 - AÇÕES E SERVIÇOS DA SAÚDE EM ATENÇÃO HOSPITALAR E DE URGÊNCIA E EMERGÊNCIA", "Atividade": "1536 - AMPLIAÇÃO, REFORMA E REQUALIFICAÇÃO DE EQUIPAMENTOS EM ATENÇÃO HOSPITALAR E DE URGÊNCIA E EMERGÊNCIA", "Sub Elemento Despesa": "Obras em Andamento - Uso Comum do Povo", "Item Despesa": "Hospitais e similares", "Observação Empenho": "SMS - CONTRATAÇÃO DE EMPRESA ESPECIALIZADA PARA A PRESTAÇÃO DE SERVIÇOS DE REPAROS, ADEQUAÇÕES PONTUAIS E PEQUENOS SERVIÇOS DE ENGENHARIA – LOTE 07 - SUDESTE 2 - HOSPITAL MUNICIPAL BRIGADEIRO (1º E 2º ANDAR) – EXERCÍCIO 2024.", "Contrato": "27617/2024", "Credor Nome": "M A S CONSTRUCOES E EMPREENDIMENTOS LIMITADA", "Valor Empenho": 22454.52, "Valor Empenho Cancelado": 0.0, "Valor Empenho Líquido": 22454.52, "Valor Empenho Liquidado": 22454.52, "Valor Empenho Pago": 22454.52, "Equipamento 1": "Unidade de Saúde", "Equipamento 2": "HOSPITAL MUNICIPAL BRIGADEIRO", "Endereço": "Av. Brigadeiro Luís Antônio, 4805 - Jardim Paulista", "Região": "Oeste", "Extensão (m)": null, "Trecho (Recap)": null, "lon": -46.667421430533317, "lat": -23.582484892963901 }, "geometry": { "type": "Point", "coordinates": [ -46.667421430533317, -23.582484892963901 ] } },
{ "type": "Feature", "properties": { "Ano": 2024.0, "Nota Empenho": "105896/2024", "Nota Reserva": "65497/2024", "Ata CMDP": null, "Processo SEI": 6018202400134717.0, "Unidade": "SMS", "Função": "10 - SAÚDE", "Sub Função": "302 - ASSISTÊNCIA HOSPITALAR E AMBULATORIAL", "Programa": "3026 - AÇÕES E SERVIÇOS DA SAÚDE EM ATENÇÃO HOSPITALAR E DE URGÊNCIA E EMERGÊNCIA", "Atividade": "1536 - AMPLIAÇÃO, REFORMA E REQUALIFICAÇÃO DE EQUIPAMENTOS EM ATENÇÃO HOSPITALAR E DE URGÊNCIA E EMERGÊNCIA", "Sub Elemento Despesa": "Obras em Andamento - Uso Comum do Povo", "Item Despesa": "Hospitais e similares", "Observação Empenho": "SMS - CONTRATAÇÃO DE EMPRESA ESPECIALIZADA PARA A PRESTAÇÃO DE SERVIÇOS DE REPAROS, ADEQUAÇÕES PONTUAIS E PEQUENOS SERVIÇOS DE ENGENHARIA – LOTE 07 - SUDESTE 2 - HOSPITAL MUNICIPAL BRIGADEIRO (1º E 2º ANDAR) – EXERCÍCIO 2024.", "Contrato": "27617/2024", "Credor Nome": "M A S CONSTRUCOES E EMPREENDIMENTOS LIMITADA", "Valor Empenho": 1862696.63, "Valor Empenho Cancelado": 0.0, "Valor Empenho Líquido": 1862696.63, "Valor Empenho Liquidado": 1862696.63, "Valor Empenho Pago": 1862696.63, "Equipamento 1": "Unidade de Saúde", "Equipamento 2": "HOSPITAL MUNICIPAL BRIGADEIRO", "Endereço": "Av. Brigadeiro Luís Antônio, 4805 - Jardim Paulista", "Região": "Oeste", "Extensão (m)": null, "Trecho (Recap)": null, "lon": -46.667421430533317, "lat": -23.582484892963901 }, "geometry": { "type": "Point", "coordinates": [ -46.667421430533317, -23.582484892963901 ] } },
{ "type": "Feature", "properties": { "Ano": 2024.0, "Nota Empenho": "105897/2024", "Nota Reserva": "65500/2024", "Ata CMDP": null, "Processo SEI": 6018202400134717.0, "Unidade": "SMS", "Função": "10 - SAÚDE", "Sub Função": "302 - ASSISTÊNCIA HOSPITALAR E AMBULATORIAL", "Programa": "3026 - AÇÕES E SERVIÇOS DA SAÚDE EM ATENÇÃO HOSPITALAR E DE URGÊNCIA E EMERGÊNCIA", "Atividade": "1536 - AMPLIAÇÃO, REFORMA E REQUALIFICAÇÃO DE EQUIPAMENTOS EM ATENÇÃO HOSPITALAR E DE URGÊNCIA E EMERGÊNCIA", "Sub Elemento Despesa": "Obras em Andamento - Uso Comum do Povo", "Item Despesa": "Hospitais e similares", "Observação Empenho": "SMS - CONTRATAÇÃO DE EMPRESA ESPECIALIZADA PARA A PRESTAÇÃO DE SERVIÇOS DE REPAROS, ADEQUAÇÕES PONTUAIS E PEQUENOS SERVIÇOS DE ENGENHARIA – LOTE 07 - SUDESTE 2 - HOSPITAL MUNICIPAL BRIGADEIRO (1º E 2º ANDAR) – EXERCÍCIO 2024.", "Contrato": "27617/2024", "Credor Nome": "M A S CONSTRUCOES E EMPREENDIMENTOS LIMITADA", "Valor Empenho": 1613221.75, "Valor Empenho Cancelado": 0.0, "Valor Empenho Líquido": 1613221.75, "Valor Empenho Liquidado": 1612793.94, "Valor Empenho Pago": 1416951.01, "Equipamento 1": "Unidade de Saúde", "Equipamento 2": "HOSPITAL MUNICIPAL BRIGADEIRO", "Endereço": "Av. Brigadeiro Luís Antônio, 4805 - Jardim Paulista", "Região": "Oeste", "Extensão (m)": null, "Trecho (Recap)": null, "lon": -46.667421430533317, "lat": -23.582484892963901 }, "geometry": { "type": "Point", "coordinates": [ -46.667421430533317, -23.582484892963901 ] } },
{ "type": "Feature", "properties": { "Ano": 2024.0, "Nota Empenho": "109547/2024", "Nota Reserva": "70505/2024", "Ata CMDP": null, "Processo SEI": 6018202301061266.0, "Unidade": "SMS", "Função": "10 - SAÚDE", "Sub Função": "301 - ATENÇÃO BÁSICA", "Programa": "3003 - AÇÕES E SERVIÇOS DA SAÚDE EM ATENÇÃO BÁSICA, ESPECIALIDADES E VIGILÂNCIA", "Atividade": "1526 - AMPLIAÇÃO, REFORMA E REQUALIFICAÇÃO DE EQUIPAMENTOS DE ATENÇÃO BÁSICA E ESPECIALIDADES", "Sub Elemento Despesa": "Obras em Andamento - Uso Comum do Povo", "Item Despesa": "Hospitais e similares", "Observação Empenho": "SMS - CONTRATAÇÃO DE EMPRESA ESPECIALIZADA PARA A PRESTAÇÃO DE SERVIÇOS DE REPAROS, ADEQUAÇÕES PONTUAIS E PEQUENOS SERVIÇOS DE ENGENHARIA NA UNIDADE AMB ESPEC CECI Dr. ALEXANDRE KALIL YASBEK – (LOTE 7 – Sudeste 2- ETAPA 1). - EXERCÍCIO 2024.", "Contrato": "38075/2023", "Credor Nome": "M A S CONSTRUCOES E EMPREENDIMENTOS LIMITADA", "Valor Empenho": 262371.91, "Valor Empenho Cancelado": 0.0, "Valor Empenho Líquido": 262371.91, "Valor Empenho Liquidado": 262371.91, "Valor Empenho Pago": 262371.91, "Equipamento 1": "Unidade de Saúde", "Equipamento 2": "Ambulatório de Especialidades Posto Ceci Dr. Alexandre Kalil Yasbek", "Endereço": "avenida Ceci, 2235 – Planalto Paulista - Vila Mariana", "Região": "Sul", "Extensão (m)": null, "Trecho (Recap)": null, "lon": -46.646093544027437, "lat": -23.628396673952722 }, "geometry": { "type": "Point", "coordinates": [ -46.646093544027437, -23.628396673952722 ] } },
{ "type": "Feature", "properties": { "Ano": 2024.0, "Nota Empenho": "115575/2024", "Nota Reserva": "55237/2024", "Ata CMDP": null, "Processo SEI": 6018202400260364.0, "Unidade": "SMS", "Função": "10 - SAÚDE", "Sub Função": "301 - ATENÇÃO BÁSICA", "Programa": "3003 - AÇÕES E SERVIÇOS DA SAÚDE EM ATENÇÃO BÁSICA, ESPECIALIDADES E VIGILÂNCIA", "Atividade": "1526 - AMPLIAÇÃO, REFORMA E REQUALIFICAÇÃO DE EQUIPAMENTOS DE ATENÇÃO BÁSICA E ESPECIALIDADES", "Sub Elemento Despesa": "Serviços de Assistência à Saúde", "Item Despesa": "Obras e Reformas em Imóvel da OS ou de Terceiros", "Observação Empenho": "CG R002/14 - TA 195/2024 - Inclusão de recurso de INVESTIMENTO, para adequações físicas na UBS Vila Natal, no mês de julho 2024.", "Contrato": "21189/2018", "Credor Nome": "ASSOCIAÇÃO SAUDE DA FAMILIA", "Valor Empenho": 249998.95, "Valor Empenho Cancelado": 0.0, "Valor Empenho Líquido": 249998.95, "Valor Empenho Liquidado": 249998.95, "Valor Empenho Pago": 249998.95, "Equipamento 1": "Unidade de Saúde", "Equipamento 2": "UBS Vila Natal", "Endereço": "Av. Profa. Marta Maria Bernardes, 246 - Vila Natal", "Região": "Sul", "Extensão (m)": null, "Trecho (Recap)": null, "lon": -46.707344413495363, "lat": -23.763783330144602 }, "geometry": { "type": "Point", "coordinates": [ -46.707344413495363, -23.763783330144602 ] } },
{ "type": "Feature", "properties": { "Ano": 2024.0, "Nota Empenho": "118482/2024", "Nota Reserva": "20002/2024", "Ata CMDP": null, "Processo SEI": 7610202300043656.0, "Unidade": "COHAB", "Função": "16 - HABITAÇÃO", "Sub Função": "482 - HABITAÇÃO URBANA", "Programa": "3002 - ACESSO À MORADIA ADEQUADA", "Atividade": "3356 - REGULARIZAÇÃO FUNDIÁRIA", "Sub Elemento Despesa": "SERVIÇOS TÉCNICOS PROFISSIONAIS", "Item Despesa": "Avaliação Ambiental", "Observação Empenho": "Serviços de elaboração de Estudo Técnico Ambiental com o Levantamento de Uso e Ocupação do solo, com as interferências existentes e Consolidação de Estudos Ambientais, da área denominada Minas Gás - ARP n° 001/COHAB-SP/22 - DITEC", "Contrato": "30878/2024", "Credor Nome": "CONAM  CONSULTORIA AMBIENTAL LTDA", "Valor Empenho": 48495.68, "Valor Empenho Cancelado": 0.0, "Valor Empenho Líquido": 48495.68, "Valor Empenho Liquidado": 48495.68, "Valor Empenho Pago": 48495.68, "Equipamento 1": "Unidade de Habitação", "Equipamento 2": "COHAB Minas Gás", "Endereço": "R. Cel. Euclides Machado - Jardim das Gracas", "Região": "Norte", "Extensão (m)": null, "Trecho (Recap)": null, "lon": -46.68695385951392, "lat": -23.506287056541598 }, "geometry": { "type": "Point", "coordinates": [ -46.68695385951392, -23.506287056541598 ] } },
{ "type": "Feature", "properties": { "Ano": 2024.0, "Nota Empenho": "123900/2024", "Nota Reserva": "22035/2024", "Ata CMDP": null, "Processo SEI": 7610202400016332.0, "Unidade": "COHAB", "Função": "16 - HABITAÇÃO", "Sub Função": "482 - HABITAÇÃO URBANA", "Programa": "3002 - ACESSO À MORADIA ADEQUADA", "Atividade": "3356 - REGULARIZAÇÃO FUNDIÁRIA", "Sub Elemento Despesa": "Manutenção e Conservação de Bens Imóveis", "Item Despesa": "Manutenção e Reformas de Bens Imóveis", "Observação Empenho": "Serviços gerais de manutenção preventiva, corretiva, reparações, adequações e modificações relativos ao 2º escalão, com fornecimento de materiais e mão de obra especializada, no Res. Palacete dos Artistas - DITEC", "Contrato": "16821/2024", "Credor Nome": "LEMAM CONSTRUCOES E COMERCIO SA", "Valor Empenho": 447757.95, "Valor Empenho Cancelado": 235688.25, "Valor Empenho Líquido": 447757.95, "Valor Empenho Liquidado": 0.0, "Valor Empenho Pago": 0.0, "Equipamento 1": "Unidade de Habitação", "Equipamento 2": "COHAB Res. Palacete dos Artistas", "Endereço": "Av. São João, 605 - Centro Histórico de São Paulo", "Região": "Centro", "Extensão (m)": null, "Trecho (Recap)": null, "lon": -46.639979973009282, "lat": -23.542506751281707 }, "geometry": { "type": "Point", "coordinates": [ -46.639979973009282, -23.542506751281707 ] } },
{ "type": "Feature", "properties": { "Ano": 2024.0, "Nota Empenho": "126736/2024", "Nota Reserva": "82559/2024", "Ata CMDP": null, "Processo SEI": 6018202000439855.0, "Unidade": "SMS", "Função": "10 - SAÚDE", "Sub Função": "301 - ATENÇÃO BÁSICA", "Programa": "3003 - AÇÕES E SERVIÇOS DA SAÚDE EM ATENÇÃO BÁSICA, ESPECIALIDADES E VIGILÂNCIA", "Atividade": "1526 - AMPLIAÇÃO, REFORMA E REQUALIFICAÇÃO DE EQUIPAMENTOS DE ATENÇÃO BÁSICA E ESPECIALIDADES", "Sub Elemento Despesa": "Serviços de Assistência à Saúde", "Item Despesa": "Obras e Reformas em Imóvel da OS ou de Terceiros", "Observação Empenho": "CG R024/20 - TA 110/2024 - Inclusão de recurso de INVESTIMENTO, para reforma/ adequações físicas a UBS Vila Constância, no período de setembro de 2024.", "Contrato": "19365/2020", "Credor Nome": "INSTITUTO NACIONAL DE TECNOLOGIA E SAUDE", "Valor Empenho": 249999.72, "Valor Empenho Cancelado": 0.0, "Valor Empenho Líquido": 249999.72, "Valor Empenho Liquidado": 249999.72, "Valor Empenho Pago": 249999.72, "Equipamento 1": "Unidade de Saúde", "Equipamento 2": "UBS Vila Constância", "Endereço": "R. Hermenegildo Martini, s/n - Vila Constancia", "Região": "Norte", "Extensão (m)": null, "Trecho (Recap)": null, "lon": -46.666445630530603, "lat": -23.673406107022419 }, "geometry": { "type": "Point", "coordinates": [ -46.666445630530603, -23.673406107022419 ] } },
{ "type": "Feature", "properties": { "Ano": 2024.0, "Nota Empenho": "56607/2024", "Nota Reserva": "34447/2024", "Ata CMDP": null, "Processo SEI": 6018202100923155.0, "Unidade": "SMS", "Função": "10 - SAÚDE", "Sub Função": "302 - ASSISTÊNCIA HOSPITALAR E AMBULATORIAL", "Programa": "3026 - AÇÕES E SERVIÇOS DA SAÚDE EM ATENÇÃO HOSPITALAR E DE URGÊNCIA E EMERGÊNCIA", "Atividade": "1535 - CONSTRUÇÃO E IMPLANTAÇÃO DE EQUIPAMENTOS EM ATENÇÃO HOSPITALAR E DE URGÊNCIA E EMERGÊNCIA", "Sub Elemento Despesa": "Obras em Andamento - Uso Comum do Povo", "Item Despesa": "Hospitais e similares", "Observação Empenho": "pagamento de despesa para construção da unidade UPA Lapa - PPP-05-01/2022 (NRT 34.447/2024) DIPFH", "Contrato": "5417/2022", "Credor Nome": "UNO HABITACAO SA", "Valor Empenho": 339256.76, "Valor Empenho Cancelado": 0.0, "Valor Empenho Líquido": 339256.76, "Valor Empenho Liquidado": 339256.76, "Valor Empenho Pago": 339256.76, "Equipamento 1": "Unidade de Saúde", "Equipamento 2": "UPA Lapa", "Endereço": "Av. Queiroz Filho - Vila Hamburguesa", "Região": "Oeste", "Extensão (m)": null, "Trecho (Recap)": null, "lon": -46.722552492328496, "lat": -23.537746278816016 }, "geometry": { "type": "Point", "coordinates": [ -46.722552492328496, -23.537746278816016 ] } },
{ "type": "Feature", "properties": { "Ano": 2024.0, "Nota Empenho": "56715/2024", "Nota Reserva": "34439/2024", "Ata CMDP": null, "Processo SEI": 6018202100949189.0, "Unidade": "SMS", "Função": "10 - SAÚDE", "Sub Função": "301 - ATENÇÃO BÁSICA", "Programa": "3003 - AÇÕES E SERVIÇOS DA SAÚDE EM ATENÇÃO BÁSICA, ESPECIALIDADES E VIGILÂNCIA", "Atividade": "1525 - CONSTRUÇÃO E IMPLANTAÇÃO DE EQUIPAMENTOS DE ATENÇÃO BÁSICA E ESPECIALIDADES", "Sub Elemento Despesa": "Obras em Andamento - Uso Comum do Povo", "Item Despesa": "Hospitais e similares", "Observação Empenho": "pagamento de despesa para construção da unidade UBS Caju - PPP-05-02/2022 (NRT 34.439) DIPFH", "Contrato": "5401/2022", "Credor Nome": "UNO HABITACAO SA", "Valor Empenho": 1000000.0, "Valor Empenho Cancelado": 11661.68, "Valor Empenho Líquido": 988338.32, "Valor Empenho Liquidado": 988338.32, "Valor Empenho Pago": 988338.32, "Equipamento 1": "Unidade de Saúde", "Equipamento 2": "UBS Caju", "Endereço": "R. Floresto Bandecchi - Jaguaré", "Região": "Oeste", "Extensão (m)": null, "Trecho (Recap)": null, "lon": -46.753418932801907, "lat": -23.544927892600384 }, "geometry": { "type": "Point", "coordinates": [ -46.753418932801907, -23.544927892600384 ] } },
{ "type": "Feature", "properties": { "Ano": 2024.0, "Nota Empenho": "56792/2024", "Nota Reserva": "34455/2024", "Ata CMDP": null, "Processo SEI": 6018202100923554.0, "Unidade": "SMS", "Função": "10 - SAÚDE", "Sub Função": "302 - ASSISTÊNCIA HOSPITALAR E AMBULATORIAL", "Programa": "3026 - AÇÕES E SERVIÇOS DA SAÚDE EM ATENÇÃO HOSPITALAR E DE URGÊNCIA E EMERGÊNCIA", "Atividade": "1536 - AMPLIAÇÃO, REFORMA E REQUALIFICAÇÃO DE EQUIPAMENTOS EM ATENÇÃO HOSPITALAR E DE URGÊNCIA E EMERGÊNCIA", "Sub Elemento Despesa": "Obras em Andamento - Uso Comum do Povo", "Item Despesa": "Hospitais e similares", "Observação Empenho": "pagamento de despesa para reforma e adequação da unidade UPA Sacomã (US) - PPP-01-03/2022 (NRT 34.455) DIPFH", "Contrato": "5441/2022", "Credor Nome": "HABITA SAO PAULO S.A.", "Valor Empenho": 1800000.0, "Valor Empenho Cancelado": 0.0, "Valor Empenho Líquido": 1800000.0, "Valor Empenho Liquidado": 1800000.0, "Valor Empenho Pago": 1800000.0, "Equipamento 1": "Unidade de Saúde", "Equipamento 2": "UBS Sacomã", "Endereço": "Estr. das Lágrimas - Sacomã", "Região": "Sul", "Extensão (m)": null, "Trecho (Recap)": null, "lon": -46.593738875127187, "lat": -23.613710431159067 }, "geometry": { "type": "Point", "coordinates": [ -46.593738875127187, -23.613710431159067 ] } },
{ "type": "Feature", "properties": { "Ano": 2024.0, "Nota Empenho": "56803/2024", "Nota Reserva": "34453/2024", "Ata CMDP": null, "Processo SEI": 6018202100923350.0, "Unidade": "SMS", "Função": "10 - SAÚDE", "Sub Função": "302 - ASSISTÊNCIA HOSPITALAR E AMBULATORIAL", "Programa": "3026 - AÇÕES E SERVIÇOS DA SAÚDE EM ATENÇÃO HOSPITALAR E DE URGÊNCIA E EMERGÊNCIA", "Atividade": "1536 - AMPLIAÇÃO, REFORMA E REQUALIFICAÇÃO DE EQUIPAMENTOS EM ATENÇÃO HOSPITALAR E DE URGÊNCIA E EMERGÊNCIA", "Sub Elemento Despesa": "Obras em Andamento - Uso Comum do Povo", "Item Despesa": "Hospitais e similares", "Observação Empenho": "pagamento de despesa para reforma e adequação da unidade UPA Augusto Gomes de Matos - PPP-01-02/2022 (NRT 34.453) DIPFH", "Contrato": "5389/2022", "Credor Nome": "HABITA SAO PAULO S.A.", "Valor Empenho": 400000.0, "Valor Empenho Cancelado": 0.0, "Valor Empenho Líquido": 400000.0, "Valor Empenho Liquidado": 400000.0, "Valor Empenho Pago": 400000.0, "Equipamento 1": "Unidade de Saúde", "Equipamento 2": "UPA Augusto Gomes de Matos", "Endereço": "Rua Júlio Felipe Guedes - Sacoma", "Região": "Sul", "Extensão (m)": null, "Trecho (Recap)": null, "lon": -46.607613246290441, "lat": -23.633434394744985 }, "geometry": { "type": "Point", "coordinates": [ -46.607613246290441, -23.633434394744985 ] } },
{ "type": "Feature", "properties": { "Ano": 2024.0, "Nota Empenho": "56808/2024", "Nota Reserva": "34455/2024", "Ata CMDP": null, "Processo SEI": 6018202200391783.0, "Unidade": "SMS", "Função": "10 - SAÚDE", "Sub Função": "302 - ASSISTÊNCIA HOSPITALAR E AMBULATORIAL", "Programa": "3026 - AÇÕES E SERVIÇOS DA SAÚDE EM ATENÇÃO HOSPITALAR E DE URGÊNCIA E EMERGÊNCIA", "Atividade": "1536 - AMPLIAÇÃO, REFORMA E REQUALIFICAÇÃO DE EQUIPAMENTOS EM ATENÇÃO HOSPITALAR E DE URGÊNCIA E EMERGÊNCIA", "Sub Elemento Despesa": "Obras em Andamento - Uso Comum do Povo", "Item Despesa": "Hospitais e similares", "Observação Empenho": "pagamento de despesa para reforma e adequação da unidade UPA - Centro Oncológico Bruno Covas - PPP-01-04/2022 (NRT 34.455) DIPFH", "Contrato": "32301/2022", "Credor Nome": "HABITA SAO PAULO S.A.", "Valor Empenho": 404167.78, "Valor Empenho Cancelado": 0.0, "Valor Empenho Líquido": 404167.78, "Valor Empenho Liquidado": 404167.78, "Valor Empenho Pago": 404167.78, "Equipamento 1": "Unidade de Saúde", "Equipamento 2": "UPA - Centro Oncológico Bruno Covas", "Endereço": "Estr. Dr. Miguel Viêira Ferreira - Jardim Planalto", "Região": "Oeste", "Extensão (m)": null, "Trecho (Recap)": null, "lon": -46.840859837329297, "lat": -23.559428152804305 }, "geometry": { "type": "Point", "coordinates": [ -46.840859837329297, -23.559428152804305 ] } },
{ "type": "Feature", "properties": { "Ano": 2024.0, "Nota Empenho": "59922/2024", "Nota Reserva": "30763/2024", "Ata CMDP": null, "Processo SEI": 6018202301204687.0, "Unidade": "SMS", "Função": "10 - SAÚDE", "Sub Função": "302 - ASSISTÊNCIA HOSPITALAR E AMBULATORIAL", "Programa": "3026 - AÇÕES E SERVIÇOS DA SAÚDE EM ATENÇÃO HOSPITALAR E DE URGÊNCIA E EMERGÊNCIA", "Atividade": "1536 - AMPLIAÇÃO, REFORMA E REQUALIFICAÇÃO DE EQUIPAMENTOS EM ATENÇÃO HOSPITALAR E DE URGÊNCIA E EMERGÊNCIA", "Sub Elemento Despesa": "SERVIÇOS TÉCNICOS PROFISSIONAIS", "Item Despesa": "Avaliação Ambiental", "Observação Empenho": "SMS - CONTRATAÇÃO DE ESTUDO DE CONTAMINAÇÃO DO SOLO PARA O SAMU NUCLEO A (ANTIGO DETRAN) - AVENIDA DO ESTADO, 960 - BOM RETIRO.", "Contrato": "14371/2024", "Credor Nome": "WEBER CONSULTORIA E ENGENHARIA AMBIENTAL LIMITADA", "Valor Empenho": 1284710.19, "Valor Empenho Cancelado": 66247.02, "Valor Empenho Líquido": 1218463.17, "Valor Empenho Liquidado": 1218463.17, "Valor Empenho Pago": 1218463.17, "Equipamento 1": "Unidade de Saúde", "Equipamento 2": "SAMU nucleo A", "Endereço": "Av. do Estado- Bom Retiro", "Região": "Oeste", "Extensão (m)": null, "Trecho (Recap)": null, "lon": -46.631865003966311, "lat": -23.524129964756728 }, "geometry": { "type": "Point", "coordinates": [ -46.631865003966311, -23.524129964756728 ] } },
{ "type": "Feature", "properties": { "Ano": 2024.0, "Nota Empenho": "59958/2024", "Nota Reserva": "30763/2024", "Ata CMDP": null, "Processo SEI": 6018202301204644.0, "Unidade": "SMS", "Função": "10 - SAÚDE", "Sub Função": "302 - ASSISTÊNCIA HOSPITALAR E AMBULATORIAL", "Programa": "3026 - AÇÕES E SERVIÇOS DA SAÚDE EM ATENÇÃO HOSPITALAR E DE URGÊNCIA E EMERGÊNCIA", "Atividade": "1536 - AMPLIAÇÃO, REFORMA E REQUALIFICAÇÃO DE EQUIPAMENTOS EM ATENÇÃO HOSPITALAR E DE URGÊNCIA E EMERGÊNCIA", "Sub Elemento Despesa": "SERVIÇOS TÉCNICOS PROFISSIONAIS", "Item Despesa": "Avaliação Ambiental", "Observação Empenho": "SMS - CONTRATAÇÃO DE ESTUDO DE CONTAMINAÇÃO DO SOLO PARA O HOSPITAL MUNICIPAL DR. CARMINO CARICCHIO (TATUAPÉ) - AVENIDA CELSO GARCIA, 4815 - TATUAPÉ.", "Contrato": "14380/2024", "Credor Nome": "WEBER CONSULTORIA E ENGENHARIA AMBIENTAL LIMITADA", "Valor Empenho": 1099929.94, "Valor Empenho Cancelado": 62742.58, "Valor Empenho Líquido": 1037187.36, "Valor Empenho Liquidado": 1037187.36, "Valor Empenho Pago": 1037187.36, "Equipamento 1": "Unidade de Saúde", "Equipamento 2": "Hospital Municipal do Tatuapé - Dr. Cármino Caricchio", "Endereço": "Av. Celso Garcia - Tatuapé", "Região": "Leste", "Extensão (m)": null, "Trecho (Recap)": null, "lon": -46.566328446293412, "lat": -23.533208561357178 }, "geometry": { "type": "Point", "coordinates": [ -46.566328446293412, -23.533208561357178 ] } },
{ "type": "Feature", "properties": { "Ano": 2024.0, "Nota Empenho": "60013/2024", "Nota Reserva": "30763/2024", "Ata CMDP": null, "Processo SEI": 6018202301204695.0, "Unidade": "SMS", "Função": "10 - SAÚDE", "Sub Função": "302 - ASSISTÊNCIA HOSPITALAR E AMBULATORIAL", "Programa": "3026 - AÇÕES E SERVIÇOS DA SAÚDE EM ATENÇÃO HOSPITALAR E DE URGÊNCIA E EMERGÊNCIA", "Atividade": "1536 - AMPLIAÇÃO, REFORMA E REQUALIFICAÇÃO DE EQUIPAMENTOS EM ATENÇÃO HOSPITALAR E DE URGÊNCIA E EMERGÊNCIA", "Sub Elemento Despesa": "SERVIÇOS TÉCNICOS PROFISSIONAIS", "Item Despesa": "Avaliação Ambiental", "Observação Empenho": "SMS - CONTRATAÇÃO DE ESTUDO DE CONTAMINAÇÃO DO SOLO PARA O SAMU NUCLEO B (ANTIGO DETRAN) - AVENIDA DO ESTADO, 960 - BOM RETIRO.", "Contrato": "14392/2024", "Credor Nome": "WEBER CONSULTORIA E ENGENHARIA AMBIENTAL LIMITADA", "Valor Empenho": 838612.86, "Valor Empenho Cancelado": 36216.76, "Valor Empenho Líquido": 802396.1, "Valor Empenho Liquidado": 802396.1, "Valor Empenho Pago": 802396.1, "Equipamento 1": "Unidade de Saúde", "Equipamento 2": "SAMU nucleo B", "Endereço": "Av. do Estado- Bom Retiro", "Região": "Oeste", "Extensão (m)": null, "Trecho (Recap)": null, "lon": -46.631865003966311, "lat": -23.524129964756728 }, "geometry": { "type": "Point", "coordinates": [ -46.631865003966311, -23.524129964756728 ] } },
{ "type": "Feature", "properties": { "Ano": 2024.0, "Nota Empenho": "60123/2024", "Nota Reserva": "30763/2024", "Ata CMDP": null, "Processo SEI": 6018202301204636.0, "Unidade": "SMS", "Função": "10 - SAÚDE", "Sub Função": "302 - ASSISTÊNCIA HOSPITALAR E AMBULATORIAL", "Programa": "3026 - AÇÕES E SERVIÇOS DA SAÚDE EM ATENÇÃO HOSPITALAR E DE URGÊNCIA E EMERGÊNCIA", "Atividade": "1536 - AMPLIAÇÃO, REFORMA E REQUALIFICAÇÃO DE EQUIPAMENTOS EM ATENÇÃO HOSPITALAR E DE URGÊNCIA E EMERGÊNCIA", "Sub Elemento Despesa": "SERVIÇOS TÉCNICOS PROFISSIONAIS", "Item Despesa": "Avaliação Ambiental", "Observação Empenho": "SMS - CONTRATAÇÃO DE ESTUDO DE CONTAMINAÇÃO DO SOLO PARA O HOSPITAL MUNICIPAL Dr. FERNANDO MAURO PIRES DA ROCHA. (CAMPO LIMPO). – EXERCÍCIO DE 2024.", "Contrato": "14416/2024", "Credor Nome": "WEBER CONSULTORIA E ENGENHARIA AMBIENTAL LIMITADA", "Valor Empenho": 1286150.59, "Valor Empenho Cancelado": 44660.19, "Valor Empenho Líquido": 1241490.4, "Valor Empenho Liquidado": 1241490.4, "Valor Empenho Pago": 1241490.4, "Equipamento 1": "Unidade de Saúde", "Equipamento 2": "Hospital Municipal do Campo Limpo Dr. Fernando Mauro Pires da Rocha Pronto Atendimento", "Endereço": "R. Thereza Mouco de Oliveira - Vila Maracana", "Região": "Sul", "Extensão (m)": null, "Trecho (Recap)": null, "lon": -46.749340092325141, "lat": -23.649317801198965 }, "geometry": { "type": "Point", "coordinates": [ -46.749340092325141, -23.649317801198965 ] } },
{ "type": "Feature", "properties": { "Ano": 2024.0, "Nota Empenho": "60170/2024", "Nota Reserva": "30763/2024", "Ata CMDP": null, "Processo SEI": 6018202301204733.0, "Unidade": "SMS", "Função": "10 - SAÚDE", "Sub Função": "302 - ASSISTÊNCIA HOSPITALAR E AMBULATORIAL", "Programa": "3026 - AÇÕES E SERVIÇOS DA SAÚDE EM ATENÇÃO HOSPITALAR E DE URGÊNCIA E EMERGÊNCIA", "Atividade": "1536 - AMPLIAÇÃO, REFORMA E REQUALIFICAÇÃO DE EQUIPAMENTOS EM ATENÇÃO HOSPITALAR E DE URGÊNCIA E EMERGÊNCIA", "Sub Elemento Despesa": "SERVIÇOS TÉCNICOS PROFISSIONAIS", "Item Despesa": "Avaliação Ambiental", "Observação Empenho": "SMS - CONTRATAÇÃO DE ESTUDO DE CONTAMINAÇÃO DO SOLO PARA O IPREM – INSTITUTO DE PREVIDÊNCIA MUNICIPAL DE SÃO PAULO. – EXERCÍCIO DE 2024.", "Contrato": "14424/2024", "Credor Nome": "WEBER CONSULTORIA E ENGENHARIA AMBIENTAL LIMITADA", "Valor Empenho": 850980.19, "Valor Empenho Cancelado": 71123.8, "Valor Empenho Líquido": 779856.39, "Valor Empenho Liquidado": 779856.39, "Valor Empenho Pago": 779856.39, "Equipamento 1": "Equipamento Administrativo", "Equipamento 2": "IPREM - Instituto de Previdência Municipal São Paulo", "Endereço": "Praça do Patriarca - Centro Histórico ", "Região": "Centro", "Extensão (m)": null, "Trecho (Recap)": null, "lon": -46.636785875129455, "lat": -23.54785585586994 }, "geometry": { "type": "Point", "coordinates": [ -46.636785875129455, -23.54785585586994 ] } },
{ "type": "Feature", "properties": { "Ano": 2024.0, "Nota Empenho": "61610/2024", "Nota Reserva": "34445/2024", "Ata CMDP": null, "Processo SEI": 6018202301194215.0, "Unidade": "SMS", "Função": "10 - SAÚDE", "Sub Função": "301 - ATENÇÃO BÁSICA", "Programa": "3003 - AÇÕES E SERVIÇOS DA SAÚDE EM ATENÇÃO BÁSICA, ESPECIALIDADES E VIGILÂNCIA", "Atividade": "1526 - AMPLIAÇÃO, REFORMA E REQUALIFICAÇÃO DE EQUIPAMENTOS DE ATENÇÃO BÁSICA E ESPECIALIDADES", "Sub Elemento Despesa": "Obras em Andamento - Uso Comum do Povo", "Item Despesa": "Hospitais e similares", "Observação Empenho": "SMS - CONTRATAÇÃO DE EMPRESA ESPEC. PARA A PRESTAÇÃO DE SERV. DE REPAROS, ADEQUAÇÕES PONTUAIS E PEQUENOS SERV. DE ENG. NOS PRÉDIOS OCUPADOS PELA SMS, COM FORNEC. DE MATERIAL E MÃO DE OBRA – LOTE 06 - SUDESTE 1 - AMA/UBS ENG. - DR. JOSE PIRES - EXERC 2024.", "Contrato": "14769/2024", "Credor Nome": "CONSITEC  ENGENHARIA E TECNOLOGIA LTDA", "Valor Empenho": 1261801.99, "Valor Empenho Cancelado": 62828.08, "Valor Empenho Líquido": 1261801.99, "Valor Empenho Liquidado": 1185803.25, "Valor Empenho Pago": 861211.9, "Equipamento 1": "Unidade de Saúde", "Equipamento 2": "AMA Engenheiro Goulart - Doutor José Pires", "Endereço": "Rua Augusto Correa Leite - Eng. Goulart", "Região": "Leste", "Extensão (m)": null, "Trecho (Recap)": null, "lon": -46.51679211745828, "lat": -23.500200134736151 }, "geometry": { "type": "Point", "coordinates": [ -46.51679211745828, -23.500200134736151 ] } },
{ "type": "Feature", "properties": { "Ano": 2024.0, "Nota Empenho": "61977/2024", "Nota Reserva": "30763/2024", "Ata CMDP": null, "Processo SEI": 6018202301203931.0, "Unidade": "SMS", "Função": "10 - SAÚDE", "Sub Função": "302 - ASSISTÊNCIA HOSPITALAR E AMBULATORIAL", "Programa": "3026 - AÇÕES E SERVIÇOS DA SAÚDE EM ATENÇÃO HOSPITALAR E DE URGÊNCIA E EMERGÊNCIA", "Atividade": "1536 - AMPLIAÇÃO, REFORMA E REQUALIFICAÇÃO DE EQUIPAMENTOS EM ATENÇÃO HOSPITALAR E DE URGÊNCIA E EMERGÊNCIA", "Sub Elemento Despesa": "SERVIÇOS TÉCNICOS PROFISSIONAIS", "Item Despesa": "Avaliação Ambiental", "Observação Empenho": "SMS - CONTRATAÇÃO DE ESTUDO DE CONTAMINAÇÃO DO SOLO PARA O HOSPITAL MUNICIPAL E MATERNIDADE – ESCOLA Dr. MÁRIO DE MORAES ALTENFELDER SILVA (CACHOEIRINHA). – EXERCÍCIO DE 2024.", "Contrato": "14890/2024", "Credor Nome": "CONAM  CONSULTORIA AMBIENTAL LTDA", "Valor Empenho": 756248.26, "Valor Empenho Cancelado": 281330.95, "Valor Empenho Líquido": 474917.31, "Valor Empenho Liquidado": 474917.31, "Valor Empenho Pago": 474917.31, "Equipamento 1": "Unidade de Saúde", "Equipamento 2": "Hospital e Maternidade Escola Doutor Mário de Moraes Altenfelder Silva", "Endereço": "Av. Dep. Emílio Carlos - Limão", "Região": "Norte", "Extensão (m)": null, "Trecho (Recap)": null, "lon": -46.671493048149088, "lat": -23.480255900240856 }, "geometry": { "type": "Point", "coordinates": [ -46.671493048149088, -23.480255900240856 ] } },
{ "type": "Feature", "properties": { "Ano": 2024.0, "Nota Empenho": "61986/2024", "Nota Reserva": "30763/2024", "Ata CMDP": null, "Processo SEI": 6018202301204539.0, "Unidade": "SMS", "Função": "10 - SAÚDE", "Sub Função": "302 - ASSISTÊNCIA HOSPITALAR E AMBULATORIAL", "Programa": "3026 - AÇÕES E SERVIÇOS DA SAÚDE EM ATENÇÃO HOSPITALAR E DE URGÊNCIA E EMERGÊNCIA", "Atividade": "1536 - AMPLIAÇÃO, REFORMA E REQUALIFICAÇÃO DE EQUIPAMENTOS EM ATENÇÃO HOSPITALAR E DE URGÊNCIA E EMERGÊNCIA", "Sub Elemento Despesa": "SERVIÇOS TÉCNICOS PROFISSIONAIS", "Item Despesa": "Avaliação Ambiental", "Observação Empenho": "SMS - CONTRATAÇÃO DE ESTUDO DE CONTAMINAÇÃO DO SOLO PARA O HOSPITAL MUNICIPAL Dr. ALÍPIO CORREA NETO. – EXERCÍCIO DE 2024.", "Contrato": "14897/2024", "Credor Nome": "CONAM  CONSULTORIA AMBIENTAL LTDA", "Valor Empenho": 644127.11, "Valor Empenho Cancelado": 139876.5, "Valor Empenho Líquido": 504250.61, "Valor Empenho Liquidado": 504250.61, "Valor Empenho Pago": 504250.61, "Equipamento 1": "Unidade de Saúde", "Equipamento 2": "Hospital Municipal Professor Doutor Alípio Corrêa Netto – Ermelino Matarazzo", "Endereço": "Alameda Rodrigo de Brum - Ermelino Matarazzo", "Região": "Leste", "Extensão (m)": null, "Trecho (Recap)": null, "lon": -46.472544032803441, "lat": -23.499616473929727 }, "geometry": { "type": "Point", "coordinates": [ -46.472544032803441, -23.499616473929727 ] } },
{ "type": "Feature", "properties": { "Ano": 2024.0, "Nota Empenho": "62000/2024", "Nota Reserva": "30763/2024", "Ata CMDP": null, "Processo SEI": 6018202301204563.0, "Unidade": "SMS", "Função": "10 - SAÚDE", "Sub Função": "302 - ASSISTÊNCIA HOSPITALAR E AMBULATORIAL", "Programa": "3026 - AÇÕES E SERVIÇOS DA SAÚDE EM ATENÇÃO HOSPITALAR E DE URGÊNCIA E EMERGÊNCIA", "Atividade": "1536 - AMPLIAÇÃO, REFORMA E REQUALIFICAÇÃO DE EQUIPAMENTOS EM ATENÇÃO HOSPITALAR E DE URGÊNCIA E EMERGÊNCIA", "Sub Elemento Despesa": "SERVIÇOS TÉCNICOS PROFISSIONAIS", "Item Despesa": "Avaliação Ambiental", "Observação Empenho": "SMS - CONTRATAÇÃO DE ESTUDO DE CONTAMINAÇÃO DO SOLO PARA O HOSPITAL MUNICIPAL Dr. WALDOMIRO DE PAULA. – EXERCÍCIO DE 2024.", "Contrato": "14903/2024", "Credor Nome": "CONAM  CONSULTORIA AMBIENTAL LTDA", "Valor Empenho": 623847.19, "Valor Empenho Cancelado": 190291.4, "Valor Empenho Líquido": 433555.79, "Valor Empenho Liquidado": 433555.79, "Valor Empenho Pago": 433555.79, "Equipamento 1": "Unidade de Saúde", "Equipamento 2": "Hospital Municipal Prof. Dr. Waldomiro de Paula", "Endereço": "R. Augusto Carlos Bauman - Itaquera", "Região": "Leste", "Extensão (m)": null, "Trecho (Recap)": null, "lon": -46.444518403966057, "lat": -23.5311322254705 }, "geometry": { "type": "Point", "coordinates": [ -46.444518403966057, -23.5311322254705 ] } },
{ "type": "Feature", "properties": { "Ano": 2024.0, "Nota Empenho": "62049/2024", "Nota Reserva": "30763/2024", "Ata CMDP": null, "Processo SEI": 6018202301203311.0, "Unidade": "SMS", "Função": "10 - SAÚDE", "Sub Função": "302 - ASSISTÊNCIA HOSPITALAR E AMBULATORIAL", "Programa": "3026 - AÇÕES E SERVIÇOS DA SAÚDE EM ATENÇÃO HOSPITALAR E DE URGÊNCIA E EMERGÊNCIA", "Atividade": "1536 - AMPLIAÇÃO, REFORMA E REQUALIFICAÇÃO DE EQUIPAMENTOS EM ATENÇÃO HOSPITALAR E DE URGÊNCIA E EMERGÊNCIA", "Sub Elemento Despesa": "SERVIÇOS TÉCNICOS PROFISSIONAIS", "Item Despesa": "Avaliação Ambiental", "Observação Empenho": "SMS - CONTRATAÇÃO DE EMPRESA ESPECIALIZADA PARA EXECUÇÃO DE SERVIÇOS GERAIS DE CONSULTORIA, GERENCIAMENTO E INVESTIGAÇÃO AMBIENTAL, COM FORNECIMENTO DE MATERIAIS E MÃO-DE-OBRA ESPECIALIZADA PARA O HOSPITAL CENTRAL SOROCABANA - EXERCÍCIO 2024.", "Contrato": "14923/2024", "Credor Nome": "CONAM  CONSULTORIA AMBIENTAL LTDA", "Valor Empenho": 739332.54, "Valor Empenho Cancelado": 355659.41, "Valor Empenho Líquido": 383673.13, "Valor Empenho Liquidado": 383673.13, "Valor Empenho Pago": 383673.13, "Equipamento 1": "Unidade de Saúde", "Equipamento 2": "Hospital Central Sorocabana", "Endereço": "R. Faustolo - Lapa", "Região": "Oeste", "Extensão (m)": null, "Trecho (Recap)": null, "lon": -46.701332546293663, "lat": -23.52394752762368 }, "geometry": { "type": "Point", "coordinates": [ -46.701332546293663, -23.52394752762368 ] } },
{ "type": "Feature", "properties": { "Ano": 2024.0, "Nota Empenho": "62269/2024", "Nota Reserva": "38557/2024", "Ata CMDP": null, "Processo SEI": 6018202400365450.0, "Unidade": "SMS", "Função": "10 - SAÚDE", "Sub Função": "301 - ATENÇÃO BÁSICA", "Programa": "3003 - AÇÕES E SERVIÇOS DA SAÚDE EM ATENÇÃO BÁSICA, ESPECIALIDADES E VIGILÂNCIA", "Atividade": "1526 - AMPLIAÇÃO, REFORMA E REQUALIFICAÇÃO DE EQUIPAMENTOS DE ATENÇÃO BÁSICA E ESPECIALIDADES", "Sub Elemento Despesa": "Obras em Andamento - Uso Comum do Povo", "Item Despesa": "Hospitais e similares", "Observação Empenho": "SMS - CONTRATAÇÃO DE EMPRESA ESPECIALIZADA PARA A PRESTAÇÃO DE SERVIÇOS DE REPAROS, ADEQUAÇÕES PONTUAIS E PEQUENOS SERVIÇOS DE ENGENHARIA NA UBS JARDIM CLIPER, COM FORNECIMENTO DE MATERIAL E MÃO-DE-OBRA, EM LOTES - (LOTE 09 – SUL 2). - EXERCÍCIO DE 2024.", "Contrato": "14986/2024", "Credor Nome": "MACOR ENGENHARIA CONSTRUCOES E COMERCIO LTDA", "Valor Empenho": 1399629.07, "Valor Empenho Cancelado": 137584.25, "Valor Empenho Líquido": 1262044.82, "Valor Empenho Liquidado": 1261796.58, "Valor Empenho Pago": 991075.19, "Equipamento 1": "Unidade de Saúde", "Equipamento 2": "UBS Jardim Cliper", "Endereço": "Rua Dr. Carlos Pezzolo - Parque Esmeralda", "Região": "Sul", "Extensão (m)": null, "Trecho (Recap)": null, "lon": -46.706167799919363, "lat": -23.723860544395297 }, "geometry": { "type": "Point", "coordinates": [ -46.706167799919363, -23.723860544395297 ] } },
{ "type": "Feature", "properties": { "Ano": 2024.0, "Nota Empenho": "63088/2024", "Nota Reserva": "38549/2024", "Ata CMDP": null, "Processo SEI": 6018202300469989.0, "Unidade": "SMS", "Função": "10 - SAÚDE", "Sub Função": "301 - ATENÇÃO BÁSICA", "Programa": "3003 - AÇÕES E SERVIÇOS DA SAÚDE EM ATENÇÃO BÁSICA, ESPECIALIDADES E VIGILÂNCIA", "Atividade": "1525 - CONSTRUÇÃO E IMPLANTAÇÃO DE EQUIPAMENTOS DE ATENÇÃO BÁSICA E ESPECIALIDADES", "Sub Elemento Despesa": "Obras em Andamento - Uso Comum do Povo", "Item Despesa": "Hospitais e similares", "Observação Empenho": "SMS - CONSTRUÇÃO DE UNIDADE BÁSICA DE SAÚDE – UBS VILA RUBI – RUA ARCHOTE DO PERÚ, S/N – PARQUE DAS ÁRVORES – SÃO PAULO - SP - ADITAMENTO.", "Contrato": "15958/2023", "Credor Nome": "VILLANOVA ENGENHARIA E DESENVOLVIMENTO AMBIENTAL LTDA", "Valor Empenho": 384609.38, "Valor Empenho Cancelado": 0.0, "Valor Empenho Líquido": 384609.38, "Valor Empenho Liquidado": 384609.38, "Valor Empenho Pago": 384609.38, "Equipamento 1": "Unidade de Saúde", "Equipamento 2": "UBS Vila Rubi", "Endereço": "R. Domingos Tarroso - Vila Rubi", "Região": "Sul", "Extensão (m)": null, "Trecho (Recap)": null, "lon": -46.696131429128052, "lat": -23.727434976740192 }, "geometry": { "type": "Point", "coordinates": [ -46.696131429128052, -23.727434976740192 ] } },
{ "type": "Feature", "properties": { "Ano": 2024.0, "Nota Empenho": "63096/2024", "Nota Reserva": "38552/2024", "Ata CMDP": null, "Processo SEI": 6018202300469989.0, "Unidade": "SMS", "Função": "10 - SAÚDE", "Sub Função": "301 - ATENÇÃO BÁSICA", "Programa": "3003 - AÇÕES E SERVIÇOS DA SAÚDE EM ATENÇÃO BÁSICA, ESPECIALIDADES E VIGILÂNCIA", "Atividade": "1525 - CONSTRUÇÃO E IMPLANTAÇÃO DE EQUIPAMENTOS DE ATENÇÃO BÁSICA E ESPECIALIDADES", "Sub Elemento Despesa": "Obras em Andamento - Uso Comum do Povo", "Item Despesa": "Hospitais e similares", "Observação Empenho": "SMS - CONSTRUÇÃO DE UNIDADE BÁSICA DE SAÚDE – UBS VILA RUBI – RUA ARCHOTE DO PERÚ, S/N – PARQUE DAS ÁRVORES – SÃO PAULO - SP - ADITAMENTO.", "Contrato": "15958/2023", "Credor Nome": "VILLANOVA ENGENHARIA E DESENVOLVIMENTO AMBIENTAL LTDA", "Valor Empenho": 7051.15, "Valor Empenho Cancelado": 0.0, "Valor Empenho Líquido": 7051.15, "Valor Empenho Liquidado": 7051.15, "Valor Empenho Pago": 0.0, "Equipamento 1": "Unidade de Saúde", "Equipamento 2": "UBS Vila Rubi", "Endereço": "R. Domingos Tarroso - Vila Rubi", "Região": "Sul", "Extensão (m)": null, "Trecho (Recap)": null, "lon": -46.696131429128052, "lat": -23.727434976740192 }, "geometry": { "type": "Point", "coordinates": [ -46.696131429128052, -23.727434976740192 ] } },
{ "type": "Feature", "properties": { "Ano": 2024.0, "Nota Empenho": "67420/2024", "Nota Reserva": "38561/2024", "Ata CMDP": null, "Processo SEI": 6018202300747687.0, "Unidade": "SMS", "Função": "10 - SAÚDE", "Sub Função": "302 - ASSISTÊNCIA HOSPITALAR E AMBULATORIAL", "Programa": "3026 - AÇÕES E SERVIÇOS DA SAÚDE EM ATENÇÃO HOSPITALAR E DE URGÊNCIA E EMERGÊNCIA", "Atividade": "1535 - CONSTRUÇÃO E IMPLANTAÇÃO DE EQUIPAMENTOS EM ATENÇÃO HOSPITALAR E DE URGÊNCIA E EMERGÊNCIA", "Sub Elemento Despesa": "Obras em Andamento - Uso Comum do Povo", "Item Despesa": "Hospitais e similares", "Observação Empenho": "SMS - CONTRATAÇÃO DE OBRA DA CONSTRUÇÃO DA UPA GRAJAÚ - ACRÉSCIMO - EXERCÍCIO/2024.", "Contrato": "26613/2023", "Credor Nome": "CONSORCIO UG", "Valor Empenho": 982459.71, "Valor Empenho Cancelado": 0.0, "Valor Empenho Líquido": 982459.71, "Valor Empenho Liquidado": 982459.71, "Valor Empenho Pago": 982459.71, "Equipamento 1": "Unidade de Saúde", "Equipamento 2": "UPA Grajaú", "Endereço": "R. Antônio Felipe Filho - Jardim Somara", "Região": "Sul", "Extensão (m)": null, "Trecho (Recap)": null, "lon": -46.690545317450471, "lat": -23.748890698982155 }, "geometry": { "type": "Point", "coordinates": [ -46.690545317450471, -23.748890698982155 ] } },
{ "type": "Feature", "properties": { "Ano": 2024.0, "Nota Empenho": "67424/2024", "Nota Reserva": "38562/2024", "Ata CMDP": null, "Processo SEI": 6018202300747687.0, "Unidade": "SMS", "Função": "10 - SAÚDE", "Sub Função": "302 - ASSISTÊNCIA HOSPITALAR E AMBULATORIAL", "Programa": "3026 - AÇÕES E SERVIÇOS DA SAÚDE EM ATENÇÃO HOSPITALAR E DE URGÊNCIA E EMERGÊNCIA", "Atividade": "1535 - CONSTRUÇÃO E IMPLANTAÇÃO DE EQUIPAMENTOS EM ATENÇÃO HOSPITALAR E DE URGÊNCIA E EMERGÊNCIA", "Sub Elemento Despesa": "Obras em Andamento - Uso Comum do Povo", "Item Despesa": "Hospitais e similares", "Observação Empenho": "SMS - CONTRATAÇÃO DE OBRA DA CONSTRUÇÃO DA UPA GRAJAÚ - ACRÉSCIMO - EXERCÍCIO/2024.", "Contrato": "26613/2023", "Credor Nome": "CONSORCIO UG", "Valor Empenho": 107643.35, "Valor Empenho Cancelado": 0.0, "Valor Empenho Líquido": 107643.35, "Valor Empenho Liquidado": 107643.35, "Valor Empenho Pago": 107643.35, "Equipamento 1": "Unidade de Saúde", "Equipamento 2": "UPA Grajaú", "Endereço": "R. Antônio Felipe Filho - Jardim Somara", "Região": "Sul", "Extensão (m)": null, "Trecho (Recap)": null, "lon": -46.690545317450471, "lat": -23.748890698982155 }, "geometry": { "type": "Point", "coordinates": [ -46.690545317450471, -23.748890698982155 ] } },
{ "type": "Feature", "properties": { "Ano": 2024.0, "Nota Empenho": "67437/2024", "Nota Reserva": "41975/2024", "Ata CMDP": null, "Processo SEI": 6018202301194690.0, "Unidade": "SMS", "Função": "10 - SAÚDE", "Sub Função": "301 - ATENÇÃO BÁSICA", "Programa": "3003 - AÇÕES E SERVIÇOS DA SAÚDE EM ATENÇÃO BÁSICA, ESPECIALIDADES E VIGILÂNCIA", "Atividade": "1526 - AMPLIAÇÃO, REFORMA E REQUALIFICAÇÃO DE EQUIPAMENTOS DE ATENÇÃO BÁSICA E ESPECIALIDADES", "Sub Elemento Despesa": "Obras em Andamento - Uso Comum do Povo", "Item Despesa": "Hospitais e similares", "Observação Empenho": "SMS - CONTRATAÇÃO DA OBRA DE MANUTENÇÃO DA UBS ITAQUERA.", "Contrato": "16509/2024", "Credor Nome": "TETRABASE  ENGENHARIA E CONSTRUCOES LTDA", "Valor Empenho": 1560220.22, "Valor Empenho Cancelado": 745055.21, "Valor Empenho Líquido": 815165.01, "Valor Empenho Liquidado": 627680.65, "Valor Empenho Pago": 550640.35, "Equipamento 1": "Unidade de Saúde", "Equipamento 2": "UBS Itaquera", "Endereço": "Rua Américo Salvador Novelli - Itaquera", "Região": "Leste", "Extensão (m)": null, "Trecho (Recap)": null, "lon": -46.455197703965837, "lat": -23.539520186919621 }, "geometry": { "type": "Point", "coordinates": [ -46.455197703965837, -23.539520186919621 ] } },
{ "type": "Feature", "properties": { "Ano": 2024.0, "Nota Empenho": "69237/2024", "Nota Reserva": "34453/2024", "Ata CMDP": null, "Processo SEI": 6018202301227687.0, "Unidade": "SMS", "Função": "10 - SAÚDE", "Sub Função": "302 - ASSISTÊNCIA HOSPITALAR E AMBULATORIAL", "Programa": "3026 - AÇÕES E SERVIÇOS DA SAÚDE EM ATENÇÃO HOSPITALAR E DE URGÊNCIA E EMERGÊNCIA", "Atividade": "1536 - AMPLIAÇÃO, REFORMA E REQUALIFICAÇÃO DE EQUIPAMENTOS EM ATENÇÃO HOSPITALAR E DE URGÊNCIA E EMERGÊNCIA", "Sub Elemento Despesa": "Obras em Andamento - Uso Comum do Povo", "Item Despesa": "Hospitais e similares", "Observação Empenho": "Execução das obras de implantação da Sede do SAMU 192 São Paulo, do Lote 05, Acordo de Cooperação nº PPP 02.08/24 SAMU 192 (NRT 34.453/24) - DIPFH", "Contrato": "14930/2024", "Credor Nome": "TEENIMOBILIARIO SA", "Valor Empenho": 598388.2, "Valor Empenho Cancelado": 448372.56, "Valor Empenho Líquido": 150015.64, "Valor Empenho Liquidado": 0.0, "Valor Empenho Pago": 0.0, "Equipamento 1": null, "Equipamento 2": null, "Endereço": "R. Jaraguá - Bom Retiro", "Região": "Oeste", "Extensão (m)": null, "Trecho (Recap)": null, "lon": -46.648543919639522, "lat": -23.524721260254971 }, "geometry": { "type": "Point", "coordinates": [ -46.648543919639522, -23.524721260254971 ] } },
{ "type": "Feature", "properties": { "Ano": 2024.0, "Nota Empenho": "69849/2024", "Nota Reserva": "22035/2024", "Ata CMDP": null, "Processo SEI": 7610202300027120.0, "Unidade": "COHAB", "Função": "16 - HABITAÇÃO", "Sub Função": "482 - HABITAÇÃO URBANA", "Programa": "3002 - ACESSO À MORADIA ADEQUADA", "Atividade": "3356 - REGULARIZAÇÃO FUNDIÁRIA", "Sub Elemento Despesa": "Manutenção e Conservação de Bens Imóveis", "Item Despesa": "Manutenção e Reformas de Bens Imóveis", "Observação Empenho": "Serviços gerais de manutenção preventiva, correção, reparações, adaptações, requalificações e modificações de segundo escalão no Conj. Resid. Talara, Rua Antônio Raposo Barreto, 31 - Jardim das Flores - Sub. M'Boi Mirim (NRT 22.035/24 ) - DITEC", "Contrato": "8601/2024", "Credor Nome": "ENGENHARIA E COMERCIO RIGEL LTDA", "Valor Empenho": 279434.18, "Valor Empenho Cancelado": 3.0, "Valor Empenho Líquido": 279431.18, "Valor Empenho Liquidado": 279431.18, "Valor Empenho Pago": 279431.18, "Equipamento 1": null, "Equipamento 2": null, "Endereço": "R. Antônio Raposo Barreto - Jardim das Flores", "Região": "Sul", "Extensão (m)": null, "Trecho (Recap)": null, "lon": -46.735823075460573, "lat": -23.67246509602349 }, "geometry": { "type": "Point", "coordinates": [ -46.735823075460573, -23.67246509602349 ] } },
{ "type": "Feature", "properties": { "Ano": 2024.0, "Nota Empenho": "70512/2024", "Nota Reserva": "46764/2024", "Ata CMDP": null, "Processo SEI": 6110201900128289.0, "Unidade": "AHM", "Função": "10 - SAÚDE", "Sub Função": "302 - ASSISTÊNCIA HOSPITALAR E AMBULATORIAL", "Programa": "3026 - AÇÕES E SERVIÇOS DA SAÚDE EM ATENÇÃO HOSPITALAR E DE URGÊNCIA E EMERGÊNCIA", "Atividade": "1536 - AMPLIAÇÃO, REFORMA E REQUALIFICAÇÃO DE EQUIPAMENTOS EM ATENÇÃO HOSPITALAR E DE URGÊNCIA E EMERGÊNCIA", "Sub Elemento Despesa": "Obras em Andamento - Uso Comum do Povo", "Item Despesa": "Hospitais e similares", "Observação Empenho": "SMS - CONTRATAÇÃO DE EMPRESA DE ENGENHARIA ESPECIALIZADA EM REFORMAS / ADEQUAÇÕES EM EDIFICAÇÕES COM FORNECIMENTO DE MATERIAL E MÃO DE OBRA - HOSPITAL MUNICIPAL DR. CARMINO CARICCHIO.", "Contrato": "18234/2023", "Credor Nome": "TOPCONS ENGENHARIA SERVICOS E LOCACOES LTDA", "Valor Empenho": 74357.74, "Valor Empenho Cancelado": 0.0, "Valor Empenho Líquido": 74357.74, "Valor Empenho Liquidado": 74357.73, "Valor Empenho Pago": 74357.73, "Equipamento 1": "Unidade de Saúde", "Equipamento 2": "Hospital Municipal do Tatuapé - Dr. Cármino Caricchio", "Endereço": "Av. Celso Garcia- Tatuapé", "Região": "Leste", "Extensão (m)": null, "Trecho (Recap)": null, "lon": -46.56636063280223, "lat": -23.533179051836591 }, "geometry": { "type": "Point", "coordinates": [ -46.56636063280223, -23.533179051836591 ] } },
{ "type": "Feature", "properties": { "Ano": 2024.0, "Nota Empenho": "71202/2024", "Nota Reserva": "46761/2024", "Ata CMDP": null, "Processo SEI": 6018202400023699.0, "Unidade": "SMS", "Função": "10 - SAÚDE", "Sub Função": "301 - ATENÇÃO BÁSICA", "Programa": "3003 - AÇÕES E SERVIÇOS DA SAÚDE EM ATENÇÃO BÁSICA, ESPECIALIDADES E VIGILÂNCIA", "Atividade": "1526 - AMPLIAÇÃO, REFORMA E REQUALIFICAÇÃO DE EQUIPAMENTOS DE ATENÇÃO BÁSICA E ESPECIALIDADES", "Sub Elemento Despesa": "Obras em Andamento - Uso Comum do Povo", "Item Despesa": "Hospitais e similares", "Observação Empenho": "SMS - CONTRATAÇÃO DE OBRA DE MANUTENÇÃO DA UBS VILA DIONISIA I - EXERCÍCIO 2024.", "Contrato": "11710/2024", "Credor Nome": "B & B ENGENHARIA E CONSTRUCOES LTDA", "Valor Empenho": 1579990.07, "Valor Empenho Cancelado": 0.0, "Valor Empenho Líquido": 1579990.07, "Valor Empenho Liquidado": 1578900.11, "Valor Empenho Pago": 1165961.43, "Equipamento 1": "Unidade de Saúde", "Equipamento 2": "UBS Vila Dionisia", "Endereço": "R. Chen Ferraz Falcão, 50 - Vila Dionisia", "Região": "Norte", "Extensão (m)": null, "Trecho (Recap)": null, "lon": -46.661717099032856, "lat": -23.465017361261964 }, "geometry": { "type": "Point", "coordinates": [ -46.661717099032856, -23.465017361261964 ] } },
{ "type": "Feature", "properties": { "Ano": 2024.0, "Nota Empenho": "73245/2024", "Nota Reserva": "46756/2024", "Ata CMDP": null, "Processo SEI": 6018202400414221.0, "Unidade": "SMS", "Função": "10 - SAÚDE", "Sub Função": "301 - ATENÇÃO BÁSICA", "Programa": "3003 - AÇÕES E SERVIÇOS DA SAÚDE EM ATENÇÃO BÁSICA, ESPECIALIDADES E VIGILÂNCIA", "Atividade": "1526 - AMPLIAÇÃO, REFORMA E REQUALIFICAÇÃO DE EQUIPAMENTOS DE ATENÇÃO BÁSICA E ESPECIALIDADES", "Sub Elemento Despesa": "Obras em Andamento - Uso Comum do Povo", "Item Despesa": "Hospitais e similares", "Observação Empenho": "SMS - CONTRATAÇÃO DE EMPRESA ESPECIALIZADA PARA A PREST. DE SERV. DE REPAROS, ADEQUAÇÕES PONTUAIS E PEQUENOS SERV. DE ENG. NOS PRÉDIOS OCUPADOS PELA SMS, COM FORNECIMENTO DE MAT. E MÃO-DE-OBRA –LOTE 01– CENTRO/OESTE - SAMU/UPA RIO PEQUENO – EXERCÍCIO 2024", "Contrato": "18108/2024", "Credor Nome": "ALMEIDA SAPATA ENGENHARIA E CONSTRUCOES LTDA", "Valor Empenho": 140819.93, "Valor Empenho Cancelado": 0.0, "Valor Empenho Líquido": 140819.93, "Valor Empenho Liquidado": 140819.87, "Valor Empenho Pago": 140819.87, "Equipamento 1": "Unidade de Saúde", "Equipamento 2": "UPA Rio Pequeno", "Endereço": "R. José Vicente da Cruz, 90 - Vila Antonio", "Região": "Oeste", "Extensão (m)": null, "Trecho (Recap)": null, "lon": -46.764930731001037, "lat": -23.576585605758616 }, "geometry": { "type": "Point", "coordinates": [ -46.764930731001037, -23.576585605758616 ] } },
{ "type": "Feature", "properties": { "Ano": 2024.0, "Nota Empenho": "74662/2024", "Nota Reserva": "20002/2024", "Ata CMDP": null, "Processo SEI": 7610202400019579.0, "Unidade": "COHAB", "Função": "16 - HABITAÇÃO", "Sub Função": "482 - HABITAÇÃO URBANA", "Programa": "3002 - ACESSO À MORADIA ADEQUADA", "Atividade": "3356 - REGULARIZAÇÃO FUNDIÁRIA", "Sub Elemento Despesa": "Manutenção e Conservação de Bens Imóveis", "Item Despesa": "Manutenção e Reformas de Bens Imóveis", "Observação Empenho": "Serviços gerais de manutenção preventiva, corretiva, reparações, adaptações, requalificações e modificações de segundo escalão no C. H. Jardim João XXIII, Blocos 12 a 15 - ARP n.º 15/SIURB/2022 - DITEC", "Contrato": "18028/2024", "Credor Nome": "HE ENGENHARIA  COMÉRCIO E REPRESENTAÇÕES LTDA", "Valor Empenho": 1499976.39, "Valor Empenho Cancelado": 0.0, "Valor Empenho Líquido": 1499976.39, "Valor Empenho Liquidado": 1499593.53, "Valor Empenho Pago": 1499593.53, "Equipamento 1": "Unidade de Habitação", "Equipamento 2": "C.H. Jardim João XXIII", "Endereço": "R. João de Sousa Carvalho, 7441 - Jardim Paulo VI", "Região": "Oeste", "Extensão (m)": null, "Trecho (Recap)": null, "lon": -46.789846382344834, "lat": -23.604921166730872 }, "geometry": { "type": "Point", "coordinates": [ -46.789846382344834, -23.604921166730872 ] } },
{ "type": "Feature", "properties": { "Ano": 2024.0, "Nota Empenho": "74781/2024", "Nota Reserva": "20002/2024", "Ata CMDP": null, "Processo SEI": 7610202400019544.0, "Unidade": "COHAB", "Função": "16 - HABITAÇÃO", "Sub Função": "482 - HABITAÇÃO URBANA", "Programa": "3002 - ACESSO À MORADIA ADEQUADA", "Atividade": "3356 - REGULARIZAÇÃO FUNDIÁRIA", "Sub Elemento Despesa": "Manutenção e Conservação de Bens Imóveis", "Item Despesa": "Manutenção e Reformas de Bens Imóveis", "Observação Empenho": "Serviços gerais de manutenção preventiva, corretiva, reparações, adaptações, requalificações e modificações de segundo escalão no C. H. Jardim João XXIII, Blocos 7 a 11 - ARP n.º 15/SIURB/2022 - Agrupamento 02 - DITEC", "Contrato": "18035/2024", "Credor Nome": "HE ENGENHARIA  COMÉRCIO E REPRESENTAÇÕES LTDA", "Valor Empenho": 1499929.65, "Valor Empenho Cancelado": 0.0, "Valor Empenho Líquido": 1499929.65, "Valor Empenho Liquidado": 1499165.95, "Valor Empenho Pago": 1499165.95, "Equipamento 1": "Unidade de Habitação", "Equipamento 2": "C.H. Jardim João XXIII", "Endereço": "R. João de Sousa Carvalho, 7441 - Jardim Paulo VI", "Região": "Oeste", "Extensão (m)": null, "Trecho (Recap)": null, "lon": -46.789846382344834, "lat": -23.604921166730872 }, "geometry": { "type": "Point", "coordinates": [ -46.789846382344834, -23.604921166730872 ] } },
{ "type": "Feature", "properties": { "Ano": 2024.0, "Nota Empenho": "74986/2024", "Nota Reserva": "46754/2024", "Ata CMDP": null, "Processo SEI": 6018202300747407.0, "Unidade": "SMS", "Função": "10 - SAÚDE", "Sub Função": "301 - ATENÇÃO BÁSICA", "Programa": "3003 - AÇÕES E SERVIÇOS DA SAÚDE EM ATENÇÃO BÁSICA, ESPECIALIDADES E VIGILÂNCIA", "Atividade": "1525 - CONSTRUÇÃO E IMPLANTAÇÃO DE EQUIPAMENTOS DE ATENÇÃO BÁSICA E ESPECIALIDADES", "Sub Elemento Despesa": "Obras em Andamento - Uso Comum do Povo", "Item Despesa": "Hospitais e similares", "Observação Empenho": "SMS - CONTRATAÇÃO DE EMPRESA OU CONSÓRCIO DE EMPRESAS PARA EXECUÇÃO DE OBRAS PARA CONSTRUÇÃO DE UNIDADES BÁSICAS DE SAÚDE PARA SECRETARIA MUNICIPAL DE SAÚDE, COM FORNECIMENTO DE MATERIAL E MÃO-DE-OBRA. - UBS REAL PARQUE II. EXERCÍCIO DE 2024.", "Contrato": "23557/2023", "Credor Nome": "2N ENGENHARIA LTDA", "Valor Empenho": 128028.49, "Valor Empenho Cancelado": 0.0, "Valor Empenho Líquido": 128028.49, "Valor Empenho Liquidado": 128028.49, "Valor Empenho Pago": 128028.49, "Equipamento 1": "Unidade de Saúde", "Equipamento 2": "UBS Real Parque II", "Endereço": "R. Paulo Bourroul, 19a - Real Parque", "Região": "Oeste", "Extensão (m)": null, "Trecho (Recap)": null, "lon": -46.701674333982936, "lat": -23.608833276634787 }, "geometry": { "type": "Point", "coordinates": [ -46.701674333982936, -23.608833276634787 ] } },
{ "type": "Feature", "properties": { "Ano": 2024.0, "Nota Empenho": "76071/2024", "Nota Reserva": "28761/2024", "Ata CMDP": null, "Processo SEI": 6018202200555271.0, "Unidade": "SMS", "Função": "10 - SAÚDE", "Sub Função": "301 - ATENÇÃO BÁSICA", "Programa": "3003 - AÇÕES E SERVIÇOS DA SAÚDE EM ATENÇÃO BÁSICA, ESPECIALIDADES E VIGILÂNCIA", "Atividade": "1526 - AMPLIAÇÃO, REFORMA E REQUALIFICAÇÃO DE EQUIPAMENTOS DE ATENÇÃO BÁSICA E ESPECIALIDADES", "Sub Elemento Despesa": "Obras em Andamento - Uso Comum do Povo", "Item Despesa": "Hospitais e similares", "Observação Empenho": "Reforma do CAPS AD II Perdizes - Manoel Munhoz  NRT 28.761 - Complementar - DIPFH", "Contrato": "30298/2022", "Credor Nome": "SP9 INCORPORACAO E CONSTRUCAO  SPE SA", "Valor Empenho": 529002.92, "Valor Empenho Cancelado": 347329.39, "Valor Empenho Líquido": 181673.53, "Valor Empenho Liquidado": 181673.53, "Valor Empenho Pago": 181673.53, "Equipamento 1": "Unidade de Saúde", "Equipamento 2": "CAPS II Adulto Manoel Munhoz", "Endereço": "R. Dr. Cândido Espinheira, 616 - Perdizes", "Região": "Norte", "Extensão (m)": null, "Trecho (Recap)": null, "lon": -46.665509608339406, "lat": -23.532235439010879 }, "geometry": { "type": "Point", "coordinates": [ -46.665509608339406, -23.532235439010879 ] } },
{ "type": "Feature", "properties": { "Ano": 2024.0, "Nota Empenho": "78567/2024", "Nota Reserva": "41057/2024", "Ata CMDP": null, "Processo SEI": 6018202300123845.0, "Unidade": "SMS", "Função": "10 - SAÚDE", "Sub Função": "301 - ATENÇÃO BÁSICA", "Programa": "3003 - AÇÕES E SERVIÇOS DA SAÚDE EM ATENÇÃO BÁSICA, ESPECIALIDADES E VIGILÂNCIA", "Atividade": "1526 - AMPLIAÇÃO, REFORMA E REQUALIFICAÇÃO DE EQUIPAMENTOS DE ATENÇÃO BÁSICA E ESPECIALIDADES", "Sub Elemento Despesa": "Obras em Andamento - Uso Comum do Povo", "Item Despesa": "Hospitais e similares", "Observação Empenho": "Contratação de empresa especializada de engenharia para melhorias nas instalações do SAE DST/AIDS Jardim Mitsutani (Acréscimo).", "Contrato": "20717/2023", "Credor Nome": "QUALIDA SERVICOS TECNICOS EIRELI", "Valor Empenho": 27670.78, "Valor Empenho Cancelado": 0.0, "Valor Empenho Líquido": 27670.78, "Valor Empenho Liquidado": 27670.78, "Valor Empenho Pago": 27670.78, "Equipamento 1": "Unidade de Saúde", "Equipamento 2": "SAE Jardim Mitsutani", "Endereço": "R. Vittório Emanuele Rossi, 97 - Jardim Bom Refugio", "Região": "Sul", "Extensão (m)": null, "Trecho (Recap)": null, "lon": -46.775670962535273, "lat": -23.632757036365486 }, "geometry": { "type": "Point", "coordinates": [ -46.775670962535273, -23.632757036365486 ] } },
{ "type": "Feature", "properties": { "Ano": 2024.0, "Nota Empenho": "83586/2024", "Nota Reserva": "46763/2024", "Ata CMDP": null, "Processo SEI": 6018202300469970.0, "Unidade": "SMS", "Função": "10 - SAÚDE", "Sub Função": "302 - ASSISTÊNCIA HOSPITALAR E AMBULATORIAL", "Programa": "3026 - AÇÕES E SERVIÇOS DA SAÚDE EM ATENÇÃO HOSPITALAR E DE URGÊNCIA E EMERGÊNCIA", "Atividade": "1535 - CONSTRUÇÃO E IMPLANTAÇÃO DE EQUIPAMENTOS EM ATENÇÃO HOSPITALAR E DE URGÊNCIA E EMERGÊNCIA", "Sub Elemento Despesa": "Obras em Andamento - Uso Comum do Povo", "Item Despesa": "Hospitais e similares", "Observação Empenho": "SMS - CONSTRUÇÃO DE UNIDADE DE PRONTO ATENDIMENTO - UPA SAPOPEMBA - ACRÉSCIMO - EXERCÍCIO 2024.", "Contrato": "15944/2023", "Credor Nome": "CONSTRUTORA SANDIN LTDA", "Valor Empenho": 48297.14, "Valor Empenho Cancelado": 0.0, "Valor Empenho Líquido": 48297.14, "Valor Empenho Liquidado": 48297.14, "Valor Empenho Pago": 48297.14, "Equipamento 1": "Unidade de Saúde", "Equipamento 2": "UBS Jd. Sapopemba", "Endereço": "R. João Lopes de Lima, 1151 - Jardim Sapopemba", "Região": "Leste", "Extensão (m)": null, "Trecho (Recap)": null, "lon": -46.493194557637935, "lat": -23.61130306621131 }, "geometry": { "type": "Point", "coordinates": [ -46.493194557637935, -23.61130306621131 ] } },
{ "type": "Feature", "properties": { "Ano": 2024.0, "Nota Empenho": "87225/2024", "Nota Reserva": "55235/2024", "Ata CMDP": null, "Processo SEI": 6018202100949189.0, "Unidade": "SMS", "Função": "10 - SAÚDE", "Sub Função": "301 - ATENÇÃO BÁSICA", "Programa": "3003 - AÇÕES E SERVIÇOS DA SAÚDE EM ATENÇÃO BÁSICA, ESPECIALIDADES E VIGILÂNCIA", "Atividade": "1525 - CONSTRUÇÃO E IMPLANTAÇÃO DE EQUIPAMENTOS DE ATENÇÃO BÁSICA E ESPECIALIDADES", "Sub Elemento Despesa": "Obras em Andamento - Uso Comum do Povo", "Item Despesa": "Hospitais e similares", "Observação Empenho": "Pagamento de despesa para construção da unidade UBS Caju - PPP-05-02/2022, (SEI 100901186) - DIPFH", "Contrato": "5401/2022", "Credor Nome": "UNO HABITACAO SA", "Valor Empenho": 2000000.0, "Valor Empenho Cancelado": 0.0, "Valor Empenho Líquido": 2000000.0, "Valor Empenho Liquidado": 2000000.0, "Valor Empenho Pago": 2000000.0, "Equipamento 1": "Unidade de Saúde", "Equipamento 2": "UBS Caju", "Endereço": "R. Floresto Bandecchi, 1000 - Jaguaré", "Região": "Norte", "Extensão (m)": null, "Trecho (Recap)": null, "lon": -46.753425732028269, "lat": -23.544898658864721 }, "geometry": { "type": "Point", "coordinates": [ -46.753425732028269, -23.544898658864721 ] } },
{ "type": "Feature", "properties": { "Ano": 2024.0, "Nota Empenho": "87263/2024", "Nota Reserva": "55238/2024", "Ata CMDP": null, "Processo SEI": 6018202100923155.0, "Unidade": "SMS", "Função": "10 - SAÚDE", "Sub Função": "302 - ASSISTÊNCIA HOSPITALAR E AMBULATORIAL", "Programa": "3026 - AÇÕES E SERVIÇOS DA SAÚDE EM ATENÇÃO HOSPITALAR E DE URGÊNCIA E EMERGÊNCIA", "Atividade": "1535 - CONSTRUÇÃO E IMPLANTAÇÃO DE EQUIPAMENTOS EM ATENÇÃO HOSPITALAR E DE URGÊNCIA E EMERGÊNCIA", "Sub Elemento Despesa": "Obras em Andamento - Uso Comum do Povo", "Item Despesa": "Hospitais e similares", "Observação Empenho": "Pagamento de despesa para construção da unidade UPA Lapa - PPP-05-04/2022 (SEI 100901186) - DIPFH", "Contrato": "5417/2022", "Credor Nome": "UNO HABITACAO SA", "Valor Empenho": 6000000.0, "Valor Empenho Cancelado": 0.0, "Valor Empenho Líquido": 6000000.0, "Valor Empenho Liquidado": 5959580.83, "Valor Empenho Pago": 5959580.83, "Equipamento 1": "Unidade de Saúde", "Equipamento 2": "UPA Lapa", "Endereço": "Av. Queiroz Filho, 313 - Alto de Pinheiros", "Região": "Norte", "Extensão (m)": null, "Trecho (Recap)": null, "lon": -46.722653961864843, "lat": -23.537322907158387 }, "geometry": { "type": "Point", "coordinates": [ -46.722653961864843, -23.537322907158387 ] } },
{ "type": "Feature", "properties": { "Ano": 2024.0, "Nota Empenho": "87301/2024", "Nota Reserva": "55242/2024", "Ata CMDP": null, "Processo SEI": 6018202100923473.0, "Unidade": "SMS", "Função": "10 - SAÚDE", "Sub Função": "302 - ASSISTÊNCIA HOSPITALAR E AMBULATORIAL", "Programa": "3026 - AÇÕES E SERVIÇOS DA SAÚDE EM ATENÇÃO HOSPITALAR E DE URGÊNCIA E EMERGÊNCIA", "Atividade": "1536 - AMPLIAÇÃO, REFORMA E REQUALIFICAÇÃO DE EQUIPAMENTOS EM ATENÇÃO HOSPITALAR E DE URGÊNCIA E EMERGÊNCIA", "Sub Elemento Despesa": "Obras em Andamento - Uso Comum do Povo", "Item Despesa": "Hospitais e similares", "Observação Empenho": "pagamento de despesa para reforma e adequação da unidade UPA 21 de Junho - Termo de Aditamento ao Acordo de Cooperação nº PPP-06.032/24 (102942193) - DIPFH", "Contrato": "5392/2022", "Credor Nome": "HABITA SAO PAULO S.A.", "Valor Empenho": 1970765.74, "Valor Empenho Cancelado": 85.35, "Valor Empenho Líquido": 1970680.39, "Valor Empenho Liquidado": 1970680.39, "Valor Empenho Pago": 1970680.39, "Equipamento 1": "Unidade de Saúde", "Equipamento 2": "UPA 21 de Junho", "Endereço": "Av. João Paulo I, 421 - Freguesia do Ó", "Região": "Norte", "Extensão (m)": null, "Trecho (Recap)": null, "lon": -46.688779629912808, "lat": -23.489950593325489 }, "geometry": { "type": "Point", "coordinates": [ -46.688779629912808, -23.489950593325489 ] } },
{ "type": "Feature", "properties": { "Ano": 2024.0, "Nota Empenho": "87359/2024", "Nota Reserva": "55242/2024", "Ata CMDP": null, "Processo SEI": 6018202100923350.0, "Unidade": "SMS", "Função": "10 - SAÚDE", "Sub Função": "302 - ASSISTÊNCIA HOSPITALAR E AMBULATORIAL", "Programa": "3026 - AÇÕES E SERVIÇOS DA SAÚDE EM ATENÇÃO HOSPITALAR E DE URGÊNCIA E EMERGÊNCIA", "Atividade": "1536 - AMPLIAÇÃO, REFORMA E REQUALIFICAÇÃO DE EQUIPAMENTOS EM ATENÇÃO HOSPITALAR E DE URGÊNCIA E EMERGÊNCIA", "Sub Elemento Despesa": "Obras em Andamento - Uso Comum do Povo", "Item Despesa": "Hospitais e similares", "Observação Empenho": "pagamento de despesa para reforma e adequação da unidade UPA Augusto Gomes de Matos - PPP-01-02/2022 - DIPFH", "Contrato": "5389/2022", "Credor Nome": "HABITA SAO PAULO S.A.", "Valor Empenho": 300000.0, "Valor Empenho Cancelado": 55.07, "Valor Empenho Líquido": 299944.93, "Valor Empenho Liquidado": 299944.93, "Valor Empenho Pago": 299944.93, "Equipamento 1": "Unidade de Saúde", "Equipamento 2": "PSM Dr. Augusto Gomes de Mattos", "Endereço": "R. Giovanni Di Balduccio, 250 - Sacoma", "Região": "Sul", "Extensão (m)": null, "Trecho (Recap)": null, "lon": -46.61251076070338, "lat": -23.633570400602142 }, "geometry": { "type": "Point", "coordinates": [ -46.61251076070338, -23.633570400602142 ] } },
{ "type": "Feature", "properties": { "Ano": 2024.0, "Nota Empenho": "87400/2024", "Nota Reserva": "55242/2024", "Ata CMDP": null, "Processo SEI": 6018202100923554.0, "Unidade": "SMS", "Função": "10 - SAÚDE", "Sub Função": "302 - ASSISTÊNCIA HOSPITALAR E AMBULATORIAL", "Programa": "3026 - AÇÕES E SERVIÇOS DA SAÚDE EM ATENÇÃO HOSPITALAR E DE URGÊNCIA E EMERGÊNCIA", "Atividade": "1536 - AMPLIAÇÃO, REFORMA E REQUALIFICAÇÃO DE EQUIPAMENTOS EM ATENÇÃO HOSPITALAR E DE URGÊNCIA E EMERGÊNCIA", "Sub Elemento Despesa": "Obras em Andamento - Uso Comum do Povo", "Item Despesa": "Hospitais e similares", "Observação Empenho": "Pagamento de despesa para reforma e adequação da unidade UPA Sacomã (US) - Termo Aditivo ao Acordo de Cooperação nº PPP-01.031/2023 (¿¿¿¿¿¿¿092431364) - DIPFH", "Contrato": "5441/2022", "Credor Nome": "HABITA SAO PAULO S.A.", "Valor Empenho": 300000.0, "Valor Empenho Cancelado": 16895.79, "Valor Empenho Líquido": 283104.21, "Valor Empenho Liquidado": 283104.21, "Valor Empenho Pago": 283104.21, "Equipamento 1": "Unidade de Saúde", "Equipamento 2": "AMA/UBS Sacomã", "Endereço": "Estr. das Lágrimas, 1403 - Sacomã", "Região": "Sul", "Extensão (m)": null, "Trecho (Recap)": null, "lon": -46.593741933284157, "lat": -23.613660804104786 }, "geometry": { "type": "Point", "coordinates": [ -46.593741933284157, -23.613660804104786 ] } },
{ "type": "Feature", "properties": { "Ano": 2024.0, "Nota Empenho": "87426/2024", "Nota Reserva": "55242/2024", "Ata CMDP": null, "Processo SEI": 6018202200391783.0, "Unidade": "SMS", "Função": "10 - SAÚDE", "Sub Função": "302 - ASSISTÊNCIA HOSPITALAR E AMBULATORIAL", "Programa": "3026 - AÇÕES E SERVIÇOS DA SAÚDE EM ATENÇÃO HOSPITALAR E DE URGÊNCIA E EMERGÊNCIA", "Atividade": "1536 - AMPLIAÇÃO, REFORMA E REQUALIFICAÇÃO DE EQUIPAMENTOS EM ATENÇÃO HOSPITALAR E DE URGÊNCIA E EMERGÊNCIA", "Sub Elemento Despesa": "Obras em Andamento - Uso Comum do Povo", "Item Despesa": "Hospitais e similares", "Observação Empenho": "Pagamento de despesa para reforma e adequação da unidade UPA - Centro Oncológico Bruno Covas - PPP-01-04/2022 - DIPFH", "Contrato": "32301/2022", "Credor Nome": "HABITA SAO PAULO S.A.", "Valor Empenho": 200000.0, "Valor Empenho Cancelado": 83.59, "Valor Empenho Líquido": 199916.41, "Valor Empenho Liquidado": 199916.41, "Valor Empenho Pago": 199916.41, "Equipamento 1": "Unidade de Saúde", "Equipamento 2": "Centro Oncológico Bruno Covas - Hospital Municipal Vila Santa Catarina", "Endereço": "Av. Santa Catarina, 2785 - Vila Santa Catarina", "Região": "Sul", "Extensão (m)": null, "Trecho (Recap)": null, "lon": -46.653643409928513, "lat": -23.657488576221059 }, "geometry": { "type": "Point", "coordinates": [ -46.653643409928513, -23.657488576221059 ] } },
{ "type": "Feature", "properties": { "Ano": 2024.0, "Nota Empenho": "89374/2024", "Nota Reserva": "46934/2024", "Ata CMDP": null, "Processo SEI": 6018201700153727.0, "Unidade": "SMS", "Função": "10 - SAÚDE", "Sub Função": "301 - ATENÇÃO BÁSICA", "Programa": "3003 - AÇÕES E SERVIÇOS DA SAÚDE EM ATENÇÃO BÁSICA, ESPECIALIDADES E VIGILÂNCIA", "Atividade": "1526 - AMPLIAÇÃO, REFORMA E REQUALIFICAÇÃO DE EQUIPAMENTOS DE ATENÇÃO BÁSICA E ESPECIALIDADES", "Sub Elemento Despesa": "Obras em Andamento - Uso Específico na Administração", "Item Despesa": "Imóveis administrativos", "Observação Empenho": "DVZ: REFORMA EM EDIFICAÇÕES DA DIVISÃO DE VIGILÂNCIA DE ZOONOSES.", "Contrato": "33264/2023", "Credor Nome": "DR3 ENGENHARIA LTDA", "Valor Empenho": 760182.55, "Valor Empenho Cancelado": 0.0, "Valor Empenho Líquido": 760182.55, "Valor Empenho Liquidado": 760182.55, "Valor Empenho Pago": 760182.55, "Equipamento 1": "Labfauna da Divisão de Vigilância de Zoonoses", "Equipamento 2": "Labfauna da Divisão de Vigilância de Zoonoses", "Endereço": "R. Santa Eulália, 86 - Santana", "Região": "Norte", "Extensão (m)": null, "Trecho (Recap)": null, "lon": -46.627554774909093, "lat": -23.512170192263135 }, "geometry": { "type": "Point", "coordinates": [ -46.627554774909093, -23.512170192263135 ] } },
{ "type": "Feature", "properties": { "Ano": 2024.0, "Nota Empenho": "92979/2024", "Nota Reserva": "38554/2024", "Ata CMDP": null, "Processo SEI": 6018202100763794.0, "Unidade": "SMS", "Função": "10 - SAÚDE", "Sub Função": "301 - ATENÇÃO BÁSICA", "Programa": "3003 - AÇÕES E SERVIÇOS DA SAÚDE EM ATENÇÃO BÁSICA, ESPECIALIDADES E VIGILÂNCIA", "Atividade": "1525 - CONSTRUÇÃO E IMPLANTAÇÃO DE EQUIPAMENTOS DE ATENÇÃO BÁSICA E ESPECIALIDADES", "Sub Elemento Despesa": "Obras em Andamento - Uso Comum do Povo", "Item Despesa": "Hospitais e similares", "Observação Empenho": "SMS - EXECUÇÃO DE OBRAS DE CONSTRUÇÃO DA UBS CIDADE DUTRA – LOTE 3 - EXERCÍCIO DE 2024", "Contrato": "21744/2022", "Credor Nome": "SCOPUS CONSTRUTORA & INCORPORADORA LTDA", "Valor Empenho": 4453617.58, "Valor Empenho Cancelado": 4373509.43, "Valor Empenho Líquido": 80108.15, "Valor Empenho Liquidado": 80108.15, "Valor Empenho Pago": 2610.29, "Equipamento 1": "Unidade de Saúde", "Equipamento 2": "UBS Autódromo Dr. Fauzer Simão Abrão", "Endereço": "R. Osvaldo Diniz, 51 - Cidade Dutra", "Região": "Sul", "Extensão (m)": null, "Trecho (Recap)": null, "lon": -46.692027978758119, "lat": -23.700771929491328 }, "geometry": { "type": "Point", "coordinates": [ -46.692027978758119, -23.700771929491328 ] } },
{ "type": "Feature", "properties": { "Ano": 2024.0, "Nota Empenho": "93687/2024", "Nota Reserva": "22197/2024", "Ata CMDP": null, "Processo SEI": 6012202300261099.0, "Unidade": "SMSUB", "Função": "15 - URBANISMO", "Sub Função": "452 - SERVIÇOS URBANOS", "Programa": "3022 - REQUALIFICAÇÃO E PROMOÇÃO DA OCUPAÇÃO DOS ESPAÇOS PÚBLICOS", "Atividade": "1137 - PAVIMENTAÇÃO E RECAPEAMENTO DE VIAS", "Sub Elemento Despesa": "Manutenção e Conservação de Bens Imóveis", "Item Despesa": "Manutenção e Reformas de Bens Imóveis", "Observação Empenho": "CONSEMAVI - TC 957/SMSUB/COGEL/2023 - Via Av. Vital Brasil - Trecho 1) Rua Alvarenga 2) Av. Vital Brasil", "Contrato": "37891/2023", "Credor Nome": "JOFEGE PAVIMENTACAO E CONSTRUCAO LTDA", "Valor Empenho": 561904.43, "Valor Empenho Cancelado": 0.0, "Valor Empenho Líquido": 561904.43, "Valor Empenho Liquidado": 561904.43, "Valor Empenho Pago": 561904.43, "Equipamento 1": null, "Equipamento 2": null, "Endereço": "Av. Vital Brasil com R Alvarenga", "Região": "Oeste", "Extensão (m)": "870", "Trecho (Recap)": null, "lon": -46.711614980359229, "lat": -23.570220550364635 }, "geometry": { "type": "Point", "coordinates": [ -46.711614980359229, -23.570220550364635 ] } },
{ "type": "Feature", "properties": { "Ano": 2024.0, "Nota Empenho": "96554/2024", "Nota Reserva": "61124/2024", "Ata CMDP": null, "Processo SEI": 6018202400325504.0, "Unidade": "SMS", "Função": "10 - SAÚDE", "Sub Função": "301 - ATENÇÃO BÁSICA", "Programa": "3003 - AÇÕES E SERVIÇOS DA SAÚDE EM ATENÇÃO BÁSICA, ESPECIALIDADES E VIGILÂNCIA", "Atividade": "1526 - AMPLIAÇÃO, REFORMA E REQUALIFICAÇÃO DE EQUIPAMENTOS DE ATENÇÃO BÁSICA E ESPECIALIDADES", "Sub Elemento Despesa": "Obras em Andamento - Uso Comum do Povo", "Item Despesa": "Hospitais e similares", "Observação Empenho": "SMS - CONTRATAÇÃO DE EMPRESA OU CONSÓRCIO DE EMPRESAS PARA EXECUÇÃO DE REFORMA DO PAULISTÃO DA SAÚDE NORTE (LOTE 05), PARA SECRETARIA MUNICIPAL DE SAÚDE, COM FORNECIMENTO DE MATERIAL E MÃO-DE-OBRA  - EXERCÍCIO 2024.", "Contrato": "9464/2024", "Credor Nome": "TETRABASE  ENGENHARIA E CONSTRUCOES LTDA", "Valor Empenho": 7500000.0, "Valor Empenho Cancelado": 0.0, "Valor Empenho Líquido": 7500000.0, "Valor Empenho Liquidado": 7499749.22, "Valor Empenho Pago": 7497266.98, "Equipamento 1": "Unidade de Saúde", "Equipamento 2": "Paulistão de Saúde - Norte", "Endereço": "Av. Zaki Narchi, 556 - Carandiru", "Região": "Norte", "Extensão (m)": null, "Trecho (Recap)": null, "lon": -46.619286, "lat": -23.510529912508257 }, "geometry": { "type": "Point", "coordinates": [ -46.619286, -23.510529912508257 ] } },
{ "type": "Feature", "properties": { "Ano": 2024.0, "Nota Empenho": "97220/2024", "Nota Reserva": "61196/2024", "Ata CMDP": null, "Processo SEI": 6018202400669815.0, "Unidade": "SMS", "Função": "10 - SAÚDE", "Sub Função": "301 - ATENÇÃO BÁSICA", "Programa": "3003 - AÇÕES E SERVIÇOS DA SAÚDE EM ATENÇÃO BÁSICA, ESPECIALIDADES E VIGILÂNCIA", "Atividade": "1526 - AMPLIAÇÃO, REFORMA E REQUALIFICAÇÃO DE EQUIPAMENTOS DE ATENÇÃO BÁSICA E ESPECIALIDADES", "Sub Elemento Despesa": "Obras em Andamento - Uso Comum do Povo", "Item Despesa": "Hospitais e similares", "Observação Empenho": "SMS - CONTRATAÇÃO DE EMPRESA ESPECIALIZADA PARA A PREST. DE SERV. DE REPAROS, ADEQUAÇÕES PONTUAIS E PEQUENOS SERV. DE ENG. NOS SMS – LOTE 07 - SUDESTE 2 – HELIÓPOLIS CAPS ADULTO/INFANTO-JUVENIL E CEO IJ e CECCO (2ª ETAPA)  -EXERCÍCIO 2024.", "Contrato": "25412/2024", "Credor Nome": "M A S CONSTRUCOES E EMPREENDIMENTOS LIMITADA", "Valor Empenho": 3499760.72, "Valor Empenho Cancelado": 1629132.27, "Valor Empenho Líquido": 1870628.45, "Valor Empenho Liquidado": 1870628.45, "Valor Empenho Pago": 1712295.53, "Equipamento 1": "Unidade de Saúde", "Equipamento 2": "CAPS AD III - Heliopolis", "Endereço": "Av. Almirante Delamare, 3033 - Vila Heliopolis", "Região": "Sul", "Extensão (m)": null, "Trecho (Recap)": null, "lon": -46.582317697214528, "lat": -23.610425162906346 }, "geometry": { "type": "Point", "coordinates": [ -46.582317697214528, -23.610425162906346 ] } },
{ "type": "Feature", "properties": { "Ano": 2024.0, "Nota Empenho": "97230/2024", "Nota Reserva": "61198/2024", "Ata CMDP": null, "Processo SEI": 6018202301204210.0, "Unidade": "SMS", "Função": "10 - SAÚDE", "Sub Função": "301 - ATENÇÃO BÁSICA", "Programa": "3003 - AÇÕES E SERVIÇOS DA SAÚDE EM ATENÇÃO BÁSICA, ESPECIALIDADES E VIGILÂNCIA", "Atividade": "1526 - AMPLIAÇÃO, REFORMA E REQUALIFICAÇÃO DE EQUIPAMENTOS DE ATENÇÃO BÁSICA E ESPECIALIDADES", "Sub Elemento Despesa": "Obras em Andamento - Uso Comum do Povo", "Item Despesa": "Hospitais e similares", "Observação Empenho": "SMS - CONTRATAÇÃO DE EMPRESA ESPECIALIZADA PARA A PREST. DE SERV. DE REPAROS, ADEQUAÇÕES PONTUAIS E PEQUENOS SERV. DE ENG. NOS PRÉDIOS OCUPADOS PELA SMS, COM FORNEC. DE MATERIAL E MÃO-DE-OBRA – LOTE 07 - SUDESTE 2 - UBS VILA DAS MERCÊS - EXERCÍCIO 2024.", "Contrato": "25423/2024", "Credor Nome": "M A S CONSTRUCOES E EMPREENDIMENTOS LIMITADA", "Valor Empenho": 998792.07, "Valor Empenho Cancelado": 0.0, "Valor Empenho Líquido": 998792.07, "Valor Empenho Liquidado": 997616.18, "Valor Empenho Pago": 997616.18, "Equipamento 1": "Unidade de Saúde", "Equipamento 2": "UBS Vila das Mercês", "Endereço": "R. Nossa Sra. das Mercês, 1315 - Vila das Merces", "Região": "Sul", "Extensão (m)": null, "Trecho (Recap)": null, "lon": -46.604999933854877, "lat": -23.629548153414589 }, "geometry": { "type": "Point", "coordinates": [ -46.604999933854877, -23.629548153414589 ] } },
{ "type": "Feature", "properties": { "Ano": 2024.0, "Nota Empenho": "97816/2024", "Nota Reserva": "61186/2024", "Ata CMDP": null, "Processo SEI": 6018202400438295.0, "Unidade": "SMS", "Função": "10 - SAÚDE", "Sub Função": "301 - ATENÇÃO BÁSICA", "Programa": "3003 - AÇÕES E SERVIÇOS DA SAÚDE EM ATENÇÃO BÁSICA, ESPECIALIDADES E VIGILÂNCIA", "Atividade": "1526 - AMPLIAÇÃO, REFORMA E REQUALIFICAÇÃO DE EQUIPAMENTOS DE ATENÇÃO BÁSICA E ESPECIALIDADES", "Sub Elemento Despesa": "Obras em Andamento - Uso Comum do Povo", "Item Despesa": "Hospitais e similares", "Observação Empenho": "SMS - OBRA DE MANUTENÇÃO DA UBS VILA PRUDENTE / COMPLEXO VILA PRUDENTE ETAPA 1 - EXERCÍCIO 2024.", "Contrato": "25471/2024", "Credor Nome": "M A S CONSTRUCOES E EMPREENDIMENTOS LIMITADA", "Valor Empenho": 2684082.63, "Valor Empenho Cancelado": 533444.24, "Valor Empenho Líquido": 2150638.39, "Valor Empenho Liquidado": 1764867.81, "Valor Empenho Pago": 1764867.81, "Equipamento 1": "Unidade de Saúde", "Equipamento 2": "UBS Vila Prudente", "Endereço": "Praça do Centenário de Vila Prudente, 108 - Vila Prudente", "Região": "Sul", "Extensão (m)": null, "Trecho (Recap)": null, "lon": -46.58270112433668, "lat": -23.582246301379527 }, "geometry": { "type": "Point", "coordinates": [ -46.58270112433668, -23.582246301379527 ] } },
{ "type": "Feature", "properties": { "Ano": 2024.0, "Nota Empenho": "97841/2024", "Nota Reserva": "61189/2024", "Ata CMDP": null, "Processo SEI": 6018202400669912.0, "Unidade": "SMS", "Função": "10 - SAÚDE", "Sub Função": "301 - ATENÇÃO BÁSICA", "Programa": "3003 - AÇÕES E SERVIÇOS DA SAÚDE EM ATENÇÃO BÁSICA, ESPECIALIDADES E VIGILÂNCIA", "Atividade": "1526 - AMPLIAÇÃO, REFORMA E REQUALIFICAÇÃO DE EQUIPAMENTOS DE ATENÇÃO BÁSICA E ESPECIALIDADES", "Sub Elemento Despesa": "Obras em Andamento - Uso Comum do Povo", "Item Despesa": "Hospitais e similares", "Observação Empenho": "SMS - CONTRATAÇÃO DE EMPRESA ESPECIALIZADA PARA A PREST. DE SERVIÇOS DE REPAROS, ADEQUAÇÕES PONTUAIS E PEQUENOS SERVIÇOS DE ENGENHARIA – LOTE 07 - SUDESTE 2 – HELIÓPOLIS CEO IJ E CECCO (1ª ETAPA)- EXERCÍCIO 2024.", "Contrato": "25402/2024", "Credor Nome": "M A S CONSTRUCOES E EMPREENDIMENTOS LIMITADA", "Valor Empenho": 3499736.78, "Valor Empenho Cancelado": 0.0, "Valor Empenho Líquido": 3499736.78, "Valor Empenho Liquidado": 3453417.82, "Valor Empenho Pago": 3273835.26, "Equipamento 1": "Centro de Acolhida", "Equipamento 2": "CECCO Heliópolis", "Endereço": "Av. Almirante Delamare, 3033 - Cidade Nova Heliópolis", "Região": "Sul", "Extensão (m)": null, "Trecho (Recap)": null, "lon": -46.582137133428006, "lat": -23.610568081866933 }, "geometry": { "type": "Point", "coordinates": [ -46.582137133428006, -23.610568081866933 ] } },
{ "type": "Feature", "properties": { "Ano": 2024.0, "Nota Empenho": "98196/2024", "Nota Reserva": "61130/2024", "Ata CMDP": null, "Processo SEI": 6018202400001610.0, "Unidade": "SMS", "Função": "10 - SAÚDE", "Sub Função": "301 - ATENÇÃO BÁSICA", "Programa": "3003 - AÇÕES E SERVIÇOS DA SAÚDE EM ATENÇÃO BÁSICA, ESPECIALIDADES E VIGILÂNCIA", "Atividade": "1526 - AMPLIAÇÃO, REFORMA E REQUALIFICAÇÃO DE EQUIPAMENTOS DE ATENÇÃO BÁSICA E ESPECIALIDADES", "Sub Elemento Despesa": "Obras em Andamento - Uso Comum do Povo", "Item Despesa": "Hospitais e similares", "Observação Empenho": "SMS - CONTRATAÇÃO DE EMPRESA ESPECIALIZADA PARA A PRESTAÇÃO DE SERV. DE REPAROS, ADEQUAÇÕES PONTUAIS E PEQUENOS SERV. DE ENG. NOS PRÉDIOS OCUPADOS PELA SMS, COM FORNEC. DE MATERIAL E MÃO-DE-OBRA – LOTE 01 - UBS DR. JOSÉ DE BARROS MAGALDI -EXERCÍCIO 2024.", "Contrato": "25582/2024", "Credor Nome": "ALMEIDA SAPATA ENGENHARIA E CONSTRUCOES LTDA", "Valor Empenho": 2137459.51, "Valor Empenho Cancelado": 636368.83, "Valor Empenho Líquido": 1501090.68, "Valor Empenho Liquidado": 1448380.12, "Valor Empenho Pago": 619501.78, "Equipamento 1": "Unidade de Saúde", "Equipamento 2": "UBS Dr. José de Barros Magaldi", "Endereço": "R. Salvador Cardoso, 177 - Itaim Bibi", "Região": "Oeste", "Extensão (m)": null, "Trecho (Recap)": null, "lon": -46.685314539156202, "lat": -23.587331277439382 }, "geometry": { "type": "Point", "coordinates": [ -46.685314539156202, -23.587331277439382 ] } },
{ "type": "Feature", "properties": { "Ano": 2024.0, "Nota Empenho": "98633/2024", "Nota Reserva": "61136/2024", "Ata CMDP": null, "Processo SEI": 6018202400037649.0, "Unidade": "SMS", "Função": "10 - SAÚDE", "Sub Função": "301 - ATENÇÃO BÁSICA", "Programa": "3003 - AÇÕES E SERVIÇOS DA SAÚDE EM ATENÇÃO BÁSICA, ESPECIALIDADES E VIGILÂNCIA", "Atividade": "1526 - AMPLIAÇÃO, REFORMA E REQUALIFICAÇÃO DE EQUIPAMENTOS DE ATENÇÃO BÁSICA E ESPECIALIDADES", "Sub Elemento Despesa": "Obras em Andamento - Uso Comum do Povo", "Item Despesa": "Hospitais e similares", "Observação Empenho": "SMS - CONTRATAÇÃO DE OBRA DE MANUTENÇÃO DA AMA/UBS VILA SÔNIA - EXERCÍCIO 2024.", "Contrato": "25788/2024", "Credor Nome": "ALMEIDA SAPATA ENGENHARIA E CONSTRUCOES LTDA", "Valor Empenho": 3435692.71, "Valor Empenho Cancelado": 2133808.33, "Valor Empenho Líquido": 1301884.38, "Valor Empenho Liquidado": 1301883.99, "Valor Empenho Pago": 813722.59, "Equipamento 1": "Unidade de Saúde", "Equipamento 2": "AMA/UBS Vila Sonia", "Endereço": "R. Abrão Calil Rezek, 91 - Vila Sonia", "Região": "Oeste", "Extensão (m)": null, "Trecho (Recap)": null, "lon": -46.734653254634082, "lat": -23.598085849761279 }, "geometry": { "type": "Point", "coordinates": [ -46.734653254634082, -23.598085849761279 ] } },
{ "type": "Feature", "properties": { "Ano": 2024.0, "Nota Empenho": "98637/2024", "Nota Reserva": "61144/2024", "Ata CMDP": null, "Processo SEI": 6018202400048055.0, "Unidade": "SMS", "Função": "10 - SAÚDE", "Sub Função": "301 - ATENÇÃO BÁSICA", "Programa": "3003 - AÇÕES E SERVIÇOS DA SAÚDE EM ATENÇÃO BÁSICA, ESPECIALIDADES E VIGILÂNCIA", "Atividade": "1526 - AMPLIAÇÃO, REFORMA E REQUALIFICAÇÃO DE EQUIPAMENTOS DE ATENÇÃO BÁSICA E ESPECIALIDADES", "Sub Elemento Despesa": "Obras em Andamento - Uso Comum do Povo", "Item Despesa": "Hospitais e similares", "Observação Empenho": "SMS - CONTRATAÇÃO DE EMPRESA ESPEC. P/ PREST. DE SERV. DE REPAROS, ADEQUAÇÕES PONTUAIS E PEQUENOS SERV. DE ENGENHARIA NOS PRÉDIOS OCUPADOS PELA SMS, COM FORNEC. DE MATERIAL E MÃO-DE-OBRA – LOTE 01 – CENTRO/OESTE - AMA/UBS VILA PIAUÍ. – EXERCÍCIO DE 2024.", "Contrato": "25791/2024", "Credor Nome": "ALMEIDA SAPATA ENGENHARIA E CONSTRUCOES LTDA", "Valor Empenho": 2088069.16, "Valor Empenho Cancelado": 1086495.3, "Valor Empenho Líquido": 1001573.86, "Valor Empenho Liquidado": 1001573.86, "Valor Empenho Pago": 368000.8, "Equipamento 1": "Unidade de Saúde", "Equipamento 2": "AMA/UBS Vila Piaui", "Endereço": "R. Flor da Cachoeira, 2 - Chácara São João", "Região": "Oeste", "Extensão (m)": null, "Trecho (Recap)": null, "lon": -46.761313174830434, "lat": -23.502224350779141 }, "geometry": { "type": "Point", "coordinates": [ -46.761313174830434, -23.502224350779141 ] } },
{ "type": "Feature", "properties": { "Ano": 2024.0, "Nota Empenho": "98638/2024", "Nota Reserva": "61134/2024", "Ata CMDP": null, "Processo SEI": 6018202400623440.0, "Unidade": "SMS", "Função": "10 - SAÚDE", "Sub Função": "301 - ATENÇÃO BÁSICA", "Programa": "3003 - AÇÕES E SERVIÇOS DA SAÚDE EM ATENÇÃO BÁSICA, ESPECIALIDADES E VIGILÂNCIA", "Atividade": "1526 - AMPLIAÇÃO, REFORMA E REQUALIFICAÇÃO DE EQUIPAMENTOS DE ATENÇÃO BÁSICA E ESPECIALIDADES", "Sub Elemento Despesa": "Obras em Andamento - Uso Comum do Povo", "Item Despesa": "Hospitais e similares", "Observação Empenho": "SMS - CONTRATAÇÃO DE OBRA DE MANUTENÇÃO DA AMA/UBS PAULO VI - EXERCÍCIO 2024.", "Contrato": "25792/2024", "Credor Nome": "ALMEIDA SAPATA ENGENHARIA E CONSTRUCOES LTDA", "Valor Empenho": 3374045.63, "Valor Empenho Cancelado": 2506346.23, "Valor Empenho Líquido": 867699.4, "Valor Empenho Liquidado": 867696.91, "Valor Empenho Pago": 176345.4, "Equipamento 1": "Unidade de Saúde", "Equipamento 2": "AMA/UBS Paulo VI", "Endereço": "R. Vaticano, 155 - Jardim Joao XXIII", "Região": "Oeste", "Extensão (m)": null, "Trecho (Recap)": null, "lon": -46.795201424858689, "lat": -23.601969249828912 }, "geometry": { "type": "Point", "coordinates": [ -46.795201424858689, -23.601969249828912 ] } },
{ "type": "Feature", "properties": { "Ano": 2024.0, "Nota Empenho": "98685/2024", "Nota Reserva": "61215/2024", "Ata CMDP": null, "Processo SEI": 6018202400343057.0, "Unidade": "SMS", "Função": "10 - SAÚDE", "Sub Função": "301 - ATENÇÃO BÁSICA", "Programa": "3003 - AÇÕES E SERVIÇOS DA SAÚDE EM ATENÇÃO BÁSICA, ESPECIALIDADES E VIGILÂNCIA", "Atividade": "1526 - AMPLIAÇÃO, REFORMA E REQUALIFICAÇÃO DE EQUIPAMENTOS DE ATENÇÃO BÁSICA E ESPECIALIDADES", "Sub Elemento Despesa": "Obras em Andamento - Uso Comum do Povo", "Item Despesa": "Hospitais e similares", "Observação Empenho": "SMS - CONT. DE EMPRESA ESPEC. P/ PREST. DE SERV. DE REPAROS, ADEQ. PONTUAIS E PEQUENOS SERV. DE ENG. NOS PRÉDIOS OCUPADOS PELA SMS, COM FORNEC. DE MATERIAL E MÃO-DE-OBRA – LOTE 01 – CENTRO/OESTE - UBS JOSÉ MARCÍLIO MALTA CARDOSO.  – EXERCÍCIO DE 2024.", "Contrato": "25797/2024", "Credor Nome": "ALMEIDA SAPATA ENGENHARIA E CONSTRUCOES LTDA", "Valor Empenho": 1868821.15, "Valor Empenho Cancelado": 1241553.85, "Valor Empenho Líquido": 627267.3, "Valor Empenho Liquidado": 627265.9, "Valor Empenho Pago": 106581.02, "Equipamento 1": "Unidade de Saúde", "Equipamento 2": "UBS Jose Marcílio Malta Cardoso", "Endereço": "R. Dr. Bernardo Guertzenstein, 45 - Jardim Sarah", "Região": "Oeste", "Extensão (m)": null, "Trecho (Recap)": null, "lon": -46.761100133389412, "lat": -23.572762092442609 }, "geometry": { "type": "Point", "coordinates": [ -46.761100133389412, -23.572762092442609 ] } },
{ "type": "Feature", "properties": { "Ano": 2024.0, "Nota Empenho": "98748/2024", "Nota Reserva": "61170/2024", "Ata CMDP": null, "Processo SEI": 6018202400024342.0, "Unidade": "SMS", "Função": "10 - SAÚDE", "Sub Função": "301 - ATENÇÃO BÁSICA", "Programa": "3003 - AÇÕES E SERVIÇOS DA SAÚDE EM ATENÇÃO BÁSICA, ESPECIALIDADES E VIGILÂNCIA", "Atividade": "1526 - AMPLIAÇÃO, REFORMA E REQUALIFICAÇÃO DE EQUIPAMENTOS DE ATENÇÃO BÁSICA E ESPECIALIDADES", "Sub Elemento Despesa": "Obras em Andamento - Uso Comum do Povo", "Item Despesa": "Hospitais e similares", "Observação Empenho": "SMS - CONTRATAÇÃO DE OBRA DE MANUTENÇÃO UBS CASA VERDE ALTA - EXERCÍCIO 2024.", "Contrato": "25844/2024", "Credor Nome": "B & B ENGENHARIA E CONSTRUCOES LTDA", "Valor Empenho": 1520646.45, "Valor Empenho Cancelado": 455042.26, "Valor Empenho Líquido": 1065604.19, "Valor Empenho Liquidado": 1060168.12, "Valor Empenho Pago": 786966.75, "Equipamento 1": "Unidade de Saúde", "Equipamento 2": "UBS Casa Verde Alta", "Endereço": "R. Lavinio Salles Arcuri, 120 - Casa Verde Alta", "Região": "Norte", "Extensão (m)": null, "Trecho (Recap)": null, "lon": -46.664702651731616, "lat": -23.48869501485116 }, "geometry": { "type": "Point", "coordinates": [ -46.664702651731616, -23.48869501485116 ] } },
{ "type": "Feature", "properties": { "Ano": 2024.0, "Nota Empenho": "98760/2024", "Nota Reserva": "61172/2024", "Ata CMDP": null, "Processo SEI": 6018202400024377.0, "Unidade": "SMS", "Função": "10 - SAÚDE", "Sub Função": "301 - ATENÇÃO BÁSICA", "Programa": "3003 - AÇÕES E SERVIÇOS DA SAÚDE EM ATENÇÃO BÁSICA, ESPECIALIDADES E VIGILÂNCIA", "Atividade": "1526 - AMPLIAÇÃO, REFORMA E REQUALIFICAÇÃO DE EQUIPAMENTOS DE ATENÇÃO BÁSICA E ESPECIALIDADES", "Sub Elemento Despesa": "Obras em Andamento - Uso Comum do Povo", "Item Despesa": "Hospitais e similares", "Observação Empenho": "SMS - CONTRATAÇÃO DE OBRA DE MANUTENÇÃO AMA/UBS VILA BARBOSA - EXERCÍCIO 2024.", "Contrato": "25852/2024", "Credor Nome": "B & B ENGENHARIA E CONSTRUCOES LTDA", "Valor Empenho": 1983113.41, "Valor Empenho Cancelado": 594664.52, "Valor Empenho Líquido": 1388448.89, "Valor Empenho Liquidado": 1384408.35, "Valor Empenho Pago": 1007878.19, "Equipamento 1": "Unidade de Saúde", "Equipamento 2": "AMA / UBS Integrada Vila Barbosa", "Endereço": "Av. Mandaqui, 197 - Limão", "Região": "Norte", "Extensão (m)": null, "Trecho (Recap)": null, "lon": -46.670591645953031, "lat": -23.505243378831679 }, "geometry": { "type": "Point", "coordinates": [ -46.670591645953031, -23.505243378831679 ] } },
{ "type": "Feature", "properties": { "Ano": 2024.0, "Nota Empenho": "98771/2024", "Nota Reserva": "61162/2024", "Ata CMDP": null, "Processo SEI": 6018202400080633.0, "Unidade": "SMS", "Função": "10 - SAÚDE", "Sub Função": "301 - ATENÇÃO BÁSICA", "Programa": "3003 - AÇÕES E SERVIÇOS DA SAÚDE EM ATENÇÃO BÁSICA, ESPECIALIDADES E VIGILÂNCIA", "Atividade": "1526 - AMPLIAÇÃO, REFORMA E REQUALIFICAÇÃO DE EQUIPAMENTOS DE ATENÇÃO BÁSICA E ESPECIALIDADES", "Sub Elemento Despesa": "Obras em Andamento - Uso Comum do Povo", "Item Despesa": "Hospitais e similares", "Observação Empenho": "SMS - CONTRATAÇÃO DE EMPRESA ESPEC. P/ PREST. DE SERV. DE REPAROS, ADEQ. PONTUAIS E PEQUENOS SERV. DE ENG. NOS PRÉDIOS OCUPADOS PELA SMS, COM FORNEC. DE MATERIAL E MÃO-DE-OBRA – LOTE 01 – CENTRO/OESTE - UBS DR. MANOEL JOAQUIM PÊRA. – EXERCÍCIO DE 2024.", "Contrato": "25857/2024", "Credor Nome": "ALMEIDA SAPATA ENGENHARIA E CONSTRUCOES LTDA", "Valor Empenho": 857660.5, "Valor Empenho Cancelado": 380769.95, "Valor Empenho Líquido": 476890.55, "Valor Empenho Liquidado": 476889.67, "Valor Empenho Pago": 200441.89, "Equipamento 1": "Unidade de Saúde", "Equipamento 2": "UBS Dr. Manoel Joaquim Pera", "Endereço": "R. Purpurina, 280 - Vila Madalena", "Região": "Oeste", "Extensão (m)": null, "Trecho (Recap)": null, "lon": -46.691105762519726, "lat": -23.55370379665213 }, "geometry": { "type": "Point", "coordinates": [ -46.691105762519726, -23.55370379665213 ] } },
{ "type": "Feature", "properties": { "Ano": 2024.0, "Nota Empenho": "98777/2024", "Nota Reserva": "61224/2024", "Ata CMDP": null, "Processo SEI": 6018202400024393.0, "Unidade": "SMS", "Função": "10 - SAÚDE", "Sub Função": "301 - ATENÇÃO BÁSICA", "Programa": "3003 - AÇÕES E SERVIÇOS DA SAÚDE EM ATENÇÃO BÁSICA, ESPECIALIDADES E VIGILÂNCIA", "Atividade": "1526 - AMPLIAÇÃO, REFORMA E REQUALIFICAÇÃO DE EQUIPAMENTOS DE ATENÇÃO BÁSICA E ESPECIALIDADES", "Sub Elemento Despesa": "Obras em Andamento - Uso Comum do Povo", "Item Despesa": "Hospitais e similares", "Observação Empenho": "SMS - CONTRATAÇÃO DE OBRA DE MANUTENÇÃO DA UBS DR. WALTER ELIAS - EXERCÓICIO 2024.", "Contrato": "25860/2024", "Credor Nome": "B & B ENGENHARIA E CONSTRUCOES LTDA", "Valor Empenho": 1938463.48, "Valor Empenho Cancelado": 577646.4, "Valor Empenho Líquido": 1360817.08, "Valor Empenho Liquidado": 1358007.97, "Valor Empenho Pago": 1107526.88, "Equipamento 1": "Unidade de Saúde", "Equipamento 2": "UBS/AE/CEO Dr. Walter Elias", "Endereço": "R. Mourão Vieira, 11", "Região": "Norte", "Extensão (m)": null, "Trecho (Recap)": null, "lon": -46.664095158869443, "lat": -23.509447676887881 }, "geometry": { "type": "Point", "coordinates": [ -46.664095158869443, -23.509447676887881 ] } },
{ "type": "Feature", "properties": { "Ano": 2024.0, "Nota Empenho": "98797/2024", "Nota Reserva": "61204/2024", "Ata CMDP": null, "Processo SEI": 6018202400031470.0, "Unidade": "SMS", "Função": "10 - SAÚDE", "Sub Função": "301 - ATENÇÃO BÁSICA", "Programa": "3003 - AÇÕES E SERVIÇOS DA SAÚDE EM ATENÇÃO BÁSICA, ESPECIALIDADES E VIGILÂNCIA", "Atividade": "1526 - AMPLIAÇÃO, REFORMA E REQUALIFICAÇÃO DE EQUIPAMENTOS DE ATENÇÃO BÁSICA E ESPECIALIDADES", "Sub Elemento Despesa": "Obras em Andamento - Uso Comum do Povo", "Item Despesa": "Hospitais e similares", "Observação Empenho": "SMS - CONTRATAÇÃO DE OBRA DE MANUTENÇÃO DA UBS VILA ALBERTINA - EXERCÍCIO 2024.", "Contrato": "25872/2024", "Credor Nome": "B & B ENGENHARIA E CONSTRUCOES LTDA", "Valor Empenho": 1238042.9, "Valor Empenho Cancelado": 370859.66, "Valor Empenho Líquido": 867183.24, "Valor Empenho Liquidado": 866003.54, "Valor Empenho Pago": 681334.15, "Equipamento 1": "Unidade de Saúde", "Equipamento 2": "UBS Vila Albertina - Dr. Osvaldo Marçal", "Endereço": "R. Antônio Joaquim de Oliveira, 220", "Região": "Norte", "Extensão (m)": null, "Trecho (Recap)": null, "lon": -46.61024772593391, "lat": -23.44910633005674 }, "geometry": { "type": "Point", "coordinates": [ -46.61024772593391, -23.44910633005674 ] } },
{ "type": "Feature", "properties": { "Ano": 2024.0, "Nota Empenho": "98798/2024", "Nota Reserva": "61160/2024", "Ata CMDP": null, "Processo SEI": 6018202400183653.0, "Unidade": "SMS", "Função": "10 - SAÚDE", "Sub Função": "301 - ATENÇÃO BÁSICA", "Programa": "3003 - AÇÕES E SERVIÇOS DA SAÚDE EM ATENÇÃO BÁSICA, ESPECIALIDADES E VIGILÂNCIA", "Atividade": "1526 - AMPLIAÇÃO, REFORMA E REQUALIFICAÇÃO DE EQUIPAMENTOS DE ATENÇÃO BÁSICA E ESPECIALIDADES", "Sub Elemento Despesa": "Obras em Andamento - Uso Comum do Povo", "Item Despesa": "Hospitais e similares", "Observação Empenho": "SMS – CONT. DE EMPRESA ESPEC. P/ PREST. DE SERV. DE REPAROS, ADEQ. PONTUAIS E PEQ. SERV. DE ENG. NOS PRÉDIOS OCUP. PELA SMS, COM FORNEC. DE MATERIAL E MÃO-DE-OBRA – LOTE 01– CENTRO/OESTE - UBS VILA DALVA - ENG. GUILHERME H. P. COELHO. – EXERCÍCIO DE 2024.", "Contrato": "25870/2024", "Credor Nome": "ALMEIDA SAPATA ENGENHARIA E CONSTRUCOES LTDA", "Valor Empenho": 1024998.97, "Valor Empenho Cancelado": 567993.12, "Valor Empenho Líquido": 457005.85, "Valor Empenho Liquidado": 456990.36, "Valor Empenho Pago": 225928.33, "Equipamento 1": "Unidade de Saúde", "Equipamento 2": "UBS Engenheiro Guilherme Henrique H. P. Coelho", "Endereço": "Av. Gustavo Berthier, 155", "Região": "Oeste", "Extensão (m)": null, "Trecho (Recap)": null, "lon": -46.765107238735972, "lat": -23.56359398176529 }, "geometry": { "type": "Point", "coordinates": [ -46.765107238735972, -23.56359398176529 ] } },
{ "type": "Feature", "properties": { "Ano": 2024.0, "Nota Empenho": "98819/2024", "Nota Reserva": "61177/2024", "Ata CMDP": null, "Processo SEI": 6018202400021360.0, "Unidade": "SMS", "Função": "10 - SAÚDE", "Sub Função": "301 - ATENÇÃO BÁSICA", "Programa": "3003 - AÇÕES E SERVIÇOS DA SAÚDE EM ATENÇÃO BÁSICA, ESPECIALIDADES E VIGILÂNCIA", "Atividade": "1526 - AMPLIAÇÃO, REFORMA E REQUALIFICAÇÃO DE EQUIPAMENTOS DE ATENÇÃO BÁSICA E ESPECIALIDADES", "Sub Elemento Despesa": "Obras em Andamento - Uso Comum do Povo", "Item Despesa": "Hospitais e similares", "Observação Empenho": "SMS - CONTRATAÇÃO DE EMPRESA ESPEC. P/ PREST. DE SERV. DE REPAROS, ADEQ. PONTUAIS E PEQUENOS SERV. DE ENG. NOS PRÉDIOS OCUPADOS PELA SMS, COM FORNEC. DE MATERIAL E MÃO-DE-OBRA – LOTE 04 – NORTE 1 - UBS FATIMA DE JESUS VIANA ROSA. – EXERCÍCIO DE 2024.", "Contrato": "25886/2024", "Credor Nome": "CODIGO ENGENHARIA E CONSTRUCOES LTDA", "Valor Empenho": 2912384.5, "Valor Empenho Cancelado": 827158.29, "Valor Empenho Líquido": 2085226.21, "Valor Empenho Liquidado": 977958.91, "Valor Empenho Pago": 977958.91, "Equipamento 1": "Unidade de Saúde", "Equipamento 2": "UBS Vila Penteado", "Endereço": "R. Urupeva, 219 - Vila Penteado", "Região": "Norte", "Extensão (m)": null, "Trecho (Recap)": null, "lon": -46.680683379653239, "lat": -23.466955748127948 }, "geometry": { "type": "Point", "coordinates": [ -46.680683379653239, -23.466955748127948 ] } },
{ "type": "Feature", "properties": { "Ano": 2024.0, "Nota Empenho": "98826/2024", "Nota Reserva": "61180/2024", "Ata CMDP": null, "Processo SEI": 6018202400574091.0, "Unidade": "SMS", "Função": "10 - SAÚDE", "Sub Função": "301 - ATENÇÃO BÁSICA", "Programa": "3003 - AÇÕES E SERVIÇOS DA SAÚDE EM ATENÇÃO BÁSICA, ESPECIALIDADES E VIGILÂNCIA", "Atividade": "1526 - AMPLIAÇÃO, REFORMA E REQUALIFICAÇÃO DE EQUIPAMENTOS DE ATENÇÃO BÁSICA E ESPECIALIDADES", "Sub Elemento Despesa": "Obras em Andamento - Uso Comum do Povo", "Item Despesa": "Hospitais e similares", "Observação Empenho": "SMS - CONTRATAÇÃO DE OBRA DE MANUTENÇÃO DA AMA/UBS JARDIM LADEIRA ROSA - EXERCÍCIO 2024.", "Contrato": "25887/2024", "Credor Nome": "CODIGO ENGENHARIA E CONSTRUCOES LTDA", "Valor Empenho": 3447874.27, "Valor Empenho Cancelado": 574982.28, "Valor Empenho Líquido": 2872891.99, "Valor Empenho Liquidado": 2872891.99, "Valor Empenho Pago": 2794865.26, "Equipamento 1": "Unidade de Saúde", "Equipamento 2": "AMA/UBS Jardim Ladeira Rosa", "Endereço": "R. José da Costa Gavião, 150", "Região": "Norte", "Extensão (m)": null, "Trecho (Recap)": null, "lon": -46.673383268601789, "lat": -23.460846244672936 }, "geometry": { "type": "Point", "coordinates": [ -46.673383268601789, -23.460846244672936 ] } },
{ "type": "Feature", "properties": { "Ano": 2024.0, "Nota Empenho": "98837/2024", "Nota Reserva": "61178/2024", "Ata CMDP": null, "Processo SEI": 6018202400022838.0, "Unidade": "SMS", "Função": "10 - SAÚDE", "Sub Função": "301 - ATENÇÃO BÁSICA", "Programa": "3003 - AÇÕES E SERVIÇOS DA SAÚDE EM ATENÇÃO BÁSICA, ESPECIALIDADES E VIGILÂNCIA", "Atividade": "1526 - AMPLIAÇÃO, REFORMA E REQUALIFICAÇÃO DE EQUIPAMENTOS DE ATENÇÃO BÁSICA E ESPECIALIDADES", "Sub Elemento Despesa": "Obras em Andamento - Uso Comum do Povo", "Item Despesa": "Hospitais e similares", "Observação Empenho": "SMS - CONTRATAÇÃO DE EMPRESA ESPEC. P/ PREST. DE SERV. DE REPAROS, ADEQ. PONTUAIS E PEQUENOS SERV. DE ENG. NOS PRÉDIOS OCUPADOS PELA SMS, COM FORNEC. DE MATERIAL E MÃO-DE-OBRA – LOTE 04 – NORTE 1 - UBS AUGUSTO LEOPOLDO AYROSA GALVAO. – EXERCÍCIO DE 2024.", "Contrato": "25891/2024", "Credor Nome": "CODIGO ENGENHARIA E CONSTRUCOES LTDA", "Valor Empenho": 1616111.07, "Valor Empenho Cancelado": 0.0, "Valor Empenho Líquido": 1616111.07, "Valor Empenho Liquidado": 1611410.98, "Valor Empenho Pago": 1243722.0, "Equipamento 1": "Unidade de Saúde", "Equipamento 2": "UBS Augusto Leopoldo Ayroso Galvao", "Endereço": "R. Joaquina Maria dos Santos, 198 - Vila Rica", "Região": "Norte", "Extensão (m)": null, "Trecho (Recap)": null, "lon": -46.673818438829407, "lat": -23.46824740069043 }, "geometry": { "type": "Point", "coordinates": [ -46.673818438829407, -23.46824740069043 ] } },
{ "type": "Feature", "properties": { "Ano": 2024.0, "Nota Empenho": "98841/2024", "Nota Reserva": "61150/2024", "Ata CMDP": null, "Processo SEI": 6018202400106373.0, "Unidade": "SMS", "Função": "10 - SAÚDE", "Sub Função": "301 - ATENÇÃO BÁSICA", "Programa": "3003 - AÇÕES E SERVIÇOS DA SAÚDE EM ATENÇÃO BÁSICA, ESPECIALIDADES E VIGILÂNCIA", "Atividade": "1526 - AMPLIAÇÃO, REFORMA E REQUALIFICAÇÃO DE EQUIPAMENTOS DE ATENÇÃO BÁSICA E ESPECIALIDADES", "Sub Elemento Despesa": "Obras em Andamento - Uso Comum do Povo", "Item Despesa": "Hospitais e similares", "Observação Empenho": "SMS - CONTRATAÇÃO DE OBRA DE MANUTENÇÃO DA UBS CAXINGUI - EXERCÍCIO 2024.", "Contrato": "25895/2024", "Credor Nome": "ALMEIDA SAPATA ENGENHARIA E CONSTRUCOES LTDA", "Valor Empenho": 733861.2, "Valor Empenho Cancelado": 509159.93, "Valor Empenho Líquido": 224701.27, "Valor Empenho Liquidado": 224690.73, "Valor Empenho Pago": 105912.05, "Equipamento 1": "Unidade de Saúde", "Equipamento 2": "UBS Caxingui - Nanci Abranches", "Endereço": "R. Ladislau Roman, 410 - Caxingui", "Região": "Oeste", "Extensão (m)": null, "Trecho (Recap)": null, "lon": -46.715995300643229, "lat": -23.577468661950487 }, "geometry": { "type": "Point", "coordinates": [ -46.715995300643229, -23.577468661950487 ] } },
{ "type": "Feature", "properties": { "Ano": 2024.0, "Nota Empenho": "98860/2024", "Nota Reserva": "61200/2024", "Ata CMDP": null, "Processo SEI": 6018202400415333.0, "Unidade": "SMS", "Função": "10 - SAÚDE", "Sub Função": "301 - ATENÇÃO BÁSICA", "Programa": "3003 - AÇÕES E SERVIÇOS DA SAÚDE EM ATENÇÃO BÁSICA, ESPECIALIDADES E VIGILÂNCIA", "Atividade": "1526 - AMPLIAÇÃO, REFORMA E REQUALIFICAÇÃO DE EQUIPAMENTOS DE ATENÇÃO BÁSICA E ESPECIALIDADES", "Sub Elemento Despesa": "Obras em Andamento - Uso Comum do Povo", "Item Despesa": "Hospitais e similares", "Observação Empenho": "SMS - CONTRATAÇÃO DE EMPRESA ESPEC. P/ PREST. DE SERV. DE REPAROS, ADEQ. PONTUAIS E PEQUENOS SERV. DE ENG. NOS PRÉDIOS OCUPADOS PELA SMS, COM FORNEC. DE MATERIAL E MÃO-DE-OBRA – LOTE 08 - SUL 1 - UBS JARDIM PARANAPANEMA. – EXERCÍCIO DE 2024.", "Contrato": "25901/2024", "Credor Nome": "HE ENGENHARIA  COMÉRCIO E REPRESENTAÇÕES LTDA", "Valor Empenho": 599999.83, "Valor Empenho Cancelado": 0.0, "Valor Empenho Líquido": 599999.83, "Valor Empenho Liquidado": 599995.43, "Valor Empenho Pago": 240889.9, "Equipamento 1": "Unidade de Saúde", "Equipamento 2": "UBS Jardim Paranapanema", "Endereço": "R. Pietro da Milano, 100 - Parque Independencia", "Região": "Sul", "Extensão (m)": null, "Trecho (Recap)": null, "lon": -46.780395925247078, "lat": -23.683175869312983 }, "geometry": { "type": "Point", "coordinates": [ -46.780395925247078, -23.683175869312983 ] } },
{ "type": "Feature", "properties": { "Ano": 2024.0, "Nota Empenho": "98877/2024", "Nota Reserva": "61141/2024", "Ata CMDP": null, "Processo SEI": 6018202400052923.0, "Unidade": "SMS", "Função": "10 - SAÚDE", "Sub Função": "301 - ATENÇÃO BÁSICA", "Programa": "3003 - AÇÕES E SERVIÇOS DA SAÚDE EM ATENÇÃO BÁSICA, ESPECIALIDADES E VIGILÂNCIA", "Atividade": "1526 - AMPLIAÇÃO, REFORMA E REQUALIFICAÇÃO DE EQUIPAMENTOS DE ATENÇÃO BÁSICA E ESPECIALIDADES", "Sub Elemento Despesa": "Obras em Andamento - Uso Comum do Povo", "Item Despesa": "Hospitais e similares", "Observação Empenho": "SMS - CONTRATAÇÃO DE EMPRESA ESPECIALIZADA PARA A PRESTAÇÃO DE SERVIÇOS DE REPAROS, ADEQUAÇÕES PONTUAIS E PEQUENOS SERVIÇOS DE ENGENHARIA – LOTE 01 – CENTRO/OESTE - UBS VILA JAGUARA  -EXERCÍCIO 2024.", "Contrato": "25909/2024", "Credor Nome": "ALMEIDA SAPATA ENGENHARIA E CONSTRUCOES LTDA", "Valor Empenho": 971291.33, "Valor Empenho Cancelado": 506626.44, "Valor Empenho Líquido": 464664.89, "Valor Empenho Liquidado": 464663.49, "Valor Empenho Pago": 235597.2, "Equipamento 1": "Unidade de Saúde", "Equipamento 2": "UBS Vila Jaguara", "Endereço": "Rua Paúva, 721 - Vila Jaguara", "Região": "Norte", "Extensão (m)": null, "Trecho (Recap)": null, "lon": -46.747244950571016, "lat": -23.507810973638644 }, "geometry": { "type": "Point", "coordinates": [ -46.747244950571016, -23.507810973638644 ] } },
{ "type": "Feature", "properties": { "Ano": 2024.0, "Nota Empenho": "98921/2024", "Nota Reserva": "61175/2024", "Ata CMDP": null, "Processo SEI": 6018202400686507.0, "Unidade": "SMS", "Função": "10 - SAÚDE", "Sub Função": "301 - ATENÇÃO BÁSICA", "Programa": "3003 - AÇÕES E SERVIÇOS DA SAÚDE EM ATENÇÃO BÁSICA, ESPECIALIDADES E VIGILÂNCIA", "Atividade": "1526 - AMPLIAÇÃO, REFORMA E REQUALIFICAÇÃO DE EQUIPAMENTOS DE ATENÇÃO BÁSICA E ESPECIALIDADES", "Sub Elemento Despesa": "Obras em Andamento - Uso Comum do Povo", "Item Despesa": "Hospitais e similares", "Observação Empenho": "SMS - CONTRATAÇÃO DE EMPRESA ESPECIALIZADA PARA A PRESTAÇÃO DE SERVIÇOS DE REPAROS, ADEQUAÇÕES PONTUAIS E PEQUENOS SERVIÇOS DE ENGENHARIA – LOTE 05 – NORTE 2 – UBS JARDIM JAPÃO – EXERCÍCIO 2024.", "Contrato": "25929/2024", "Credor Nome": "B & B ENGENHARIA E CONSTRUCOES LTDA", "Valor Empenho": 1370789.07, "Valor Empenho Cancelado": 198353.39, "Valor Empenho Líquido": 1172435.68, "Valor Empenho Liquidado": 1171932.83, "Valor Empenho Pago": 1024324.78, "Equipamento 1": "Unidade de Saúde", "Equipamento 2": "UBS Jardim Japão", "Endereço": "R. Sobral Júnior, 452 - Vila Maria Alta", "Região": "Norte", "Extensão (m)": null, "Trecho (Recap)": null, "lon": -46.588819467401386, "lat": -23.502617703998759 }, "geometry": { "type": "Point", "coordinates": [ -46.588819467401386, -23.502617703998759 ] } },
{ "type": "Feature", "properties": { "Ano": 2024.0, "Nota Empenho": "98940/2024", "Nota Reserva": "61174/2024", "Ata CMDP": null, "Processo SEI": 6018202400686612.0, "Unidade": "SMS", "Função": "10 - SAÚDE", "Sub Função": "301 - ATENÇÃO BÁSICA", "Programa": "3003 - AÇÕES E SERVIÇOS DA SAÚDE EM ATENÇÃO BÁSICA, ESPECIALIDADES E VIGILÂNCIA", "Atividade": "1526 - AMPLIAÇÃO, REFORMA E REQUALIFICAÇÃO DE EQUIPAMENTOS DE ATENÇÃO BÁSICA E ESPECIALIDADES", "Sub Elemento Despesa": "Obras em Andamento - Uso Comum do Povo", "Item Despesa": "Hospitais e similares", "Observação Empenho": "SMS - CONTRATAÇÃO DE EMPRESA ESPECIALIZADA PARA A PRESTAÇÃO DE SERVIÇOS DE REPAROS, ADEQUAÇÕES PONTUAIS E PEQUENOS SERVIÇOS DE ENGENHARIA – LOTE 05 – NORTE 2 – UBS CONJUNTO DO IPESP -EXERCÍCIO 2024.", "Contrato": "25935/2024", "Credor Nome": "B & B ENGENHARIA E CONSTRUCOES LTDA", "Valor Empenho": 1053562.01, "Valor Empenho Cancelado": 1053562.01, "Valor Empenho Líquido": 0.0, "Valor Empenho Liquidado": 0.0, "Valor Empenho Pago": 0.0, "Equipamento 1": "Unidade de Saúde", "Equipamento 2": "UBS Tremembé Conjunto IPESP", "Endereço": "Av. Prfa. Virgília Rodrigues Alves de Carvalho Pinto, 555 - Tucuruvi", "Região": "Norte", "Extensão (m)": null, "Trecho (Recap)": null, "lon": -46.604990911647043, "lat": -23.464983421651336 }, "geometry": { "type": "Point", "coordinates": [ -46.604990911647043, -23.464983421651336 ] } },
{ "type": "Feature", "properties": { "Ano": 2024.0, "Nota Empenho": "98952/2024", "Nota Reserva": "61165/2024", "Ata CMDP": null, "Processo SEI": 6018202400624200.0, "Unidade": "SMS", "Função": "10 - SAÚDE", "Sub Função": "301 - ATENÇÃO BÁSICA", "Programa": "3003 - AÇÕES E SERVIÇOS DA SAÚDE EM ATENÇÃO BÁSICA, ESPECIALIDADES E VIGILÂNCIA", "Atividade": "1526 - AMPLIAÇÃO, REFORMA E REQUALIFICAÇÃO DE EQUIPAMENTOS DE ATENÇÃO BÁSICA E ESPECIALIDADES", "Sub Elemento Despesa": "Obras em Andamento - Uso Comum do Povo", "Item Despesa": "Hospitais e similares", "Observação Empenho": "SMS - CONTRATAÇÃO DE EMPRESA ESPECIALIZADA PARA A PRESTAÇÃO DE SERVIÇOS DE REPAROS, ADEQUAÇÕES PONTUAIS E PEQUENOS SERVIÇOS DE ENGENHARIA – LOTE 01 – CENTRO/OESTE - UBS JARDIM JAQUELINE  -EXERCÍCIO 2024.", "Contrato": "25946/2024", "Credor Nome": "ALMEIDA SAPATA ENGENHARIA E CONSTRUCOES LTDA", "Valor Empenho": 2339992.98, "Valor Empenho Cancelado": 1434288.2, "Valor Empenho Líquido": 905704.78, "Valor Empenho Liquidado": 905703.62, "Valor Empenho Pago": 252759.64, "Equipamento 1": "Unidade de Saúde", "Equipamento 2": "UBS Jardim Jaqueline", "Endereço": "R. Bonifácio Veronese, 10 - Jardim Jaqueline", "Região": "Sul", "Extensão (m)": null, "Trecho (Recap)": null, "lon": -46.752280954006743, "lat": -23.591490525208325 }, "geometry": { "type": "Point", "coordinates": [ -46.752280954006743, -23.591490525208325 ] } },
{ "type": "Feature", "properties": { "Ano": 2024.0, "Nota Empenho": "99145/2024", "Nota Reserva": "61184/2024", "Ata CMDP": null, "Processo SEI": 6018202400573303.0, "Unidade": "SMS", "Função": "10 - SAÚDE", "Sub Função": "301 - ATENÇÃO BÁSICA", "Programa": "3003 - AÇÕES E SERVIÇOS DA SAÚDE EM ATENÇÃO BÁSICA, ESPECIALIDADES E VIGILÂNCIA", "Atividade": "1526 - AMPLIAÇÃO, REFORMA E REQUALIFICAÇÃO DE EQUIPAMENTOS DE ATENÇÃO BÁSICA E ESPECIALIDADES", "Sub Elemento Despesa": "Obras em Andamento - Uso Comum do Povo", "Item Despesa": "Hospitais e similares", "Observação Empenho": "SMS - CONTRATAÇÃO DE EMPRESA ESPECIALIZADA PARA A PRESTAÇÃO DE SERVIÇOS DE REPAROS, ADEQUAÇÕES PONTUAIS E PEQUENOS SERVIÇOS DE ENGENHARIA– LOTE 04 – NORTE 1 – UBS PQ NAÇÕES UNIDAS-  SEM TERRA  -EXERCÍCIO 2024.", "Contrato": "25987/2024", "Credor Nome": "CODIGO ENGENHARIA E CONSTRUCOES LTDA", "Valor Empenho": 1768062.07, "Valor Empenho Cancelado": 0.0, "Valor Empenho Líquido": 1768062.07, "Valor Empenho Liquidado": 1763446.1, "Valor Empenho Pago": 440021.22, "Equipamento 1": "Unidade de Saúde", "Equipamento 2": "UBS Sem Terra/Parque das Nações Unidas", "Endereço": "R. Aracy Rondon Amarante, 22 - Jardim Santa Lucrecia", "Região": "Norte", "Extensão (m)": null, "Trecho (Recap)": null, "lon": -46.743456367135117, "lat": -23.433077769301139 }, "geometry": { "type": "Point", "coordinates": [ -46.743456367135117, -23.433077769301139 ] } },
{ "type": "Feature", "properties": { "Ano": 2024.0, "Nota Empenho": "99818/2024", "Nota Reserva": "61128/2024", "Ata CMDP": null, "Processo SEI": 6018202400620727.0, "Unidade": "SMS", "Função": "10 - SAÚDE", "Sub Função": "301 - ATENÇÃO BÁSICA", "Programa": "3003 - AÇÕES E SERVIÇOS DA SAÚDE EM ATENÇÃO BÁSICA, ESPECIALIDADES E VIGILÂNCIA", "Atividade": "1526 - AMPLIAÇÃO, REFORMA E REQUALIFICAÇÃO DE EQUIPAMENTOS DE ATENÇÃO BÁSICA E ESPECIALIDADES", "Sub Elemento Despesa": "Obras em Andamento - Uso Comum do Povo", "Item Despesa": "Hospitais e similares", "Observação Empenho": "SMS - CONTRATAÇÃO DE EMPRESA ESPECIALIZADA PARA A PRESTAÇÃO DE SERVIÇOS DE REPAROS, ADEQUAÇÕES PONTUAIS E PEQUENOS SERVIÇOS DE ENGENHARIA – LOTE 02 – LESTE 1 – UBS ITAIM PAULISTA JULIO DE GOUVEIA  -EXERCÍCIO 2024.", "Contrato": "26128/2024", "Credor Nome": "CONSTRUTORA PROGREDIOR LTDA", "Valor Empenho": 1836285.8, "Valor Empenho Cancelado": 146824.55, "Valor Empenho Líquido": 1689461.25, "Valor Empenho Liquidado": 1620997.14, "Valor Empenho Pago": 1620997.14, "Equipamento 1": "Unidade de Saúde", "Equipamento 2": "UBS Itaim Paulista - Dr. Júlio de Gouveia", "Endereço": "Praça Major José Levy Sobrinho, 139 - Itaim Paulista", "Região": "Leste", "Extensão (m)": null, "Trecho (Recap)": null, "lon": -46.400525630612307, "lat": -23.494293933138323 }, "geometry": { "type": "Point", "coordinates": [ -46.400525630612307, -23.494293933138323 ] } },
{ "type": "Feature", "properties": { "Ano": 2024.0, "Nota Empenho": "99842/2024", "Nota Reserva": "61202/2024", "Ata CMDP": null, "Processo SEI": 6018202400130029.0, "Unidade": "SMS", "Função": "10 - SAÚDE", "Sub Função": "301 - ATENÇÃO BÁSICA", "Programa": "3003 - AÇÕES E SERVIÇOS DA SAÚDE EM ATENÇÃO BÁSICA, ESPECIALIDADES E VIGILÂNCIA", "Atividade": "1526 - AMPLIAÇÃO, REFORMA E REQUALIFICAÇÃO DE EQUIPAMENTOS DE ATENÇÃO BÁSICA E ESPECIALIDADES", "Sub Elemento Despesa": "Obras em Andamento - Uso Comum do Povo", "Item Despesa": "Hospitais e similares", "Observação Empenho": "SMS - CONTRATAÇÃO DE EMPRESA ESPECIALIZADA PARA A PRESTAÇÃO DE SERVIÇOS DE REPAROS, ADEQUAÇÕES PONTUAIS E PEQUENOS SERVIÇOS DE ENGENHARIA – LOTE 06 - SUDESTE 1 – AMA/UBS VILA ANTONIETA – EXERCÍCIO 2024.", "Contrato": "26132/2024", "Credor Nome": "CONSITEC  ENGENHARIA E TECNOLOGIA LTDA", "Valor Empenho": 1980753.86, "Valor Empenho Cancelado": 1330290.48, "Valor Empenho Líquido": 650463.38, "Valor Empenho Liquidado": 514658.09, "Valor Empenho Pago": 514658.09, "Equipamento 1": "Unidade de Saúde", "Equipamento 2": "AMA/UBS Vila Antonieta", "Endereço": "R. Cel. João de Oliveira Melo, 440 - Vila Antonieta", "Região": "Leste", "Extensão (m)": null, "Trecho (Recap)": null, "lon": -46.514422755077831, "lat": -23.562229523517004 }, "geometry": { "type": "Point", "coordinates": [ -46.514422755077831, -23.562229523517004 ] } }
]
}
